event_id,event_name,user_id,session_id,event_timestamp,country,device_type,platform,app_version,experiment_id,experiment_group,search_query,product_id,quantity,unit_price,order_id
E00000001,app_open,U00001,S0000001,2026-08-09 03:59:00,India,tablet,ios,1.0,recommendation_v2_test,control,,,,,
E00000002,app_open,U00001,S0000002,2026-08-10 10:33:00,India,tablet,ios,1.0,recommendation_v2_test,control,,,,,
E00000003,search,U00001,S0000002,2026-08-10 10:33:40,India,tablet,ios,1.0,recommendation_v2_test,control,sunscreen,,,,
E00000004,app_open,U00002,S0000003,2026-08-09 12:45:00,Germany,tablet,web,1.1,recommendation_v2_test,treatment,,,,,
E00000005,search,U00002,S0000003,2026-08-09 12:45:44,Germany,tablet,web,1.1,recommendation_v2_test,treatment,watch,,,,
E00000006,click,U00002,S0000003,2026-08-09 12:46:22,Germany,tablet,web,1.1,recommendation_v2_test,treatment,watch,P001,,,
E00000007,app_open,U00003,S0000004,2026-08-09 22:04:00,Germany,desktop,android,1.1,recommendation_v2_test,control,,,,,
E00000008,search,U00003,S0000004,2026-08-09 22:04:53,Germany,desktop,android,1.1,recommendation_v2_test,control,black tshirt,,,,
E00000009,app_open,U00003,S0000005,2026-08-05 15:14:00,Germany,desktop,android,1.1,recommendation_v2_test,control,,,,,
E00000010,search,U00003,S0000005,2026-08-05 15:14:28,Germany,desktop,android,1.1,recommendation_v2_test,control,sunscreen,,,,
E00000011,click,U00003,S0000005,2026-08-05 15:15:41,Germany,desktop,android,1.1,recommendation_v2_test,control,sunscreen,P005,,,
E00000012,add_to_cart,U00003,S0000005,2026-08-05 15:18:15,Germany,desktop,android,1.1,recommendation_v2_test,control,sunscreen,P005,1.0,541.01,
E00000013,purchase,U00003,S0000005,2026-08-05 15:22:33,Germany,desktop,android,1.1,recommendation_v2_test,control,sunscreen,P005,1.0,541.01,O0000001
E00000014,app_open,U00004,S0000006,2026-08-06 21:29:00,UK,mobile,android,1.1,recommendation_v2_test,control,,,,,
E00000015,search,U00004,S0000006,2026-08-06 21:29:53,UK,mobile,android,1.1,recommendation_v2_test,control,black tshirt,,,,
E00000016,app_open,U00004,S0000007,2026-08-02 05:46:00,UK,mobile,android,1.1,recommendation_v2_test,control,,,,,
E00000017,search,U00004,S0000007,2026-08-02 05:46:22,UK,mobile,android,1.1,recommendation_v2_test,control,running shoes,,,,
E00000018,click,U00004,S0000007,2026-08-02 05:46:55,UK,mobile,android,1.1,recommendation_v2_test,control,running shoes,P003,,,
E00000019,app_open,U00005,S0000008,2026-08-09 23:31:00,India,tablet,web,1.0,recommendation_v2_test,control,,,,,
E00000020,search,U00005,S0000008,2026-08-09 23:31:28,India,tablet,web,1.0,recommendation_v2_test,control,watch,,,,
E00000021,click,U00005,S0000008,2026-08-09 23:31:46,India,tablet,web,1.0,recommendation_v2_test,control,watch,P005,,,
E00000022,app_open,U00005,S0000009,2026-08-08 06:35:00,India,tablet,web,1.0,recommendation_v2_test,control,,,,,
E00000023,search,U00005,S0000009,2026-08-08 06:35:35,India,tablet,web,1.0,recommendation_v2_test,control,sunscreen,,,,
E00000024,app_open,U00006,S0000010,2026-08-08 04:02:00,Australia,mobile,ios,1.0,recommendation_v2_test,control,,,,,
E00000025,search,U00006,S0000010,2026-08-08 04:02:21,Australia,mobile,ios,1.0,recommendation_v2_test,control,watch,,,,
E00000026,click,U00006,S0000010,2026-08-08 04:04:12,Australia,mobile,ios,1.0,recommendation_v2_test,control,watch,P002,,,
E00000027,app_open,U00007,S0000011,2026-08-04 12:04:00,Australia,tablet,ios,1.1,recommendation_v2_test,control,,,,,
E00000028,search,U00007,S0000011,2026-08-04 12:04:23,Australia,tablet,ios,1.1,recommendation_v2_test,control,black tshirt,,,,
E00000029,click,U00007,S0000011,2026-08-04 12:05:26,Australia,tablet,ios,1.1,recommendation_v2_test,control,black tshirt,P006,,,
E00000030,app_open,U00007,S0000012,2026-08-09 05:21:00,Australia,tablet,ios,1.1,recommendation_v2_test,control,,,,,
E00000031,search,U00007,S0000012,2026-08-09 05:21:13,Australia,tablet,ios,1.1,recommendation_v2_test,control,black tshirt,,,,
E00000032,click,U00007,S0000012,2026-08-09 05:22:40,Australia,tablet,ios,1.1,recommendation_v2_test,control,black tshirt,P006,,,
E00000033,add_to_cart,U00007,S0000012,2026-08-09 05:24:03,Australia,tablet,ios,1.1,recommendation_v2_test,control,black tshirt,P006,1.0,3697.43,
E00000034,purchase,U00007,S0000012,2026-08-09 05:26:19,Australia,tablet,ios,1.1,recommendation_v2_test,control,black tshirt,P006,1.0,3697.43,O0000002
E00000035,app_open,U00008,S0000013,2026-08-11 22:29:00,Australia,mobile,ios,1.0,recommendation_v2_test,control,,,,,
E00000036,search,U00008,S0000013,2026-08-11 22:29:27,Australia,mobile,ios,1.0,recommendation_v2_test,control,watch,,,,
E00000037,app_open,U00008,S0000014,2026-08-12 08:14:00,Australia,mobile,ios,1.0,recommendation_v2_test,control,,,,,
E00000038,search,U00008,S0000014,2026-08-12 08:14:59,Australia,mobile,ios,1.0,recommendation_v2_test,control,running shoes,,,,
E00000039,click,U00008,S0000014,2026-08-12 08:16:23,Australia,mobile,ios,1.0,recommendation_v2_test,control,running shoes,P001,,,
E00000040,app_open,U00008,S0000015,2026-08-09 19:52:00,Australia,mobile,ios,1.0,recommendation_v2_test,control,,,,,
E00000041,search,U00008,S0000015,2026-08-09 19:52:35,Australia,mobile,ios,1.0,recommendation_v2_test,control,sports shoes,,,,
E00000042,click,U00008,S0000015,2026-08-09 19:52:42,Australia,mobile,ios,1.0,recommendation_v2_test,control,sports shoes,P005,,,
E00000043,app_open,U00009,S0000016,2026-08-12 06:54:00,Australia,desktop,android,1.1,recommendation_v2_test,control,,,,,
E00000044,search,U00009,S0000016,2026-08-12 06:54:51,Australia,desktop,android,1.1,recommendation_v2_test,control,sunscreen,,,,
E00000045,click,U00009,S0000016,2026-08-12 06:56:06,Australia,desktop,android,1.1,recommendation_v2_test,control,sunscreen,P003,,,
E00000046,app_open,U00009,S0000017,2026-08-05 22:27:00,Australia,desktop,android,1.1,recommendation_v2_test,control,,,,,
E00000047,search,U00009,S0000017,2026-08-05 22:27:55,Australia,desktop,android,1.1,recommendation_v2_test,control,running shoes,,,,
E00000048,app_open,U00010,S0000018,2026-08-06 12:08:00,UK,tablet,web,1.0,recommendation_v2_test,treatment,,,,,
E00000049,search,U00010,S0000018,2026-08-06 12:08:21,UK,tablet,web,1.0,recommendation_v2_test,treatment,black tshirt,,,,
E00000050,click,U00010,S0000018,2026-08-06 12:09:29,UK,tablet,web,1.0,recommendation_v2_test,treatment,black tshirt,P002,,,
E00000051,app_open,U00011,S0000019,2026-08-10 10:32:00,Australia,mobile,web,1.0,recommendation_v2_test,treatment,,,,,
E00000052,search,U00011,S0000019,2026-08-10 10:32:55,Australia,mobile,web,1.0,recommendation_v2_test,treatment,sunscreen,,,,
E00000053,app_open,U00012,S0000020,2026-08-10 05:16:00,UK,tablet,ios,1.0,recommendation_v2_test,control,,,,,
E00000054,search,U00012,S0000020,2026-08-10 05:16:53,UK,tablet,ios,1.0,recommendation_v2_test,control,sports shoes,,,,
E00000055,click,U00012,S0000020,2026-08-10 05:17:04,UK,tablet,ios,1.0,recommendation_v2_test,control,sports shoes,P004,,,
E00000056,add_to_cart,U00012,S0000020,2026-08-10 05:18:11,UK,tablet,ios,1.0,recommendation_v2_test,control,sports shoes,P004,1.0,1750.65,
E00000057,app_open,U00013,S0000021,2026-08-12 07:44:00,UK,tablet,ios,1.0,recommendation_v2_test,treatment,,,,,
E00000058,search,U00013,S0000021,2026-08-12 07:44:47,UK,tablet,ios,1.0,recommendation_v2_test,treatment,watch,,,,
E00000059,app_open,U00013,S0000022,2026-08-07 18:28:00,UK,tablet,ios,1.0,recommendation_v2_test,treatment,,,,,
E00000060,search,U00013,S0000022,2026-08-07 18:28:13,UK,tablet,ios,1.0,recommendation_v2_test,treatment,sports shoes,,,,
E00000061,click,U00013,S0000022,2026-08-07 18:29:32,UK,tablet,ios,1.0,recommendation_v2_test,treatment,sports shoes,P001,,,
E00000062,add_to_cart,U00013,S0000022,2026-08-07 18:30:18,UK,tablet,ios,1.0,recommendation_v2_test,treatment,sports shoes,P001,1.0,520.49,
E00000063,purchase,U00013,S0000022,2026-08-07 18:33:05,UK,tablet,ios,1.0,recommendation_v2_test,treatment,sports shoes,P001,1.0,520.49,O0000003
E00000064,app_open,U00013,S0000023,2026-08-09 07:24:00,UK,tablet,ios,1.0,recommendation_v2_test,treatment,,,,,
E00000065,search,U00013,S0000023,2026-08-09 07:24:58,UK,tablet,ios,1.0,recommendation_v2_test,treatment,black tshirt,,,,
E00000066,app_open,U00014,S0000024,2026-08-14 20:49:00,Germany,desktop,android,1.1,recommendation_v2_test,control,,,,,
E00000067,search,U00014,S0000024,2026-08-14 20:49:21,Germany,desktop,android,1.1,recommendation_v2_test,control,black tshirt,,,,
E00000068,click,U00014,S0000024,2026-08-14 20:50:00,Germany,desktop,android,1.1,recommendation_v2_test,control,black tshirt,P005,,,
E00000069,add_to_cart,U00014,S0000024,2026-08-14 20:52:16,Germany,desktop,android,1.1,recommendation_v2_test,control,black tshirt,P005,1.0,2324.97,
E00000070,app_open,U00015,S0000025,2026-08-11 04:11:00,Australia,mobile,android,1.0,recommendation_v2_test,treatment,,,,,
E00000071,app_open,U00015,S0000026,2026-08-04 04:36:00,Australia,mobile,android,1.0,recommendation_v2_test,treatment,,,,,
E00000072,app_open,U00016,S0000027,2026-08-09 00:04:00,Australia,mobile,web,1.0,recommendation_v2_test,treatment,,,,,
E00000073,search,U00016,S0000027,2026-08-09 00:04:07,Australia,mobile,web,1.0,recommendation_v2_test,treatment,sports shoes,,,,
E00000074,app_open,U00016,S0000028,2026-08-05 00:32:00,Australia,mobile,web,1.0,recommendation_v2_test,treatment,,,,,
E00000075,search,U00016,S0000028,2026-08-05 00:32:54,Australia,mobile,web,1.0,recommendation_v2_test,treatment,black tshirt,,,,
E00000076,click,U00016,S0000028,2026-08-05 00:34:08,Australia,mobile,web,1.0,recommendation_v2_test,treatment,black tshirt,P005,,,
E00000077,app_open,U00016,S0000029,2026-08-11 02:56:00,Australia,mobile,web,1.0,recommendation_v2_test,treatment,,,,,
E00000078,search,U00016,S0000029,2026-08-11 02:56:53,Australia,mobile,web,1.0,recommendation_v2_test,treatment,running shoes,,,,
E00000079,app_open,U00017,S0000030,2026-08-03 13:01:00,Australia,desktop,ios,1.0,recommendation_v2_test,treatment,,,,,
E00000080,search,U00017,S0000030,2026-08-03 13:01:14,Australia,desktop,ios,1.0,recommendation_v2_test,treatment,sunscreen,,,,
E00000081,click,U00017,S0000030,2026-08-03 13:02:11,Australia,desktop,ios,1.0,recommendation_v2_test,treatment,sunscreen,P002,,,
E00000082,add_to_cart,U00017,S0000030,2026-08-03 13:05:08,Australia,desktop,ios,1.0,recommendation_v2_test,treatment,sunscreen,P002,1.0,608.45,
E00000083,app_open,U00017,S0000031,2026-08-01 03:43:00,Australia,desktop,ios,1.0,recommendation_v2_test,treatment,,,,,
E00000084,app_open,U00018,S0000032,2026-08-02 03:23:00,India,mobile,web,1.1,recommendation_v2_test,treatment,,,,,
E00000085,search,U00018,S0000032,2026-08-02 03:23:22,India,mobile,web,1.1,recommendation_v2_test,treatment,watch,,,,
E00000086,click,U00018,S0000032,2026-08-02 03:23:54,India,mobile,web,1.1,recommendation_v2_test,treatment,watch,P003,,,
E00000087,add_to_cart,U00018,S0000032,2026-08-02 03:25:07,India,mobile,web,1.1,recommendation_v2_test,treatment,watch,P003,1.0,2110.66,
E00000088,purchase,U00018,S0000032,2026-08-02 03:27:45,India,mobile,web,1.1,recommendation_v2_test,treatment,watch,P003,1.0,2110.66,O0000004
E00000089,app_open,U00019,S0000033,2026-08-02 10:25:00,Australia,mobile,ios,1.1,recommendation_v2_test,control,,,,,
E00000090,search,U00019,S0000033,2026-08-02 10:25:48,Australia,mobile,ios,1.1,recommendation_v2_test,control,running shoes,,,,
E00000091,click,U00019,S0000033,2026-08-02 10:25:59,Australia,mobile,ios,1.1,recommendation_v2_test,control,running shoes,P003,,,
E00000092,add_to_cart,U00019,S0000033,2026-08-02 10:26:09,Australia,mobile,ios,1.1,recommendation_v2_test,control,running shoes,P003,1.0,1797.41,
E00000093,app_open,U00020,S0000034,2026-08-09 15:02:00,Germany,desktop,ios,1.0,recommendation_v2_test,treatment,,,,,
E00000094,search,U00020,S0000034,2026-08-09 15:02:10,Germany,desktop,ios,1.0,recommendation_v2_test,treatment,sports shoes,,,,
E00000095,click,U00020,S0000034,2026-08-09 15:03:19,Germany,desktop,ios,1.0,recommendation_v2_test,treatment,sports shoes,P004,,,
E00000096,add_to_cart,U00020,S0000034,2026-08-09 15:03:47,Germany,desktop,ios,1.0,recommendation_v2_test,treatment,sports shoes,P004,1.0,2113.0,
E00000097,purchase,U00020,S0000034,2026-08-09 15:05:32,Germany,desktop,ios,1.0,recommendation_v2_test,treatment,sports shoes,P004,1.0,2113.0,O0000005
E00000098,app_open,U00020,S0000035,2026-08-14 11:03:00,Germany,desktop,ios,1.0,recommendation_v2_test,treatment,,,,,
E00000099,search,U00020,S0000035,2026-08-14 11:03:33,Germany,desktop,ios,1.0,recommendation_v2_test,treatment,running shoes,,,,
E00000100,click,U00020,S0000035,2026-08-14 11:03:49,Germany,desktop,ios,1.0,recommendation_v2_test,treatment,running shoes,P004,,,
E00000101,app_open,U00020,S0000036,2026-08-02 11:30:00,Germany,desktop,ios,1.0,recommendation_v2_test,treatment,,,,,
E00000102,app_open,U00021,S0000037,2026-08-05 10:08:00,UK,tablet,ios,1.1,recommendation_v2_test,treatment,,,,,
E00000103,search,U00021,S0000037,2026-08-05 10:08:15,UK,tablet,ios,1.1,recommendation_v2_test,treatment,black tshirt,,,,
E00000104,app_open,U00021,S0000038,2026-08-05 14:02:00,UK,tablet,ios,1.1,recommendation_v2_test,treatment,,,,,
E00000105,search,U00021,S0000038,2026-08-05 14:02:53,UK,tablet,ios,1.1,recommendation_v2_test,treatment,watch,,,,
E00000106,click,U00021,S0000038,2026-08-05 14:03:03,UK,tablet,ios,1.1,recommendation_v2_test,treatment,watch,P002,,,
E00000107,add_to_cart,U00021,S0000038,2026-08-05 14:03:34,UK,tablet,ios,1.1,recommendation_v2_test,treatment,watch,P002,1.0,5284.21,
E00000108,app_open,U00021,S0000039,2026-08-13 11:22:00,UK,tablet,ios,1.1,recommendation_v2_test,treatment,,,,,
E00000109,search,U00021,S0000039,2026-08-13 11:22:37,UK,tablet,ios,1.1,recommendation_v2_test,treatment,watch,,,,
E00000110,app_open,U00021,S0000040,2026-08-12 09:52:00,UK,tablet,ios,1.1,recommendation_v2_test,treatment,,,,,
E00000111,search,U00021,S0000040,2026-08-12 09:52:55,UK,tablet,ios,1.1,recommendation_v2_test,treatment,sports shoes,,,,
E00000112,app_open,U00022,S0000041,2026-08-09 18:15:00,UK,tablet,web,1.0,recommendation_v2_test,treatment,,,,,
E00000113,search,U00022,S0000041,2026-08-09 18:15:58,UK,tablet,web,1.0,recommendation_v2_test,treatment,watch,,,,
E00000114,click,U00022,S0000041,2026-08-09 18:17:52,UK,tablet,web,1.0,recommendation_v2_test,treatment,watch,P006,,,
E00000115,add_to_cart,U00022,S0000041,2026-08-09 18:18:35,UK,tablet,web,1.0,recommendation_v2_test,treatment,watch,P006,1.0,4817.29,
E00000116,app_open,U00023,S0000042,2026-08-09 10:45:00,India,desktop,web,1.0,recommendation_v2_test,control,,,,,
E00000117,search,U00023,S0000042,2026-08-09 10:45:41,India,desktop,web,1.0,recommendation_v2_test,control,sports shoes,,,,
E00000118,app_open,U00023,S0000043,2026-08-14 14:00:00,India,desktop,web,1.0,recommendation_v2_test,control,,,,,
E00000119,search,U00023,S0000043,2026-08-14 14:00:18,India,desktop,web,1.0,recommendation_v2_test,control,sunscreen,,,,
E00000120,click,U00023,S0000043,2026-08-14 14:00:33,India,desktop,web,1.0,recommendation_v2_test,control,sunscreen,P006,,,
E00000121,app_open,U00024,S0000044,2026-08-06 15:10:00,UK,tablet,android,1.1,recommendation_v2_test,treatment,,,,,
E00000122,search,U00024,S0000044,2026-08-06 15:10:21,UK,tablet,android,1.1,recommendation_v2_test,treatment,black tshirt,,,,
E00000123,click,U00024,S0000044,2026-08-06 15:10:58,UK,tablet,android,1.1,recommendation_v2_test,treatment,black tshirt,P006,,,
E00000124,app_open,U00024,S0000045,2026-08-14 06:01:00,UK,tablet,android,1.1,recommendation_v2_test,treatment,,,,,
E00000125,search,U00024,S0000045,2026-08-14 06:01:40,UK,tablet,android,1.1,recommendation_v2_test,treatment,sports shoes,,,,
E00000126,click,U00024,S0000045,2026-08-14 06:02:30,UK,tablet,android,1.1,recommendation_v2_test,treatment,sports shoes,P001,,,
E00000127,add_to_cart,U00024,S0000045,2026-08-14 06:02:46,UK,tablet,android,1.1,recommendation_v2_test,treatment,sports shoes,P001,1.0,5548.68,
E00000128,app_open,U00024,S0000046,2026-08-06 11:52:00,UK,tablet,android,1.1,recommendation_v2_test,treatment,,,,,
E00000129,search,U00024,S0000046,2026-08-06 11:52:51,UK,tablet,android,1.1,recommendation_v2_test,treatment,running shoes,,,,
E00000130,click,U00024,S0000046,2026-08-06 11:53:35,UK,tablet,android,1.1,recommendation_v2_test,treatment,running shoes,P006,,,
E00000131,add_to_cart,U00024,S0000046,2026-08-06 11:54:09,UK,tablet,android,1.1,recommendation_v2_test,treatment,running shoes,P006,1.0,3812.51,
E00000132,app_open,U00025,S0000047,2026-08-04 17:49:00,India,desktop,android,1.1,recommendation_v2_test,treatment,,,,,
E00000133,search,U00025,S0000047,2026-08-04 17:49:13,India,desktop,android,1.1,recommendation_v2_test,treatment,black tshirt,,,,
E00000134,click,U00025,S0000047,2026-08-04 17:50:47,India,desktop,android,1.1,recommendation_v2_test,treatment,black tshirt,P002,,,
E00000135,app_open,U00025,S0000048,2026-08-11 15:58:00,India,desktop,android,1.1,recommendation_v2_test,treatment,,,,,
E00000136,search,U00025,S0000048,2026-08-11 15:58:20,India,desktop,android,1.1,recommendation_v2_test,treatment,sports shoes,,,,
E00000137,click,U00025,S0000048,2026-08-11 15:58:29,India,desktop,android,1.1,recommendation_v2_test,treatment,sports shoes,P005,,,
E00000138,app_open,U00026,S0000049,2026-08-10 17:21:00,India,desktop,android,1.0,recommendation_v2_test,treatment,,,,,
E00000139,search,U00026,S0000049,2026-08-10 17:21:41,India,desktop,android,1.0,recommendation_v2_test,treatment,running shoes,,,,
E00000140,click,U00026,S0000049,2026-08-10 17:23:31,India,desktop,android,1.0,recommendation_v2_test,treatment,running shoes,P003,,,
E00000141,app_open,U00026,S0000050,2026-08-08 15:47:00,India,desktop,android,1.0,recommendation_v2_test,treatment,,,,,
E00000142,search,U00026,S0000050,2026-08-08 15:47:54,India,desktop,android,1.0,recommendation_v2_test,treatment,sunscreen,,,,
E00000143,app_open,U00027,S0000051,2026-08-05 19:39:00,Australia,mobile,android,1.1,recommendation_v2_test,control,,,,,
E00000144,search,U00027,S0000051,2026-08-05 19:39:09,Australia,mobile,android,1.1,recommendation_v2_test,control,running shoes,,,,
E00000145,click,U00027,S0000051,2026-08-05 19:40:57,Australia,mobile,android,1.1,recommendation_v2_test,control,running shoes,P005,,,
E00000146,app_open,U00027,S0000052,2026-08-06 22:50:00,Australia,mobile,android,1.1,recommendation_v2_test,control,,,,,
E00000147,search,U00027,S0000052,2026-08-06 22:50:48,Australia,mobile,android,1.1,recommendation_v2_test,control,sports shoes,,,,
E00000148,app_open,U00028,S0000053,2026-08-07 23:55:00,UK,mobile,android,1.1,recommendation_v2_test,treatment,,,,,
E00000149,app_open,U00029,S0000054,2026-08-11 17:19:00,UK,desktop,web,1.0,recommendation_v2_test,treatment,,,,,
E00000150,search,U00029,S0000054,2026-08-11 17:19:50,UK,desktop,web,1.0,recommendation_v2_test,treatment,black tshirt,,,,
E00000151,click,U00029,S0000054,2026-08-11 17:21:15,UK,desktop,web,1.0,recommendation_v2_test,treatment,black tshirt,P005,,,
E00000152,app_open,U00029,S0000055,2026-08-14 04:32:00,UK,desktop,web,1.0,recommendation_v2_test,treatment,,,,,
E00000153,search,U00029,S0000055,2026-08-14 04:32:47,UK,desktop,web,1.0,recommendation_v2_test,treatment,running shoes,,,,
E00000154,click,U00029,S0000055,2026-08-14 04:33:13,UK,desktop,web,1.0,recommendation_v2_test,treatment,running shoes,P002,,,
E00000155,app_open,U00029,S0000056,2026-08-05 22:19:00,UK,desktop,web,1.0,recommendation_v2_test,treatment,,,,,
E00000156,search,U00029,S0000056,2026-08-05 22:19:26,UK,desktop,web,1.0,recommendation_v2_test,treatment,black tshirt,,,,
E00000157,app_open,U00030,S0000057,2026-08-05 07:29:00,Australia,mobile,web,1.0,recommendation_v2_test,control,,,,,
E00000158,search,U00030,S0000057,2026-08-05 07:29:42,Australia,mobile,web,1.0,recommendation_v2_test,control,sports shoes,,,,
E00000159,click,U00030,S0000057,2026-08-05 07:31:05,Australia,mobile,web,1.0,recommendation_v2_test,control,sports shoes,P004,,,
E00000160,add_to_cart,U00030,S0000057,2026-08-05 07:33:20,Australia,mobile,web,1.0,recommendation_v2_test,control,sports shoes,P004,1.0,2613.14,
E00000161,app_open,U00030,S0000058,2026-08-03 09:25:00,Australia,mobile,web,1.0,recommendation_v2_test,control,,,,,
E00000162,search,U00030,S0000058,2026-08-03 09:25:13,Australia,mobile,web,1.0,recommendation_v2_test,control,sunscreen,,,,
E00000163,click,U00030,S0000058,2026-08-03 09:26:15,Australia,mobile,web,1.0,recommendation_v2_test,control,sunscreen,P001,,,
E00000164,add_to_cart,U00030,S0000058,2026-08-03 09:28:44,Australia,mobile,web,1.0,recommendation_v2_test,control,sunscreen,P001,1.0,4760.86,
E00000165,app_open,U00031,S0000059,2026-08-05 00:45:00,UK,tablet,android,1.1,recommendation_v2_test,control,,,,,
E00000166,search,U00031,S0000059,2026-08-05 00:45:13,UK,tablet,android,1.1,recommendation_v2_test,control,black tshirt,,,,
E00000167,click,U00031,S0000059,2026-08-05 00:46:02,UK,tablet,android,1.1,recommendation_v2_test,control,black tshirt,P006,,,
E00000168,app_open,U00031,S0000060,2026-08-11 18:51:00,UK,tablet,android,1.1,recommendation_v2_test,control,,,,,
E00000169,app_open,U00032,S0000061,2026-08-01 10:37:00,Germany,tablet,android,1.0,recommendation_v2_test,treatment,,,,,
E00000170,search,U00032,S0000061,2026-08-01 10:37:28,Germany,tablet,android,1.0,recommendation_v2_test,treatment,sports shoes,,,,
E00000171,app_open,U00032,S0000062,2026-08-04 02:12:00,Germany,tablet,android,1.0,recommendation_v2_test,treatment,,,,,
E00000172,search,U00032,S0000062,2026-08-04 02:12:16,Germany,tablet,android,1.0,recommendation_v2_test,treatment,black tshirt,,,,
E00000173,app_open,U00032,S0000063,2026-08-11 03:43:00,Germany,tablet,android,1.0,recommendation_v2_test,treatment,,,,,
E00000174,search,U00032,S0000063,2026-08-11 03:43:49,Germany,tablet,android,1.0,recommendation_v2_test,treatment,sports shoes,,,,
E00000175,app_open,U00032,S0000064,2026-08-01 17:43:00,Germany,tablet,android,1.0,recommendation_v2_test,treatment,,,,,
E00000176,search,U00032,S0000064,2026-08-01 17:43:19,Germany,tablet,android,1.0,recommendation_v2_test,treatment,black tshirt,,,,
E00000177,app_open,U00032,S0000065,2026-08-06 08:26:00,Germany,tablet,android,1.0,recommendation_v2_test,treatment,,,,,
E00000178,search,U00032,S0000065,2026-08-06 08:26:29,Germany,tablet,android,1.0,recommendation_v2_test,treatment,sunscreen,,,,
E00000179,click,U00032,S0000065,2026-08-06 08:27:40,Germany,tablet,android,1.0,recommendation_v2_test,treatment,sunscreen,P001,,,
E00000180,app_open,U00032,S0000066,2026-08-13 04:11:00,Germany,tablet,android,1.0,recommendation_v2_test,treatment,,,,,
E00000181,search,U00032,S0000066,2026-08-13 04:11:34,Germany,tablet,android,1.0,recommendation_v2_test,treatment,sunscreen,,,,
E00000182,click,U00032,S0000066,2026-08-13 04:12:53,Germany,tablet,android,1.0,recommendation_v2_test,treatment,sunscreen,P001,,,
E00000183,add_to_cart,U00032,S0000066,2026-08-13 04:14:51,Germany,tablet,android,1.0,recommendation_v2_test,treatment,sunscreen,P001,1.0,849.43,
E00000184,purchase,U00032,S0000066,2026-08-13 04:18:22,Germany,tablet,android,1.0,recommendation_v2_test,treatment,sunscreen,P001,1.0,849.43,O0000006
E00000185,app_open,U00033,S0000067,2026-08-11 17:45:00,UK,mobile,ios,1.1,recommendation_v2_test,treatment,,,,,
E00000186,app_open,U00034,S0000068,2026-08-14 12:26:00,Germany,desktop,android,1.1,recommendation_v2_test,control,,,,,
E00000187,app_open,U00034,S0000069,2026-08-06 15:10:00,Germany,desktop,android,1.1,recommendation_v2_test,control,,,,,
E00000188,app_open,U00035,S0000070,2026-08-01 03:04:00,Germany,mobile,ios,1.1,recommendation_v2_test,treatment,,,,,
E00000189,search,U00035,S0000070,2026-08-01 03:04:29,Germany,mobile,ios,1.1,recommendation_v2_test,treatment,running shoes,,,,
E00000190,click,U00035,S0000070,2026-08-01 03:06:28,Germany,mobile,ios,1.1,recommendation_v2_test,treatment,running shoes,P004,,,
E00000191,add_to_cart,U00035,S0000070,2026-08-01 03:07:45,Germany,mobile,ios,1.1,recommendation_v2_test,treatment,running shoes,P004,1.0,501.73,
E00000192,app_open,U00035,S0000071,2026-08-05 00:44:00,Germany,mobile,ios,1.1,recommendation_v2_test,treatment,,,,,
E00000193,search,U00035,S0000071,2026-08-05 00:44:47,Germany,mobile,ios,1.1,recommendation_v2_test,treatment,watch,,,,
E00000194,click,U00035,S0000071,2026-08-05 00:46:04,Germany,mobile,ios,1.1,recommendation_v2_test,treatment,watch,P006,,,
E00000195,app_open,U00036,S0000072,2026-08-06 20:07:00,Germany,mobile,android,1.0,recommendation_v2_test,treatment,,,,,
E00000196,search,U00036,S0000072,2026-08-06 20:07:24,Germany,mobile,android,1.0,recommendation_v2_test,treatment,sports shoes,,,,
E00000197,app_open,U00036,S0000073,2026-08-04 07:27:00,Germany,mobile,android,1.0,recommendation_v2_test,treatment,,,,,
E00000198,app_open,U00037,S0000074,2026-08-05 15:14:00,Australia,tablet,android,1.1,recommendation_v2_test,treatment,,,,,
E00000199,search,U00037,S0000074,2026-08-05 15:14:30,Australia,tablet,android,1.1,recommendation_v2_test,treatment,black tshirt,,,,
E00000200,app_open,U00038,S0000075,2026-08-09 11:26:00,UK,desktop,ios,1.0,recommendation_v2_test,control,,,,,
E00000201,search,U00038,S0000075,2026-08-09 11:26:13,UK,desktop,ios,1.0,recommendation_v2_test,control,black tshirt,,,,
E00000202,click,U00038,S0000075,2026-08-09 11:27:34,UK,desktop,ios,1.0,recommendation_v2_test,control,black tshirt,P004,,,
E00000203,app_open,U00039,S0000076,2026-08-08 04:54:00,India,tablet,web,1.0,recommendation_v2_test,treatment,,,,,
E00000204,search,U00039,S0000076,2026-08-08 04:54:31,India,tablet,web,1.0,recommendation_v2_test,treatment,watch,,,,
E00000205,click,U00039,S0000076,2026-08-08 04:55:47,India,tablet,web,1.0,recommendation_v2_test,treatment,watch,P002,,,
E00000206,app_open,U00040,S0000077,2026-08-08 10:50:00,Germany,mobile,ios,1.1,recommendation_v2_test,control,,,,,
E00000207,search,U00040,S0000077,2026-08-08 10:50:51,Germany,mobile,ios,1.1,recommendation_v2_test,control,sunscreen,,,,
E00000208,click,U00040,S0000077,2026-08-08 10:51:11,Germany,mobile,ios,1.1,recommendation_v2_test,control,sunscreen,P006,,,
E00000209,app_open,U00041,S0000078,2026-08-03 20:06:00,Australia,tablet,android,1.1,recommendation_v2_test,treatment,,,,,
E00000210,search,U00041,S0000078,2026-08-03 20:06:25,Australia,tablet,android,1.1,recommendation_v2_test,treatment,sports shoes,,,,
E00000211,click,U00041,S0000078,2026-08-03 20:06:55,Australia,tablet,android,1.1,recommendation_v2_test,treatment,sports shoes,P005,,,
E00000212,app_open,U00041,S0000079,2026-08-09 17:50:00,Australia,tablet,android,1.1,recommendation_v2_test,treatment,,,,,
E00000213,search,U00041,S0000079,2026-08-09 17:50:41,Australia,tablet,android,1.1,recommendation_v2_test,treatment,running shoes,,,,
E00000214,click,U00041,S0000079,2026-08-09 17:51:36,Australia,tablet,android,1.1,recommendation_v2_test,treatment,running shoes,P004,,,
E00000215,app_open,U00041,S0000080,2026-08-09 13:52:00,Australia,tablet,android,1.1,recommendation_v2_test,treatment,,,,,
E00000216,search,U00041,S0000080,2026-08-09 13:52:44,Australia,tablet,android,1.1,recommendation_v2_test,treatment,sports shoes,,,,
E00000217,app_open,U00042,S0000081,2026-08-09 23:19:00,India,mobile,android,1.0,recommendation_v2_test,control,,,,,
E00000218,search,U00042,S0000081,2026-08-09 23:19:38,India,mobile,android,1.0,recommendation_v2_test,control,running shoes,,,,
E00000219,app_open,U00043,S0000082,2026-08-03 08:16:00,Australia,tablet,web,1.1,recommendation_v2_test,treatment,,,,,
E00000220,search,U00043,S0000082,2026-08-03 08:16:19,Australia,tablet,web,1.1,recommendation_v2_test,treatment,sunscreen,,,,
E00000221,click,U00043,S0000082,2026-08-03 08:17:36,Australia,tablet,web,1.1,recommendation_v2_test,treatment,sunscreen,P006,,,
E00000222,add_to_cart,U00043,S0000082,2026-08-03 08:18:03,Australia,tablet,web,1.1,recommendation_v2_test,treatment,sunscreen,P006,1.0,5630.1,
E00000223,purchase,U00043,S0000082,2026-08-03 08:21:15,Australia,tablet,web,1.1,recommendation_v2_test,treatment,sunscreen,P006,1.0,5630.1,O0000007
E00000224,app_open,U00043,S0000083,2026-08-10 20:51:00,Australia,tablet,web,1.1,recommendation_v2_test,treatment,,,,,
E00000225,search,U00043,S0000083,2026-08-10 20:51:36,Australia,tablet,web,1.1,recommendation_v2_test,treatment,running shoes,,,,
E00000226,click,U00043,S0000083,2026-08-10 20:53:14,Australia,tablet,web,1.1,recommendation_v2_test,treatment,running shoes,P006,,,
E00000227,app_open,U00044,S0000084,2026-08-01 02:34:00,India,tablet,web,1.0,recommendation_v2_test,treatment,,,,,
E00000228,search,U00044,S0000084,2026-08-01 02:34:17,India,tablet,web,1.0,recommendation_v2_test,treatment,watch,,,,
E00000229,app_open,U00044,S0000085,2026-08-12 11:14:00,India,tablet,web,1.0,recommendation_v2_test,treatment,,,,,
E00000230,search,U00044,S0000085,2026-08-12 11:14:37,India,tablet,web,1.0,recommendation_v2_test,treatment,sunscreen,,,,
E00000231,app_open,U00045,S0000086,2026-08-05 13:47:00,Australia,mobile,android,1.0,recommendation_v2_test,treatment,,,,,
E00000232,search,U00045,S0000086,2026-08-05 13:47:27,Australia,mobile,android,1.0,recommendation_v2_test,treatment,black tshirt,,,,
E00000233,app_open,U00045,S0000087,2026-08-06 06:38:00,Australia,mobile,android,1.0,recommendation_v2_test,treatment,,,,,
E00000234,app_open,U00045,S0000088,2026-08-09 21:54:00,Australia,mobile,android,1.0,recommendation_v2_test,treatment,,,,,
E00000235,search,U00045,S0000088,2026-08-09 21:54:42,Australia,mobile,android,1.0,recommendation_v2_test,treatment,black tshirt,,,,
E00000236,click,U00045,S0000088,2026-08-09 21:55:07,Australia,mobile,android,1.0,recommendation_v2_test,treatment,black tshirt,P006,,,
E00000237,app_open,U00046,S0000089,2026-08-09 06:57:00,Australia,tablet,ios,1.0,recommendation_v2_test,treatment,,,,,
E00000238,search,U00046,S0000089,2026-08-09 06:57:34,Australia,tablet,ios,1.0,recommendation_v2_test,treatment,watch,,,,
E00000239,click,U00046,S0000089,2026-08-09 06:57:46,Australia,tablet,ios,1.0,recommendation_v2_test,treatment,watch,P004,,,
E00000240,app_open,U00047,S0000090,2026-08-01 10:51:00,Germany,mobile,web,1.0,recommendation_v2_test,treatment,,,,,
E00000241,search,U00047,S0000090,2026-08-01 10:51:55,Germany,mobile,web,1.0,recommendation_v2_test,treatment,sunscreen,,,,
E00000242,click,U00047,S0000090,2026-08-01 10:53:40,Germany,mobile,web,1.0,recommendation_v2_test,treatment,sunscreen,P004,,,
E00000243,app_open,U00047,S0000091,2026-08-04 02:00:00,Germany,mobile,web,1.0,recommendation_v2_test,treatment,,,,,
E00000244,search,U00047,S0000091,2026-08-04 02:00:58,Germany,mobile,web,1.0,recommendation_v2_test,treatment,watch,,,,
E00000245,click,U00047,S0000091,2026-08-04 02:01:34,Germany,mobile,web,1.0,recommendation_v2_test,treatment,watch,P001,,,
E00000246,app_open,U00048,S0000092,2026-08-05 21:04:00,Germany,tablet,ios,1.0,recommendation_v2_test,control,,,,,
E00000247,search,U00048,S0000092,2026-08-05 21:04:38,Germany,tablet,ios,1.0,recommendation_v2_test,control,sunscreen,,,,
E00000248,click,U00048,S0000092,2026-08-05 21:05:56,Germany,tablet,ios,1.0,recommendation_v2_test,control,sunscreen,P005,,,
E00000249,app_open,U00049,S0000093,2026-08-05 03:36:00,UK,tablet,android,1.1,recommendation_v2_test,treatment,,,,,
E00000250,search,U00049,S0000093,2026-08-05 03:36:28,UK,tablet,android,1.1,recommendation_v2_test,treatment,running shoes,,,,
E00000251,click,U00049,S0000093,2026-08-05 03:36:45,UK,tablet,android,1.1,recommendation_v2_test,treatment,running shoes,P005,,,
E00000252,add_to_cart,U00049,S0000093,2026-08-05 03:38:55,UK,tablet,android,1.1,recommendation_v2_test,treatment,running shoes,P005,1.0,3594.87,
E00000253,app_open,U00050,S0000094,2026-08-11 13:55:00,Australia,tablet,web,1.1,recommendation_v2_test,treatment,,,,,
E00000254,app_open,U00050,S0000095,2026-08-14 10:25:00,Australia,tablet,web,1.1,recommendation_v2_test,treatment,,,,,
E00000255,search,U00050,S0000095,2026-08-14 10:25:53,Australia,tablet,web,1.1,recommendation_v2_test,treatment,watch,,,,
E00000256,click,U00050,S0000095,2026-08-14 10:27:05,Australia,tablet,web,1.1,recommendation_v2_test,treatment,watch,P005,,,
E00000257,app_open,U00050,S0000096,2026-08-06 06:55:00,Australia,tablet,web,1.1,recommendation_v2_test,treatment,,,,,
E00000258,search,U00050,S0000096,2026-08-06 06:55:55,Australia,tablet,web,1.1,recommendation_v2_test,treatment,sunscreen,,,,
E00000259,app_open,U00050,S0000097,2026-08-03 03:11:00,Australia,tablet,web,1.1,recommendation_v2_test,treatment,,,,,
E00000260,search,U00050,S0000097,2026-08-03 03:11:28,Australia,tablet,web,1.1,recommendation_v2_test,treatment,sunscreen,,,,
E00000261,click,U00050,S0000097,2026-08-03 03:12:33,Australia,tablet,web,1.1,recommendation_v2_test,treatment,sunscreen,P002,,,
E00000262,add_to_cart,U00050,S0000097,2026-08-03 03:15:31,Australia,tablet,web,1.1,recommendation_v2_test,treatment,sunscreen,P002,1.0,1654.64,
E00000263,purchase,U00050,S0000097,2026-08-03 03:19:05,Australia,tablet,web,1.1,recommendation_v2_test,treatment,sunscreen,P002,1.0,1654.64,O0000008
E00000264,app_open,U00051,S0000098,2026-08-09 13:10:00,India,desktop,web,1.1,recommendation_v2_test,treatment,,,,,
E00000265,search,U00051,S0000098,2026-08-09 13:10:54,India,desktop,web,1.1,recommendation_v2_test,treatment,sunscreen,,,,
E00000266,click,U00051,S0000098,2026-08-09 13:12:05,India,desktop,web,1.1,recommendation_v2_test,treatment,sunscreen,P006,,,
E00000267,app_open,U00051,S0000099,2026-08-06 08:52:00,India,desktop,web,1.1,recommendation_v2_test,treatment,,,,,
E00000268,search,U00051,S0000099,2026-08-06 08:52:25,India,desktop,web,1.1,recommendation_v2_test,treatment,black tshirt,,,,
E00000269,click,U00051,S0000099,2026-08-06 08:53:37,India,desktop,web,1.1,recommendation_v2_test,treatment,black tshirt,P005,,,
E00000270,app_open,U00051,S0000100,2026-08-12 00:21:00,India,desktop,web,1.1,recommendation_v2_test,treatment,,,,,
E00000271,app_open,U00051,S0000101,2026-08-09 04:41:00,India,desktop,web,1.1,recommendation_v2_test,treatment,,,,,
E00000272,search,U00051,S0000101,2026-08-09 04:41:54,India,desktop,web,1.1,recommendation_v2_test,treatment,running shoes,,,,
E00000273,click,U00051,S0000101,2026-08-09 04:42:11,India,desktop,web,1.1,recommendation_v2_test,treatment,running shoes,P001,,,
E00000274,app_open,U00051,S0000102,2026-08-08 20:32:00,India,desktop,web,1.1,recommendation_v2_test,treatment,,,,,
E00000275,search,U00051,S0000102,2026-08-08 20:32:21,India,desktop,web,1.1,recommendation_v2_test,treatment,running shoes,,,,
E00000276,click,U00051,S0000102,2026-08-08 20:34:09,India,desktop,web,1.1,recommendation_v2_test,treatment,running shoes,P004,,,
E00000277,app_open,U00052,S0000103,2026-08-05 19:46:00,Australia,tablet,web,1.1,recommendation_v2_test,treatment,,,,,
E00000278,app_open,U00053,S0000104,2026-08-14 18:12:00,UK,mobile,android,1.1,recommendation_v2_test,treatment,,,,,
E00000279,search,U00053,S0000104,2026-08-14 18:12:27,UK,mobile,android,1.1,recommendation_v2_test,treatment,running shoes,,,,
E00000280,app_open,U00054,S0000105,2026-08-09 14:47:00,Germany,mobile,android,1.0,recommendation_v2_test,treatment,,,,,
E00000281,search,U00054,S0000105,2026-08-09 14:47:35,Germany,mobile,android,1.0,recommendation_v2_test,treatment,watch,,,,
E00000282,app_open,U00055,S0000106,2026-08-06 04:45:00,Germany,mobile,android,1.0,recommendation_v2_test,treatment,,,,,
E00000283,search,U00055,S0000106,2026-08-06 04:45:59,Germany,mobile,android,1.0,recommendation_v2_test,treatment,sports shoes,,,,
E00000284,click,U00055,S0000106,2026-08-06 04:46:15,Germany,mobile,android,1.0,recommendation_v2_test,treatment,sports shoes,P006,,,
E00000285,app_open,U00056,S0000107,2026-08-05 01:38:00,Australia,desktop,web,1.0,recommendation_v2_test,treatment,,,,,
E00000286,search,U00056,S0000107,2026-08-05 01:38:49,Australia,desktop,web,1.0,recommendation_v2_test,treatment,watch,,,,
E00000287,app_open,U00057,S0000108,2026-08-03 06:36:00,Germany,mobile,ios,1.0,recommendation_v2_test,control,,,,,
E00000288,search,U00057,S0000108,2026-08-03 06:36:42,Germany,mobile,ios,1.0,recommendation_v2_test,control,running shoes,,,,
E00000289,app_open,U00057,S0000109,2026-08-11 03:44:00,Germany,mobile,ios,1.0,recommendation_v2_test,control,,,,,
E00000290,search,U00057,S0000109,2026-08-11 03:44:38,Germany,mobile,ios,1.0,recommendation_v2_test,control,watch,,,,
E00000291,app_open,U00057,S0000110,2026-08-01 21:56:00,Germany,mobile,ios,1.0,recommendation_v2_test,control,,,,,
E00000292,search,U00057,S0000110,2026-08-01 21:56:44,Germany,mobile,ios,1.0,recommendation_v2_test,control,sports shoes,,,,
E00000293,app_open,U00058,S0000111,2026-08-01 04:23:00,Australia,desktop,android,1.0,recommendation_v2_test,treatment,,,,,
E00000294,search,U00058,S0000111,2026-08-01 04:23:58,Australia,desktop,android,1.0,recommendation_v2_test,treatment,black tshirt,,,,
E00000295,app_open,U00058,S0000112,2026-08-04 00:52:00,Australia,desktop,android,1.0,recommendation_v2_test,treatment,,,,,
E00000296,search,U00058,S0000112,2026-08-04 00:52:46,Australia,desktop,android,1.0,recommendation_v2_test,treatment,sports shoes,,,,
E00000297,app_open,U00058,S0000113,2026-08-03 02:03:00,Australia,desktop,android,1.0,recommendation_v2_test,treatment,,,,,
E00000298,search,U00058,S0000113,2026-08-03 02:03:12,Australia,desktop,android,1.0,recommendation_v2_test,treatment,sports shoes,,,,
E00000299,click,U00058,S0000113,2026-08-03 02:03:44,Australia,desktop,android,1.0,recommendation_v2_test,treatment,sports shoes,P003,,,
E00000300,add_to_cart,U00058,S0000113,2026-08-03 02:04:35,Australia,desktop,android,1.0,recommendation_v2_test,treatment,sports shoes,P003,1.0,940.11,
E00000301,app_open,U00059,S0000114,2026-08-13 20:04:00,India,tablet,android,1.0,recommendation_v2_test,treatment,,,,,
E00000302,search,U00059,S0000114,2026-08-13 20:04:50,India,tablet,android,1.0,recommendation_v2_test,treatment,sunscreen,,,,
E00000303,app_open,U00059,S0000115,2026-08-11 03:46:00,India,tablet,android,1.0,recommendation_v2_test,treatment,,,,,
E00000304,search,U00059,S0000115,2026-08-11 03:46:58,India,tablet,android,1.0,recommendation_v2_test,treatment,watch,,,,
E00000305,click,U00059,S0000115,2026-08-11 03:47:44,India,tablet,android,1.0,recommendation_v2_test,treatment,watch,P004,,,
E00000306,app_open,U00059,S0000116,2026-08-01 16:01:00,India,tablet,android,1.0,recommendation_v2_test,treatment,,,,,
E00000307,search,U00059,S0000116,2026-08-01 16:01:52,India,tablet,android,1.0,recommendation_v2_test,treatment,black tshirt,,,,
E00000308,app_open,U00060,S0000117,2026-08-02 02:10:00,Australia,tablet,android,1.1,recommendation_v2_test,control,,,,,
E00000309,search,U00060,S0000117,2026-08-02 02:10:58,Australia,tablet,android,1.1,recommendation_v2_test,control,sunscreen,,,,
E00000310,app_open,U00060,S0000118,2026-08-12 23:58:00,Australia,tablet,android,1.1,recommendation_v2_test,control,,,,,
E00000311,search,U00060,S0000118,2026-08-12 23:58:11,Australia,tablet,android,1.1,recommendation_v2_test,control,black tshirt,,,,
E00000312,click,U00060,S0000118,2026-08-12 23:58:35,Australia,tablet,android,1.1,recommendation_v2_test,control,black tshirt,P005,,,
E00000313,app_open,U00060,S0000119,2026-08-02 02:27:00,Australia,tablet,android,1.1,recommendation_v2_test,control,,,,,
E00000314,search,U00060,S0000119,2026-08-02 02:27:38,Australia,tablet,android,1.1,recommendation_v2_test,control,sunscreen,,,,
E00000315,app_open,U00061,S0000120,2026-08-13 16:26:00,Germany,tablet,web,1.0,recommendation_v2_test,control,,,,,
E00000316,search,U00061,S0000120,2026-08-13 16:26:38,Germany,tablet,web,1.0,recommendation_v2_test,control,sunscreen,,,,
E00000317,app_open,U00061,S0000121,2026-08-08 21:05:00,Germany,tablet,web,1.0,recommendation_v2_test,control,,,,,
E00000318,search,U00061,S0000121,2026-08-08 21:05:25,Germany,tablet,web,1.0,recommendation_v2_test,control,sunscreen,,,,
E00000319,app_open,U00062,S0000122,2026-08-01 15:27:00,Australia,desktop,web,1.0,recommendation_v2_test,control,,,,,
E00000320,search,U00062,S0000122,2026-08-01 15:27:32,Australia,desktop,web,1.0,recommendation_v2_test,control,sunscreen,,,,
E00000321,app_open,U00063,S0000123,2026-08-08 08:01:00,UK,desktop,android,1.0,recommendation_v2_test,treatment,,,,,
E00000322,search,U00063,S0000123,2026-08-08 08:01:32,UK,desktop,android,1.0,recommendation_v2_test,treatment,sports shoes,,,,
E00000323,app_open,U00064,S0000124,2026-08-10 10:53:00,Germany,mobile,ios,1.0,recommendation_v2_test,treatment,,,,,
E00000324,search,U00064,S0000124,2026-08-10 10:53:31,Germany,mobile,ios,1.0,recommendation_v2_test,treatment,sports shoes,,,,
E00000325,click,U00064,S0000124,2026-08-10 10:54:15,Germany,mobile,ios,1.0,recommendation_v2_test,treatment,sports shoes,P005,,,
E00000326,app_open,U00065,S0000125,2026-08-08 08:01:00,Germany,tablet,web,1.0,recommendation_v2_test,control,,,,,
E00000327,search,U00065,S0000125,2026-08-08 08:01:17,Germany,tablet,web,1.0,recommendation_v2_test,control,sunscreen,,,,
E00000328,app_open,U00065,S0000126,2026-08-02 21:16:00,Germany,tablet,web,1.0,recommendation_v2_test,control,,,,,
E00000329,search,U00065,S0000126,2026-08-02 21:16:09,Germany,tablet,web,1.0,recommendation_v2_test,control,black tshirt,,,,
E00000330,click,U00065,S0000126,2026-08-02 21:18:01,Germany,tablet,web,1.0,recommendation_v2_test,control,black tshirt,P002,,,
E00000331,add_to_cart,U00065,S0000126,2026-08-02 21:19:07,Germany,tablet,web,1.0,recommendation_v2_test,control,black tshirt,P002,1.0,3620.74,
E00000332,app_open,U00066,S0000127,2026-08-14 18:50:00,UK,desktop,android,1.1,recommendation_v2_test,control,,,,,
E00000333,search,U00066,S0000127,2026-08-14 18:50:52,UK,desktop,android,1.1,recommendation_v2_test,control,watch,,,,
E00000334,click,U00066,S0000127,2026-08-14 18:51:25,UK,desktop,android,1.1,recommendation_v2_test,control,watch,P006,,,
E00000335,add_to_cart,U00066,S0000127,2026-08-14 18:53:58,UK,desktop,android,1.1,recommendation_v2_test,control,watch,P006,1.0,5014.29,
E00000336,app_open,U00066,S0000128,2026-08-09 10:42:00,UK,desktop,android,1.1,recommendation_v2_test,control,,,,,
E00000337,search,U00066,S0000128,2026-08-09 10:42:30,UK,desktop,android,1.1,recommendation_v2_test,control,black tshirt,,,,
E00000338,click,U00066,S0000128,2026-08-09 10:43:08,UK,desktop,android,1.1,recommendation_v2_test,control,black tshirt,P004,,,
E00000339,app_open,U00066,S0000129,2026-08-10 23:47:00,UK,desktop,android,1.1,recommendation_v2_test,control,,,,,
E00000340,search,U00066,S0000129,2026-08-10 23:47:25,UK,desktop,android,1.1,recommendation_v2_test,control,sunscreen,,,,
E00000341,app_open,U00067,S0000130,2026-08-12 05:10:00,India,tablet,android,1.0,recommendation_v2_test,treatment,,,,,
E00000342,search,U00067,S0000130,2026-08-12 05:10:35,India,tablet,android,1.0,recommendation_v2_test,treatment,running shoes,,,,
E00000343,click,U00067,S0000130,2026-08-12 05:11:34,India,tablet,android,1.0,recommendation_v2_test,treatment,running shoes,P002,,,
E00000344,add_to_cart,U00067,S0000130,2026-08-12 05:12:10,India,tablet,android,1.0,recommendation_v2_test,treatment,running shoes,P002,1.0,3127.85,
E00000345,app_open,U00068,S0000131,2026-08-14 06:44:00,Australia,desktop,ios,1.0,recommendation_v2_test,treatment,,,,,
E00000346,search,U00068,S0000131,2026-08-14 06:44:17,Australia,desktop,ios,1.0,recommendation_v2_test,treatment,sports shoes,,,,
E00000347,app_open,U00069,S0000132,2026-08-06 06:15:00,Germany,mobile,web,1.1,recommendation_v2_test,treatment,,,,,
E00000348,search,U00069,S0000132,2026-08-06 06:15:51,Germany,mobile,web,1.1,recommendation_v2_test,treatment,sunscreen,,,,
E00000349,click,U00069,S0000132,2026-08-06 06:17:47,Germany,mobile,web,1.1,recommendation_v2_test,treatment,sunscreen,P001,,,
E00000350,app_open,U00069,S0000133,2026-08-05 12:25:00,Germany,mobile,web,1.1,recommendation_v2_test,treatment,,,,,
E00000351,search,U00069,S0000133,2026-08-05 12:25:06,Germany,mobile,web,1.1,recommendation_v2_test,treatment,black tshirt,,,,
E00000352,app_open,U00070,S0000134,2026-08-02 20:10:00,Australia,tablet,web,1.1,recommendation_v2_test,treatment,,,,,
E00000353,search,U00070,S0000134,2026-08-02 20:10:08,Australia,tablet,web,1.1,recommendation_v2_test,treatment,watch,,,,
E00000354,app_open,U00071,S0000135,2026-08-10 03:19:00,Germany,desktop,android,1.0,recommendation_v2_test,treatment,,,,,
E00000355,search,U00071,S0000135,2026-08-10 03:19:30,Germany,desktop,android,1.0,recommendation_v2_test,treatment,watch,,,,
E00000356,app_open,U00072,S0000136,2026-08-11 03:12:00,Germany,desktop,web,1.1,recommendation_v2_test,treatment,,,,,
E00000357,search,U00072,S0000136,2026-08-11 03:12:10,Germany,desktop,web,1.1,recommendation_v2_test,treatment,black tshirt,,,,
E00000358,click,U00072,S0000136,2026-08-11 03:12:46,Germany,desktop,web,1.1,recommendation_v2_test,treatment,black tshirt,P004,,,
E00000359,add_to_cart,U00072,S0000136,2026-08-11 03:14:45,Germany,desktop,web,1.1,recommendation_v2_test,treatment,black tshirt,P004,1.0,3770.22,
E00000360,app_open,U00072,S0000137,2026-08-12 19:06:00,Germany,desktop,web,1.1,recommendation_v2_test,treatment,,,,,
E00000361,search,U00072,S0000137,2026-08-12 19:06:34,Germany,desktop,web,1.1,recommendation_v2_test,treatment,watch,,,,
E00000362,click,U00072,S0000137,2026-08-12 19:06:54,Germany,desktop,web,1.1,recommendation_v2_test,treatment,watch,P003,,,
E00000363,add_to_cart,U00072,S0000137,2026-08-12 19:09:10,Germany,desktop,web,1.1,recommendation_v2_test,treatment,watch,P003,1.0,3588.21,
E00000364,purchase,U00072,S0000137,2026-08-12 19:11:50,Germany,desktop,web,1.1,recommendation_v2_test,treatment,watch,P003,1.0,3588.21,O0000009
E00000365,app_open,U00073,S0000138,2026-08-12 02:44:00,India,tablet,web,1.0,recommendation_v2_test,control,,,,,
E00000366,search,U00073,S0000138,2026-08-12 02:44:51,India,tablet,web,1.0,recommendation_v2_test,control,watch,,,,
E00000367,click,U00073,S0000138,2026-08-12 02:45:06,India,tablet,web,1.0,recommendation_v2_test,control,watch,P002,,,
E00000368,app_open,U00073,S0000139,2026-08-04 00:29:00,India,tablet,web,1.0,recommendation_v2_test,control,,,,,
E00000369,search,U00073,S0000139,2026-08-04 00:29:39,India,tablet,web,1.0,recommendation_v2_test,control,sports shoes,,,,
E00000370,app_open,U00074,S0000140,2026-08-10 09:00:00,Germany,desktop,web,1.1,recommendation_v2_test,control,,,,,
E00000371,app_open,U00074,S0000141,2026-08-12 11:18:00,Germany,desktop,web,1.1,recommendation_v2_test,control,,,,,
E00000372,app_open,U00075,S0000142,2026-08-04 05:44:00,Australia,tablet,ios,1.0,recommendation_v2_test,treatment,,,,,
E00000373,search,U00075,S0000142,2026-08-04 05:44:50,Australia,tablet,ios,1.0,recommendation_v2_test,treatment,black tshirt,,,,
E00000374,click,U00075,S0000142,2026-08-04 05:45:19,Australia,tablet,ios,1.0,recommendation_v2_test,treatment,black tshirt,P001,,,
E00000375,app_open,U00075,S0000143,2026-08-09 02:02:00,Australia,tablet,ios,1.0,recommendation_v2_test,treatment,,,,,
E00000376,search,U00075,S0000143,2026-08-09 02:02:22,Australia,tablet,ios,1.0,recommendation_v2_test,treatment,running shoes,,,,
E00000377,click,U00075,S0000143,2026-08-09 02:02:36,Australia,tablet,ios,1.0,recommendation_v2_test,treatment,running shoes,P002,,,
E00000378,app_open,U00075,S0000144,2026-08-03 03:47:00,Australia,tablet,ios,1.0,recommendation_v2_test,treatment,,,,,
E00000379,search,U00075,S0000144,2026-08-03 03:47:17,Australia,tablet,ios,1.0,recommendation_v2_test,treatment,sports shoes,,,,
E00000380,app_open,U00076,S0000145,2026-08-04 09:19:00,Australia,mobile,android,1.1,recommendation_v2_test,treatment,,,,,
E00000381,search,U00076,S0000145,2026-08-04 09:19:31,Australia,mobile,android,1.1,recommendation_v2_test,treatment,running shoes,,,,
E00000382,app_open,U00076,S0000146,2026-08-14 16:19:00,Australia,mobile,android,1.1,recommendation_v2_test,treatment,,,,,
E00000383,search,U00076,S0000146,2026-08-14 16:19:24,Australia,mobile,android,1.1,recommendation_v2_test,treatment,sports shoes,,,,
E00000384,click,U00076,S0000146,2026-08-14 16:19:30,Australia,mobile,android,1.1,recommendation_v2_test,treatment,sports shoes,P003,,,
E00000385,app_open,U00076,S0000147,2026-08-10 03:14:00,Australia,mobile,android,1.1,recommendation_v2_test,treatment,,,,,
E00000386,search,U00076,S0000147,2026-08-10 03:14:38,Australia,mobile,android,1.1,recommendation_v2_test,treatment,black tshirt,,,,
E00000387,app_open,U00077,S0000148,2026-08-05 09:41:00,India,desktop,web,1.1,recommendation_v2_test,treatment,,,,,
E00000388,search,U00077,S0000148,2026-08-05 09:41:57,India,desktop,web,1.1,recommendation_v2_test,treatment,sports shoes,,,,
E00000389,click,U00077,S0000148,2026-08-05 09:42:57,India,desktop,web,1.1,recommendation_v2_test,treatment,sports shoes,P003,,,
E00000390,app_open,U00078,S0000149,2026-08-10 22:28:00,Germany,tablet,android,1.1,recommendation_v2_test,control,,,,,
E00000391,search,U00078,S0000149,2026-08-10 22:28:24,Germany,tablet,android,1.1,recommendation_v2_test,control,watch,,,,
E00000392,click,U00078,S0000149,2026-08-10 22:28:37,Germany,tablet,android,1.1,recommendation_v2_test,control,watch,P005,,,
E00000393,app_open,U00078,S0000150,2026-08-02 13:19:00,Germany,tablet,android,1.1,recommendation_v2_test,control,,,,,
E00000394,app_open,U00078,S0000151,2026-08-03 03:27:00,Germany,tablet,android,1.1,recommendation_v2_test,control,,,,,
E00000395,search,U00078,S0000151,2026-08-03 03:27:59,Germany,tablet,android,1.1,recommendation_v2_test,control,black tshirt,,,,
E00000396,app_open,U00079,S0000152,2026-08-12 04:05:00,Australia,desktop,android,1.0,recommendation_v2_test,treatment,,,,,
E00000397,search,U00079,S0000152,2026-08-12 04:05:44,Australia,desktop,android,1.0,recommendation_v2_test,treatment,sunscreen,,,,
E00000398,click,U00079,S0000152,2026-08-12 04:06:40,Australia,desktop,android,1.0,recommendation_v2_test,treatment,sunscreen,P001,,,
E00000399,app_open,U00079,S0000153,2026-08-12 16:53:00,Australia,desktop,android,1.0,recommendation_v2_test,treatment,,,,,
E00000400,search,U00079,S0000153,2026-08-12 16:53:33,Australia,desktop,android,1.0,recommendation_v2_test,treatment,watch,,,,
E00000401,click,U00079,S0000153,2026-08-12 16:54:52,Australia,desktop,android,1.0,recommendation_v2_test,treatment,watch,P006,,,
E00000402,app_open,U00079,S0000154,2026-08-13 02:31:00,Australia,desktop,android,1.0,recommendation_v2_test,treatment,,,,,
E00000403,search,U00079,S0000154,2026-08-13 02:31:44,Australia,desktop,android,1.0,recommendation_v2_test,treatment,watch,,,,
E00000404,app_open,U00080,S0000155,2026-08-02 01:09:00,India,desktop,web,1.1,recommendation_v2_test,treatment,,,,,
E00000405,search,U00080,S0000155,2026-08-02 01:09:20,India,desktop,web,1.1,recommendation_v2_test,treatment,black tshirt,,,,
E00000406,app_open,U00081,S0000156,2026-08-01 19:45:00,India,mobile,ios,1.1,recommendation_v2_test,treatment,,,,,
E00000407,search,U00081,S0000156,2026-08-01 19:45:48,India,mobile,ios,1.1,recommendation_v2_test,treatment,black tshirt,,,,
E00000408,app_open,U00081,S0000157,2026-08-01 19:42:00,India,mobile,ios,1.1,recommendation_v2_test,treatment,,,,,
E00000409,search,U00081,S0000157,2026-08-01 19:42:30,India,mobile,ios,1.1,recommendation_v2_test,treatment,watch,,,,
E00000410,click,U00081,S0000157,2026-08-01 19:43:40,India,mobile,ios,1.1,recommendation_v2_test,treatment,watch,P003,,,
E00000411,add_to_cart,U00081,S0000157,2026-08-01 19:44:06,India,mobile,ios,1.1,recommendation_v2_test,treatment,watch,P003,1.0,3261.73,
E00000412,purchase,U00081,S0000157,2026-08-01 19:45:08,India,mobile,ios,1.1,recommendation_v2_test,treatment,watch,P003,1.0,3261.73,O0000010
E00000413,app_open,U00081,S0000158,2026-08-08 01:18:00,India,mobile,ios,1.1,recommendation_v2_test,treatment,,,,,
E00000414,search,U00081,S0000158,2026-08-08 01:18:19,India,mobile,ios,1.1,recommendation_v2_test,treatment,watch,,,,
E00000415,click,U00081,S0000158,2026-08-08 01:20:11,India,mobile,ios,1.1,recommendation_v2_test,treatment,watch,P001,,,
E00000416,app_open,U00082,S0000159,2026-08-02 22:11:00,India,tablet,web,1.0,recommendation_v2_test,treatment,,,,,
E00000417,search,U00082,S0000159,2026-08-02 22:11:57,India,tablet,web,1.0,recommendation_v2_test,treatment,black tshirt,,,,
E00000418,click,U00082,S0000159,2026-08-02 22:13:33,India,tablet,web,1.0,recommendation_v2_test,treatment,black tshirt,P006,,,
E00000419,app_open,U00082,S0000160,2026-08-04 14:10:00,India,tablet,web,1.0,recommendation_v2_test,treatment,,,,,
E00000420,search,U00082,S0000160,2026-08-04 14:10:09,India,tablet,web,1.0,recommendation_v2_test,treatment,running shoes,,,,
E00000421,click,U00082,S0000160,2026-08-04 14:10:17,India,tablet,web,1.0,recommendation_v2_test,treatment,running shoes,P001,,,
E00000422,app_open,U00082,S0000161,2026-08-03 02:56:00,India,tablet,web,1.0,recommendation_v2_test,treatment,,,,,
E00000423,search,U00082,S0000161,2026-08-03 02:56:40,India,tablet,web,1.0,recommendation_v2_test,treatment,black tshirt,,,,
E00000424,click,U00082,S0000161,2026-08-03 02:56:57,India,tablet,web,1.0,recommendation_v2_test,treatment,black tshirt,P003,,,
E00000425,add_to_cart,U00082,S0000161,2026-08-03 02:59:32,India,tablet,web,1.0,recommendation_v2_test,treatment,black tshirt,P003,1.0,681.83,
E00000426,app_open,U00082,S0000162,2026-08-10 01:59:00,India,tablet,web,1.0,recommendation_v2_test,treatment,,,,,
E00000427,app_open,U00083,S0000163,2026-08-12 08:22:00,India,desktop,android,1.1,recommendation_v2_test,control,,,,,
E00000428,search,U00083,S0000163,2026-08-12 08:22:08,India,desktop,android,1.1,recommendation_v2_test,control,sunscreen,,,,
E00000429,click,U00083,S0000163,2026-08-12 08:23:23,India,desktop,android,1.1,recommendation_v2_test,control,sunscreen,P001,,,
E00000430,app_open,U00083,S0000164,2026-08-03 23:20:00,India,desktop,android,1.1,recommendation_v2_test,control,,,,,
E00000431,search,U00083,S0000164,2026-08-03 23:20:08,India,desktop,android,1.1,recommendation_v2_test,control,black tshirt,,,,
E00000432,click,U00083,S0000164,2026-08-03 23:21:26,India,desktop,android,1.1,recommendation_v2_test,control,black tshirt,P001,,,
E00000433,add_to_cart,U00083,S0000164,2026-08-03 23:23:42,India,desktop,android,1.1,recommendation_v2_test,control,black tshirt,P001,1.0,3540.74,
E00000434,app_open,U00084,S0000165,2026-08-03 01:02:00,India,mobile,ios,1.0,recommendation_v2_test,control,,,,,
E00000435,search,U00084,S0000165,2026-08-03 01:02:38,India,mobile,ios,1.0,recommendation_v2_test,control,sports shoes,,,,
E00000436,click,U00084,S0000165,2026-08-03 01:03:38,India,mobile,ios,1.0,recommendation_v2_test,control,sports shoes,P001,,,
E00000437,app_open,U00084,S0000166,2026-08-04 13:24:00,India,mobile,ios,1.0,recommendation_v2_test,control,,,,,
E00000438,search,U00084,S0000166,2026-08-04 13:24:30,India,mobile,ios,1.0,recommendation_v2_test,control,black tshirt,,,,
E00000439,click,U00084,S0000166,2026-08-04 13:25:36,India,mobile,ios,1.0,recommendation_v2_test,control,black tshirt,P003,,,
E00000440,add_to_cart,U00084,S0000166,2026-08-04 13:28:12,India,mobile,ios,1.0,recommendation_v2_test,control,black tshirt,P003,1.0,807.67,
E00000441,purchase,U00084,S0000166,2026-08-04 13:29:09,India,mobile,ios,1.0,recommendation_v2_test,control,black tshirt,P003,1.0,807.67,O0000011
E00000442,app_open,U00084,S0000167,2026-08-10 04:14:00,India,mobile,ios,1.0,recommendation_v2_test,control,,,,,
E00000443,app_open,U00084,S0000168,2026-08-05 05:56:00,India,mobile,ios,1.0,recommendation_v2_test,control,,,,,
E00000444,search,U00084,S0000168,2026-08-05 05:56:58,India,mobile,ios,1.0,recommendation_v2_test,control,sports shoes,,,,
E00000445,click,U00084,S0000168,2026-08-05 05:57:07,India,mobile,ios,1.0,recommendation_v2_test,control,sports shoes,P001,,,
E00000446,add_to_cart,U00084,S0000168,2026-08-05 05:57:36,India,mobile,ios,1.0,recommendation_v2_test,control,sports shoes,P001,1.0,4026.54,
E00000447,app_open,U00085,S0000169,2026-08-12 05:55:00,UK,desktop,web,1.0,recommendation_v2_test,control,,,,,
E00000448,search,U00085,S0000169,2026-08-12 05:55:15,UK,desktop,web,1.0,recommendation_v2_test,control,sunscreen,,,,
E00000449,click,U00085,S0000169,2026-08-12 05:56:11,UK,desktop,web,1.0,recommendation_v2_test,control,sunscreen,P001,,,
E00000450,add_to_cart,U00085,S0000169,2026-08-12 05:58:33,UK,desktop,web,1.0,recommendation_v2_test,control,sunscreen,P001,1.0,1361.9,
E00000451,app_open,U00086,S0000170,2026-08-02 17:36:00,Australia,tablet,web,1.0,recommendation_v2_test,control,,,,,
E00000452,search,U00086,S0000170,2026-08-02 17:36:47,Australia,tablet,web,1.0,recommendation_v2_test,control,watch,,,,
E00000453,app_open,U00086,S0000171,2026-08-12 04:47:00,Australia,tablet,web,1.0,recommendation_v2_test,control,,,,,
E00000454,search,U00086,S0000171,2026-08-12 04:47:51,Australia,tablet,web,1.0,recommendation_v2_test,control,sports shoes,,,,
E00000455,click,U00086,S0000171,2026-08-12 04:48:59,Australia,tablet,web,1.0,recommendation_v2_test,control,sports shoes,P003,,,
E00000456,add_to_cart,U00086,S0000171,2026-08-12 04:50:25,Australia,tablet,web,1.0,recommendation_v2_test,control,sports shoes,P003,1.0,521.7,
E00000457,app_open,U00086,S0000172,2026-08-03 16:32:00,Australia,tablet,web,1.0,recommendation_v2_test,control,,,,,
E00000458,search,U00086,S0000172,2026-08-03 16:32:23,Australia,tablet,web,1.0,recommendation_v2_test,control,watch,,,,
E00000459,click,U00086,S0000172,2026-08-03 16:34:10,Australia,tablet,web,1.0,recommendation_v2_test,control,watch,P002,,,
E00000460,app_open,U00087,S0000173,2026-08-01 16:45:00,Australia,tablet,android,1.1,recommendation_v2_test,control,,,,,
E00000461,search,U00087,S0000173,2026-08-01 16:45:28,Australia,tablet,android,1.1,recommendation_v2_test,control,sports shoes,,,,
E00000462,click,U00087,S0000173,2026-08-01 16:46:22,Australia,tablet,android,1.1,recommendation_v2_test,control,sports shoes,P005,,,
E00000463,app_open,U00087,S0000174,2026-08-04 23:46:00,Australia,tablet,android,1.1,recommendation_v2_test,control,,,,,
E00000464,search,U00087,S0000174,2026-08-04 23:46:24,Australia,tablet,android,1.1,recommendation_v2_test,control,black tshirt,,,,
E00000465,click,U00087,S0000174,2026-08-04 23:47:18,Australia,tablet,android,1.1,recommendation_v2_test,control,black tshirt,P006,,,
E00000466,add_to_cart,U00087,S0000174,2026-08-04 23:48:33,Australia,tablet,android,1.1,recommendation_v2_test,control,black tshirt,P006,1.0,3402.99,
E00000467,app_open,U00088,S0000175,2026-08-12 03:07:00,UK,mobile,android,1.0,recommendation_v2_test,control,,,,,
E00000468,search,U00088,S0000175,2026-08-12 03:07:47,UK,mobile,android,1.0,recommendation_v2_test,control,sports shoes,,,,
E00000469,app_open,U00088,S0000176,2026-08-09 05:10:00,UK,mobile,android,1.0,recommendation_v2_test,control,,,,,
E00000470,search,U00088,S0000176,2026-08-09 05:10:34,UK,mobile,android,1.0,recommendation_v2_test,control,running shoes,,,,
E00000471,click,U00088,S0000176,2026-08-09 05:10:51,UK,mobile,android,1.0,recommendation_v2_test,control,running shoes,P003,,,
E00000472,app_open,U00089,S0000177,2026-08-06 23:09:00,India,tablet,ios,1.0,recommendation_v2_test,treatment,,,,,
E00000473,search,U00089,S0000177,2026-08-06 23:09:28,India,tablet,ios,1.0,recommendation_v2_test,treatment,watch,,,,
E00000474,click,U00089,S0000177,2026-08-06 23:10:29,India,tablet,ios,1.0,recommendation_v2_test,treatment,watch,P003,,,
E00000475,add_to_cart,U00089,S0000177,2026-08-06 23:11:10,India,tablet,ios,1.0,recommendation_v2_test,treatment,watch,P003,1.0,4225.45,
E00000476,app_open,U00090,S0000178,2026-08-03 20:18:00,India,tablet,ios,1.1,recommendation_v2_test,control,,,,,
E00000477,app_open,U00091,S0000179,2026-08-04 03:43:00,India,mobile,android,1.1,recommendation_v2_test,control,,,,,
E00000478,search,U00091,S0000179,2026-08-04 03:43:43,India,mobile,android,1.1,recommendation_v2_test,control,sports shoes,,,,
E00000479,click,U00091,S0000179,2026-08-04 03:44:38,India,mobile,android,1.1,recommendation_v2_test,control,sports shoes,P004,,,
E00000480,app_open,U00091,S0000180,2026-08-13 05:11:00,India,mobile,android,1.1,recommendation_v2_test,control,,,,,
E00000481,search,U00091,S0000180,2026-08-13 05:11:13,India,mobile,android,1.1,recommendation_v2_test,control,running shoes,,,,
E00000482,click,U00091,S0000180,2026-08-13 05:11:31,India,mobile,android,1.1,recommendation_v2_test,control,running shoes,P004,,,
E00000483,app_open,U00091,S0000181,2026-08-03 07:28:00,India,mobile,android,1.1,recommendation_v2_test,control,,,,,
E00000484,search,U00091,S0000181,2026-08-03 07:28:28,India,mobile,android,1.1,recommendation_v2_test,control,black tshirt,,,,
E00000485,app_open,U00092,S0000182,2026-08-07 08:26:00,Australia,mobile,ios,1.1,recommendation_v2_test,treatment,,,,,
E00000486,app_open,U00092,S0000183,2026-08-09 10:05:00,Australia,mobile,ios,1.1,recommendation_v2_test,treatment,,,,,
E00000487,search,U00092,S0000183,2026-08-09 10:05:51,Australia,mobile,ios,1.1,recommendation_v2_test,treatment,running shoes,,,,
E00000488,click,U00092,S0000183,2026-08-09 10:07:09,Australia,mobile,ios,1.1,recommendation_v2_test,treatment,running shoes,P006,,,
E00000489,add_to_cart,U00092,S0000183,2026-08-09 10:07:47,Australia,mobile,ios,1.1,recommendation_v2_test,treatment,running shoes,P006,1.0,704.63,
E00000490,purchase,U00092,S0000183,2026-08-09 10:11:48,Australia,mobile,ios,1.1,recommendation_v2_test,treatment,running shoes,P006,1.0,704.63,O0000012
E00000491,app_open,U00093,S0000184,2026-08-04 22:30:00,Australia,desktop,ios,1.0,recommendation_v2_test,control,,,,,
E00000492,search,U00093,S0000184,2026-08-04 22:30:38,Australia,desktop,ios,1.0,recommendation_v2_test,control,sports shoes,,,,
E00000493,click,U00093,S0000184,2026-08-04 22:32:18,Australia,desktop,ios,1.0,recommendation_v2_test,control,sports shoes,P002,,,
E00000494,add_to_cart,U00093,S0000184,2026-08-04 22:33:21,Australia,desktop,ios,1.0,recommendation_v2_test,control,sports shoes,P002,1.0,2861.66,
E00000495,app_open,U00094,S0000185,2026-08-05 22:47:00,Germany,tablet,android,1.1,recommendation_v2_test,control,,,,,
E00000496,search,U00094,S0000185,2026-08-05 22:47:10,Germany,tablet,android,1.1,recommendation_v2_test,control,black tshirt,,,,
E00000497,click,U00094,S0000185,2026-08-05 22:48:30,Germany,tablet,android,1.1,recommendation_v2_test,control,black tshirt,P006,,,
E00000498,app_open,U00094,S0000186,2026-08-01 17:17:00,Germany,tablet,android,1.1,recommendation_v2_test,control,,,,,
E00000499,search,U00094,S0000186,2026-08-01 17:17:15,Germany,tablet,android,1.1,recommendation_v2_test,control,black tshirt,,,,
E00000500,app_open,U00095,S0000187,2026-08-02 04:03:00,Germany,desktop,web,1.0,recommendation_v2_test,treatment,,,,,
E00000501,search,U00095,S0000187,2026-08-02 04:03:08,Germany,desktop,web,1.0,recommendation_v2_test,treatment,running shoes,,,,
E00000502,click,U00095,S0000187,2026-08-02 04:04:47,Germany,desktop,web,1.0,recommendation_v2_test,treatment,running shoes,P002,,,
E00000503,add_to_cart,U00095,S0000187,2026-08-02 04:05:01,Germany,desktop,web,1.0,recommendation_v2_test,treatment,running shoes,P002,1.0,4499.32,
E00000504,purchase,U00095,S0000187,2026-08-02 04:08:25,Germany,desktop,web,1.0,recommendation_v2_test,treatment,running shoes,P002,1.0,4499.32,O0000013
E00000505,app_open,U00096,S0000188,2026-08-10 09:22:00,India,mobile,ios,1.0,recommendation_v2_test,control,,,,,
E00000506,search,U00096,S0000188,2026-08-10 09:22:46,India,mobile,ios,1.0,recommendation_v2_test,control,sunscreen,,,,
E00000507,click,U00096,S0000188,2026-08-10 09:24:45,India,mobile,ios,1.0,recommendation_v2_test,control,sunscreen,P003,,,
E00000508,app_open,U00097,S0000189,2026-08-12 21:37:00,India,desktop,web,1.0,recommendation_v2_test,control,,,,,
E00000509,search,U00097,S0000189,2026-08-12 21:37:57,India,desktop,web,1.0,recommendation_v2_test,control,watch,,,,
E00000510,click,U00097,S0000189,2026-08-12 21:38:15,India,desktop,web,1.0,recommendation_v2_test,control,watch,P006,,,
E00000511,app_open,U00097,S0000190,2026-08-12 22:26:00,India,desktop,web,1.0,recommendation_v2_test,control,,,,,
E00000512,search,U00097,S0000190,2026-08-12 22:26:28,India,desktop,web,1.0,recommendation_v2_test,control,sunscreen,,,,
E00000513,click,U00097,S0000190,2026-08-12 22:28:20,India,desktop,web,1.0,recommendation_v2_test,control,sunscreen,P006,,,
E00000514,app_open,U00097,S0000191,2026-08-07 14:29:00,India,desktop,web,1.0,recommendation_v2_test,control,,,,,
E00000515,search,U00097,S0000191,2026-08-07 14:29:51,India,desktop,web,1.0,recommendation_v2_test,control,running shoes,,,,
E00000516,app_open,U00097,S0000192,2026-08-02 10:43:00,India,desktop,web,1.0,recommendation_v2_test,control,,,,,
E00000517,search,U00097,S0000192,2026-08-02 10:43:06,India,desktop,web,1.0,recommendation_v2_test,control,watch,,,,
E00000518,click,U00097,S0000192,2026-08-02 10:43:48,India,desktop,web,1.0,recommendation_v2_test,control,watch,P005,,,
E00000519,app_open,U00098,S0000193,2026-08-12 00:14:00,UK,desktop,ios,1.0,recommendation_v2_test,treatment,,,,,
E00000520,search,U00098,S0000193,2026-08-12 00:14:24,UK,desktop,ios,1.0,recommendation_v2_test,treatment,black tshirt,,,,
E00000521,click,U00098,S0000193,2026-08-12 00:15:42,UK,desktop,ios,1.0,recommendation_v2_test,treatment,black tshirt,P005,,,
E00000522,add_to_cart,U00098,S0000193,2026-08-12 00:17:34,UK,desktop,ios,1.0,recommendation_v2_test,treatment,black tshirt,P005,1.0,2581.79,
E00000523,app_open,U00099,S0000194,2026-08-09 14:20:00,Germany,tablet,ios,1.1,recommendation_v2_test,treatment,,,,,
E00000524,search,U00099,S0000194,2026-08-09 14:20:51,Germany,tablet,ios,1.1,recommendation_v2_test,treatment,watch,,,,
E00000525,click,U00099,S0000194,2026-08-09 14:21:42,Germany,tablet,ios,1.1,recommendation_v2_test,treatment,watch,P002,,,
E00000526,add_to_cart,U00099,S0000194,2026-08-09 14:22:05,Germany,tablet,ios,1.1,recommendation_v2_test,treatment,watch,P002,1.0,2902.65,
E00000527,app_open,U00100,S0000195,2026-08-14 06:21:00,UK,desktop,android,1.0,recommendation_v2_test,control,,,,,
E00000528,search,U00100,S0000195,2026-08-14 06:21:30,UK,desktop,android,1.0,recommendation_v2_test,control,black tshirt,,,,
E00000529,app_open,U00100,S0000196,2026-08-03 12:39:00,UK,desktop,android,1.0,recommendation_v2_test,control,,,,,
E00000530,search,U00100,S0000196,2026-08-03 12:39:10,UK,desktop,android,1.0,recommendation_v2_test,control,watch,,,,
E00000531,click,U00100,S0000196,2026-08-03 12:40:02,UK,desktop,android,1.0,recommendation_v2_test,control,watch,P006,,,
E00000532,app_open,U00101,S0000197,2026-08-04 09:24:00,Australia,tablet,ios,1.1,recommendation_v2_test,treatment,,,,,
E00000533,search,U00101,S0000197,2026-08-04 09:24:53,Australia,tablet,ios,1.1,recommendation_v2_test,treatment,black tshirt,,,,
E00000534,click,U00101,S0000197,2026-08-04 09:25:46,Australia,tablet,ios,1.1,recommendation_v2_test,treatment,black tshirt,P003,,,
E00000535,app_open,U00101,S0000198,2026-08-14 20:02:00,Australia,tablet,ios,1.1,recommendation_v2_test,treatment,,,,,
E00000536,search,U00101,S0000198,2026-08-14 20:02:12,Australia,tablet,ios,1.1,recommendation_v2_test,treatment,black tshirt,,,,
E00000537,click,U00101,S0000198,2026-08-14 20:03:06,Australia,tablet,ios,1.1,recommendation_v2_test,treatment,black tshirt,P004,,,
E00000538,app_open,U00101,S0000199,2026-08-02 21:38:00,Australia,tablet,ios,1.1,recommendation_v2_test,treatment,,,,,
E00000539,search,U00101,S0000199,2026-08-02 21:38:17,Australia,tablet,ios,1.1,recommendation_v2_test,treatment,sports shoes,,,,
E00000540,click,U00101,S0000199,2026-08-02 21:38:36,Australia,tablet,ios,1.1,recommendation_v2_test,treatment,sports shoes,P002,,,
E00000541,app_open,U00101,S0000200,2026-08-10 06:41:00,Australia,tablet,ios,1.1,recommendation_v2_test,treatment,,,,,
E00000542,search,U00101,S0000200,2026-08-10 06:41:22,Australia,tablet,ios,1.1,recommendation_v2_test,treatment,running shoes,,,,
E00000543,click,U00101,S0000200,2026-08-10 06:42:40,Australia,tablet,ios,1.1,recommendation_v2_test,treatment,running shoes,P005,,,
E00000544,add_to_cart,U00101,S0000200,2026-08-10 06:43:24,Australia,tablet,ios,1.1,recommendation_v2_test,treatment,running shoes,P005,1.0,5316.49,
E00000545,app_open,U00101,S0000201,2026-08-12 11:06:00,Australia,tablet,ios,1.1,recommendation_v2_test,treatment,,,,,
E00000546,search,U00101,S0000201,2026-08-12 11:06:52,Australia,tablet,ios,1.1,recommendation_v2_test,treatment,running shoes,,,,
E00000547,app_open,U00101,S0000202,2026-08-07 18:04:00,Australia,tablet,ios,1.1,recommendation_v2_test,treatment,,,,,
E00000548,search,U00101,S0000202,2026-08-07 18:04:53,Australia,tablet,ios,1.1,recommendation_v2_test,treatment,running shoes,,,,
E00000549,click,U00101,S0000202,2026-08-07 18:05:12,Australia,tablet,ios,1.1,recommendation_v2_test,treatment,running shoes,P001,,,
E00000550,app_open,U00102,S0000203,2026-08-08 15:01:00,UK,tablet,android,1.0,recommendation_v2_test,treatment,,,,,
E00000551,search,U00102,S0000203,2026-08-08 15:01:12,UK,tablet,android,1.0,recommendation_v2_test,treatment,running shoes,,,,
E00000552,click,U00102,S0000203,2026-08-08 15:02:44,UK,tablet,android,1.0,recommendation_v2_test,treatment,running shoes,P001,,,
E00000553,app_open,U00103,S0000204,2026-08-08 19:31:00,India,mobile,web,1.1,recommendation_v2_test,control,,,,,
E00000554,search,U00103,S0000204,2026-08-08 19:31:16,India,mobile,web,1.1,recommendation_v2_test,control,sports shoes,,,,
E00000555,click,U00103,S0000204,2026-08-08 19:32:21,India,mobile,web,1.1,recommendation_v2_test,control,sports shoes,P001,,,
E00000556,add_to_cart,U00103,S0000204,2026-08-08 19:34:19,India,mobile,web,1.1,recommendation_v2_test,control,sports shoes,P001,1.0,4483.33,
E00000557,purchase,U00103,S0000204,2026-08-08 19:39:08,India,mobile,web,1.1,recommendation_v2_test,control,sports shoes,P001,1.0,4483.33,O0000014
E00000558,app_open,U00104,S0000205,2026-08-06 18:12:00,UK,mobile,web,1.0,recommendation_v2_test,control,,,,,
E00000559,search,U00104,S0000205,2026-08-06 18:12:57,UK,mobile,web,1.0,recommendation_v2_test,control,black tshirt,,,,
E00000560,click,U00104,S0000205,2026-08-06 18:13:20,UK,mobile,web,1.0,recommendation_v2_test,control,black tshirt,P006,,,
E00000561,app_open,U00104,S0000206,2026-08-05 04:52:00,UK,mobile,web,1.0,recommendation_v2_test,control,,,,,
E00000562,search,U00104,S0000206,2026-08-05 04:52:42,UK,mobile,web,1.0,recommendation_v2_test,control,sunscreen,,,,
E00000563,click,U00104,S0000206,2026-08-05 04:53:47,UK,mobile,web,1.0,recommendation_v2_test,control,sunscreen,P004,,,
E00000564,app_open,U00105,S0000207,2026-08-13 00:32:00,Germany,tablet,ios,1.0,recommendation_v2_test,control,,,,,
E00000565,search,U00105,S0000207,2026-08-13 00:32:26,Germany,tablet,ios,1.0,recommendation_v2_test,control,sports shoes,,,,
E00000566,click,U00105,S0000207,2026-08-13 00:32:46,Germany,tablet,ios,1.0,recommendation_v2_test,control,sports shoes,P006,,,
E00000567,app_open,U00106,S0000208,2026-08-09 21:59:00,Germany,desktop,ios,1.1,recommendation_v2_test,control,,,,,
E00000568,search,U00106,S0000208,2026-08-09 21:59:26,Germany,desktop,ios,1.1,recommendation_v2_test,control,sunscreen,,,,
E00000569,click,U00106,S0000208,2026-08-09 22:00:07,Germany,desktop,ios,1.1,recommendation_v2_test,control,sunscreen,P006,,,
E00000570,app_open,U00107,S0000209,2026-08-01 03:40:00,Australia,tablet,android,1.1,recommendation_v2_test,treatment,,,,,
E00000571,search,U00107,S0000209,2026-08-01 03:40:30,Australia,tablet,android,1.1,recommendation_v2_test,treatment,black tshirt,,,,
E00000572,app_open,U00107,S0000210,2026-08-06 18:15:00,Australia,tablet,android,1.1,recommendation_v2_test,treatment,,,,,
E00000573,search,U00107,S0000210,2026-08-06 18:15:20,Australia,tablet,android,1.1,recommendation_v2_test,treatment,running shoes,,,,
E00000574,click,U00107,S0000210,2026-08-06 18:15:56,Australia,tablet,android,1.1,recommendation_v2_test,treatment,running shoes,P003,,,
E00000575,app_open,U00107,S0000211,2026-08-14 17:55:00,Australia,tablet,android,1.1,recommendation_v2_test,treatment,,,,,
E00000576,search,U00107,S0000211,2026-08-14 17:55:44,Australia,tablet,android,1.1,recommendation_v2_test,treatment,running shoes,,,,
E00000577,click,U00107,S0000211,2026-08-14 17:57:10,Australia,tablet,android,1.1,recommendation_v2_test,treatment,running shoes,P001,,,
E00000578,add_to_cart,U00107,S0000211,2026-08-14 17:58:16,Australia,tablet,android,1.1,recommendation_v2_test,treatment,running shoes,P001,1.0,4563.64,
E00000579,app_open,U00107,S0000212,2026-08-11 01:00:00,Australia,tablet,android,1.1,recommendation_v2_test,treatment,,,,,
E00000580,search,U00107,S0000212,2026-08-11 01:00:24,Australia,tablet,android,1.1,recommendation_v2_test,treatment,black tshirt,,,,
E00000581,app_open,U00107,S0000213,2026-08-04 14:50:00,Australia,tablet,android,1.1,recommendation_v2_test,treatment,,,,,
E00000582,search,U00107,S0000213,2026-08-04 14:50:48,Australia,tablet,android,1.1,recommendation_v2_test,treatment,watch,,,,
E00000583,click,U00107,S0000213,2026-08-04 14:52:20,Australia,tablet,android,1.1,recommendation_v2_test,treatment,watch,P003,,,
E00000584,app_open,U00108,S0000214,2026-08-14 00:10:00,Germany,mobile,web,1.1,recommendation_v2_test,control,,,,,
E00000585,search,U00108,S0000214,2026-08-14 00:10:19,Germany,mobile,web,1.1,recommendation_v2_test,control,running shoes,,,,
E00000586,click,U00108,S0000214,2026-08-14 00:11:12,Germany,mobile,web,1.1,recommendation_v2_test,control,running shoes,P003,,,
E00000587,app_open,U00109,S0000215,2026-08-05 00:19:00,Australia,tablet,web,1.1,recommendation_v2_test,treatment,,,,,
E00000588,app_open,U00109,S0000216,2026-08-10 06:29:00,Australia,tablet,web,1.1,recommendation_v2_test,treatment,,,,,
E00000589,search,U00109,S0000216,2026-08-10 06:29:41,Australia,tablet,web,1.1,recommendation_v2_test,treatment,watch,,,,
E00000590,app_open,U00109,S0000217,2026-08-10 13:55:00,Australia,tablet,web,1.1,recommendation_v2_test,treatment,,,,,
E00000591,search,U00109,S0000217,2026-08-10 13:55:09,Australia,tablet,web,1.1,recommendation_v2_test,treatment,running shoes,,,,
E00000592,click,U00109,S0000217,2026-08-10 13:55:43,Australia,tablet,web,1.1,recommendation_v2_test,treatment,running shoes,P001,,,
E00000593,add_to_cart,U00109,S0000217,2026-08-10 13:57:13,Australia,tablet,web,1.1,recommendation_v2_test,treatment,running shoes,P001,1.0,3725.12,
E00000594,app_open,U00109,S0000218,2026-08-01 07:50:00,Australia,tablet,web,1.1,recommendation_v2_test,treatment,,,,,
E00000595,search,U00109,S0000218,2026-08-01 07:50:53,Australia,tablet,web,1.1,recommendation_v2_test,treatment,black tshirt,,,,
E00000596,app_open,U00109,S0000219,2026-08-03 00:58:00,Australia,tablet,web,1.1,recommendation_v2_test,treatment,,,,,
E00000597,search,U00109,S0000219,2026-08-03 00:58:07,Australia,tablet,web,1.1,recommendation_v2_test,treatment,sports shoes,,,,
E00000598,click,U00109,S0000219,2026-08-03 00:59:18,Australia,tablet,web,1.1,recommendation_v2_test,treatment,sports shoes,P006,,,
E00000599,app_open,U00110,S0000220,2026-08-03 18:03:00,Germany,desktop,web,1.0,recommendation_v2_test,control,,,,,
E00000600,search,U00110,S0000220,2026-08-03 18:03:30,Germany,desktop,web,1.0,recommendation_v2_test,control,running shoes,,,,
E00000601,app_open,U00111,S0000221,2026-08-01 23:15:00,UK,desktop,web,1.0,recommendation_v2_test,control,,,,,
E00000602,search,U00111,S0000221,2026-08-01 23:15:07,UK,desktop,web,1.0,recommendation_v2_test,control,sports shoes,,,,
E00000603,click,U00111,S0000221,2026-08-01 23:15:51,UK,desktop,web,1.0,recommendation_v2_test,control,sports shoes,P001,,,
E00000604,app_open,U00111,S0000222,2026-08-03 07:15:00,UK,desktop,web,1.0,recommendation_v2_test,control,,,,,
E00000605,app_open,U00112,S0000223,2026-08-05 06:34:00,Germany,mobile,android,1.0,recommendation_v2_test,treatment,,,,,
E00000606,search,U00112,S0000223,2026-08-05 06:34:43,Germany,mobile,android,1.0,recommendation_v2_test,treatment,sports shoes,,,,
E00000607,click,U00112,S0000223,2026-08-05 06:35:39,Germany,mobile,android,1.0,recommendation_v2_test,treatment,sports shoes,P004,,,
E00000608,add_to_cart,U00112,S0000223,2026-08-05 06:38:29,Germany,mobile,android,1.0,recommendation_v2_test,treatment,sports shoes,P004,1.0,1176.2,
E00000609,app_open,U00113,S0000224,2026-08-09 16:01:00,India,mobile,android,1.0,recommendation_v2_test,control,,,,,
E00000610,search,U00113,S0000224,2026-08-09 16:01:58,India,mobile,android,1.0,recommendation_v2_test,control,sports shoes,,,,
E00000611,click,U00113,S0000224,2026-08-09 16:02:07,India,mobile,android,1.0,recommendation_v2_test,control,sports shoes,P001,,,
E00000612,add_to_cart,U00113,S0000224,2026-08-09 16:04:19,India,mobile,android,1.0,recommendation_v2_test,control,sports shoes,P001,1.0,5249.21,
E00000613,purchase,U00113,S0000224,2026-08-09 16:05:02,India,mobile,android,1.0,recommendation_v2_test,control,sports shoes,P001,1.0,5249.21,O0000015
E00000614,app_open,U00113,S0000225,2026-08-12 22:13:00,India,mobile,android,1.0,recommendation_v2_test,control,,,,,
E00000615,search,U00113,S0000225,2026-08-12 22:13:12,India,mobile,android,1.0,recommendation_v2_test,control,running shoes,,,,
E00000616,app_open,U00113,S0000226,2026-08-06 16:47:00,India,mobile,android,1.0,recommendation_v2_test,control,,,,,
E00000617,search,U00113,S0000226,2026-08-06 16:47:41,India,mobile,android,1.0,recommendation_v2_test,control,running shoes,,,,
E00000618,click,U00113,S0000226,2026-08-06 16:48:40,India,mobile,android,1.0,recommendation_v2_test,control,running shoes,P002,,,
E00000619,add_to_cart,U00113,S0000226,2026-08-06 16:49:49,India,mobile,android,1.0,recommendation_v2_test,control,running shoes,P002,1.0,5693.7,
E00000620,app_open,U00113,S0000227,2026-08-14 16:34:00,India,mobile,android,1.0,recommendation_v2_test,control,,,,,
E00000621,search,U00113,S0000227,2026-08-14 16:34:32,India,mobile,android,1.0,recommendation_v2_test,control,sunscreen,,,,
E00000622,app_open,U00114,S0000228,2026-08-06 10:23:00,UK,tablet,web,1.1,recommendation_v2_test,control,,,,,
E00000623,search,U00114,S0000228,2026-08-06 10:23:29,UK,tablet,web,1.1,recommendation_v2_test,control,running shoes,,,,
E00000624,app_open,U00114,S0000229,2026-08-06 23:15:00,UK,tablet,web,1.1,recommendation_v2_test,control,,,,,
E00000625,search,U00114,S0000229,2026-08-06 23:15:50,UK,tablet,web,1.1,recommendation_v2_test,control,sports shoes,,,,
E00000626,app_open,U00114,S0000230,2026-08-09 17:59:00,UK,tablet,web,1.1,recommendation_v2_test,control,,,,,
E00000627,search,U00114,S0000230,2026-08-09 17:59:31,UK,tablet,web,1.1,recommendation_v2_test,control,sports shoes,,,,
E00000628,click,U00114,S0000230,2026-08-09 17:59:36,UK,tablet,web,1.1,recommendation_v2_test,control,sports shoes,P004,,,
E00000629,app_open,U00114,S0000231,2026-08-12 20:43:00,UK,tablet,web,1.1,recommendation_v2_test,control,,,,,
E00000630,search,U00114,S0000231,2026-08-12 20:43:18,UK,tablet,web,1.1,recommendation_v2_test,control,sunscreen,,,,
E00000631,app_open,U00115,S0000232,2026-08-11 05:51:00,Australia,desktop,web,1.1,recommendation_v2_test,treatment,,,,,
E00000632,search,U00115,S0000232,2026-08-11 05:51:10,Australia,desktop,web,1.1,recommendation_v2_test,treatment,black tshirt,,,,
E00000633,click,U00115,S0000232,2026-08-11 05:51:17,Australia,desktop,web,1.1,recommendation_v2_test,treatment,black tshirt,P004,,,
E00000634,add_to_cart,U00115,S0000232,2026-08-11 05:52:31,Australia,desktop,web,1.1,recommendation_v2_test,treatment,black tshirt,P004,1.0,1994.33,
E00000635,app_open,U00115,S0000233,2026-08-03 01:53:00,Australia,desktop,web,1.1,recommendation_v2_test,treatment,,,,,
E00000636,search,U00115,S0000233,2026-08-03 01:53:11,Australia,desktop,web,1.1,recommendation_v2_test,treatment,running shoes,,,,
E00000637,click,U00115,S0000233,2026-08-03 01:53:51,Australia,desktop,web,1.1,recommendation_v2_test,treatment,running shoes,P002,,,
E00000638,app_open,U00115,S0000234,2026-08-01 09:53:00,Australia,desktop,web,1.1,recommendation_v2_test,treatment,,,,,
E00000639,search,U00115,S0000234,2026-08-01 09:53:14,Australia,desktop,web,1.1,recommendation_v2_test,treatment,sports shoes,,,,
E00000640,app_open,U00116,S0000235,2026-08-02 07:13:00,UK,desktop,ios,1.1,recommendation_v2_test,treatment,,,,,
E00000641,search,U00116,S0000235,2026-08-02 07:13:56,UK,desktop,ios,1.1,recommendation_v2_test,treatment,black tshirt,,,,
E00000642,click,U00116,S0000235,2026-08-02 07:15:07,UK,desktop,ios,1.1,recommendation_v2_test,treatment,black tshirt,P002,,,
E00000643,add_to_cart,U00116,S0000235,2026-08-02 07:17:34,UK,desktop,ios,1.1,recommendation_v2_test,treatment,black tshirt,P002,1.0,515.79,
E00000644,app_open,U00117,S0000236,2026-08-03 21:50:00,Germany,desktop,web,1.1,recommendation_v2_test,control,,,,,
E00000645,search,U00117,S0000236,2026-08-03 21:50:37,Germany,desktop,web,1.1,recommendation_v2_test,control,black tshirt,,,,
E00000646,click,U00117,S0000236,2026-08-03 21:52:02,Germany,desktop,web,1.1,recommendation_v2_test,control,black tshirt,P003,,,
E00000647,app_open,U00118,S0000237,2026-08-09 21:08:00,Germany,desktop,ios,1.0,recommendation_v2_test,treatment,,,,,
E00000648,search,U00118,S0000237,2026-08-09 21:08:48,Germany,desktop,ios,1.0,recommendation_v2_test,treatment,sports shoes,,,,
E00000649,click,U00118,S0000237,2026-08-09 21:09:07,Germany,desktop,ios,1.0,recommendation_v2_test,treatment,sports shoes,P003,,,
E00000650,app_open,U00119,S0000238,2026-08-10 19:38:00,Germany,tablet,web,1.0,recommendation_v2_test,control,,,,,
E00000651,search,U00119,S0000238,2026-08-10 19:38:23,Germany,tablet,web,1.0,recommendation_v2_test,control,sunscreen,,,,
E00000652,app_open,U00119,S0000239,2026-08-02 02:23:00,Germany,tablet,web,1.0,recommendation_v2_test,control,,,,,
E00000653,app_open,U00120,S0000240,2026-08-14 21:59:00,UK,mobile,android,1.1,recommendation_v2_test,control,,,,,
E00000654,search,U00120,S0000240,2026-08-14 21:59:41,UK,mobile,android,1.1,recommendation_v2_test,control,sunscreen,,,,
E00000655,app_open,U00121,S0000241,2026-08-02 14:23:00,Australia,desktop,web,1.1,recommendation_v2_test,treatment,,,,,
E00000656,search,U00121,S0000241,2026-08-02 14:23:48,Australia,desktop,web,1.1,recommendation_v2_test,treatment,black tshirt,,,,
E00000657,click,U00121,S0000241,2026-08-02 14:24:31,Australia,desktop,web,1.1,recommendation_v2_test,treatment,black tshirt,P003,,,
E00000658,app_open,U00121,S0000242,2026-08-05 03:15:00,Australia,desktop,web,1.1,recommendation_v2_test,treatment,,,,,
E00000659,search,U00121,S0000242,2026-08-05 03:15:19,Australia,desktop,web,1.1,recommendation_v2_test,treatment,watch,,,,
E00000660,app_open,U00121,S0000243,2026-08-12 19:20:00,Australia,desktop,web,1.1,recommendation_v2_test,treatment,,,,,
E00000661,search,U00121,S0000243,2026-08-12 19:20:15,Australia,desktop,web,1.1,recommendation_v2_test,treatment,running shoes,,,,
E00000662,app_open,U00122,S0000244,2026-08-09 12:14:00,Germany,tablet,ios,1.1,recommendation_v2_test,treatment,,,,,
E00000663,search,U00122,S0000244,2026-08-09 12:14:42,Germany,tablet,ios,1.1,recommendation_v2_test,treatment,sunscreen,,,,
E00000664,click,U00122,S0000244,2026-08-09 12:15:37,Germany,tablet,ios,1.1,recommendation_v2_test,treatment,sunscreen,P003,,,
E00000665,app_open,U00123,S0000245,2026-08-02 10:58:00,Germany,desktop,web,1.1,recommendation_v2_test,treatment,,,,,
E00000666,search,U00123,S0000245,2026-08-02 10:58:53,Germany,desktop,web,1.1,recommendation_v2_test,treatment,running shoes,,,,
E00000667,click,U00123,S0000245,2026-08-02 11:00:32,Germany,desktop,web,1.1,recommendation_v2_test,treatment,running shoes,P001,,,
E00000668,add_to_cart,U00123,S0000245,2026-08-02 11:00:46,Germany,desktop,web,1.1,recommendation_v2_test,treatment,running shoes,P001,1.0,2440.45,
E00000669,app_open,U00124,S0000246,2026-08-14 18:33:00,Australia,tablet,web,1.1,recommendation_v2_test,control,,,,,
E00000670,search,U00124,S0000246,2026-08-14 18:33:53,Australia,tablet,web,1.1,recommendation_v2_test,control,running shoes,,,,
E00000671,click,U00124,S0000246,2026-08-14 18:34:00,Australia,tablet,web,1.1,recommendation_v2_test,control,running shoes,P005,,,
E00000672,app_open,U00124,S0000247,2026-08-04 11:31:00,Australia,tablet,web,1.1,recommendation_v2_test,control,,,,,
E00000673,search,U00124,S0000247,2026-08-04 11:31:36,Australia,tablet,web,1.1,recommendation_v2_test,control,running shoes,,,,
E00000674,click,U00124,S0000247,2026-08-04 11:32:15,Australia,tablet,web,1.1,recommendation_v2_test,control,running shoes,P004,,,
E00000675,app_open,U00125,S0000248,2026-08-09 08:12:00,Germany,tablet,web,1.0,recommendation_v2_test,control,,,,,
E00000676,search,U00125,S0000248,2026-08-09 08:12:29,Germany,tablet,web,1.0,recommendation_v2_test,control,black tshirt,,,,
E00000677,click,U00125,S0000248,2026-08-09 08:13:41,Germany,tablet,web,1.0,recommendation_v2_test,control,black tshirt,P002,,,
E00000678,add_to_cart,U00125,S0000248,2026-08-09 08:15:34,Germany,tablet,web,1.0,recommendation_v2_test,control,black tshirt,P002,1.0,1350.98,
E00000679,app_open,U00126,S0000249,2026-08-06 20:08:00,India,desktop,android,1.1,recommendation_v2_test,control,,,,,
E00000680,search,U00126,S0000249,2026-08-06 20:08:51,India,desktop,android,1.1,recommendation_v2_test,control,black tshirt,,,,
E00000681,app_open,U00126,S0000250,2026-08-06 10:47:00,India,desktop,android,1.1,recommendation_v2_test,control,,,,,
E00000682,search,U00126,S0000250,2026-08-06 10:47:25,India,desktop,android,1.1,recommendation_v2_test,control,running shoes,,,,
E00000683,click,U00126,S0000250,2026-08-06 10:47:44,India,desktop,android,1.1,recommendation_v2_test,control,running shoes,P001,,,
E00000684,app_open,U00127,S0000251,2026-08-04 06:36:00,UK,tablet,ios,1.1,recommendation_v2_test,control,,,,,
E00000685,search,U00127,S0000251,2026-08-04 06:36:36,UK,tablet,ios,1.1,recommendation_v2_test,control,running shoes,,,,
E00000686,app_open,U00128,S0000252,2026-08-09 23:26:00,UK,mobile,web,1.1,recommendation_v2_test,treatment,,,,,
E00000687,app_open,U00128,S0000253,2026-08-13 14:19:00,UK,mobile,web,1.1,recommendation_v2_test,treatment,,,,,
E00000688,search,U00128,S0000253,2026-08-13 14:19:23,UK,mobile,web,1.1,recommendation_v2_test,treatment,sports shoes,,,,
E00000689,click,U00128,S0000253,2026-08-13 14:20:09,UK,mobile,web,1.1,recommendation_v2_test,treatment,sports shoes,P001,,,
E00000690,add_to_cart,U00128,S0000253,2026-08-13 14:23:02,UK,mobile,web,1.1,recommendation_v2_test,treatment,sports shoes,P001,1.0,546.54,
E00000691,purchase,U00128,S0000253,2026-08-13 14:23:48,UK,mobile,web,1.1,recommendation_v2_test,treatment,sports shoes,P001,1.0,546.54,O0000016
E00000692,app_open,U00128,S0000254,2026-08-06 14:39:00,UK,mobile,web,1.1,recommendation_v2_test,treatment,,,,,
E00000693,search,U00128,S0000254,2026-08-06 14:39:30,UK,mobile,web,1.1,recommendation_v2_test,treatment,sunscreen,,,,
E00000694,app_open,U00129,S0000255,2026-08-07 06:30:00,Germany,tablet,ios,1.1,recommendation_v2_test,treatment,,,,,
E00000695,search,U00129,S0000255,2026-08-07 06:30:55,Germany,tablet,ios,1.1,recommendation_v2_test,treatment,black tshirt,,,,
E00000696,click,U00129,S0000255,2026-08-07 06:31:09,Germany,tablet,ios,1.1,recommendation_v2_test,treatment,black tshirt,P006,,,
E00000697,app_open,U00130,S0000256,2026-08-14 01:03:00,India,tablet,ios,1.0,recommendation_v2_test,treatment,,,,,
E00000698,search,U00130,S0000256,2026-08-14 01:03:55,India,tablet,ios,1.0,recommendation_v2_test,treatment,black tshirt,,,,
E00000699,app_open,U00130,S0000257,2026-08-10 07:36:00,India,tablet,ios,1.0,recommendation_v2_test,treatment,,,,,
E00000700,search,U00130,S0000257,2026-08-10 07:36:50,India,tablet,ios,1.0,recommendation_v2_test,treatment,running shoes,,,,
E00000701,click,U00130,S0000257,2026-08-10 07:38:29,India,tablet,ios,1.0,recommendation_v2_test,treatment,running shoes,P003,,,
E00000702,app_open,U00131,S0000258,2026-08-13 23:27:00,Australia,desktop,web,1.1,recommendation_v2_test,treatment,,,,,
E00000703,search,U00131,S0000258,2026-08-13 23:27:26,Australia,desktop,web,1.1,recommendation_v2_test,treatment,black tshirt,,,,
E00000704,click,U00131,S0000258,2026-08-13 23:28:34,Australia,desktop,web,1.1,recommendation_v2_test,treatment,black tshirt,P001,,,
E00000705,app_open,U00131,S0000259,2026-08-08 17:20:00,Australia,desktop,web,1.1,recommendation_v2_test,treatment,,,,,
E00000706,search,U00131,S0000259,2026-08-08 17:20:26,Australia,desktop,web,1.1,recommendation_v2_test,treatment,running shoes,,,,
E00000707,click,U00131,S0000259,2026-08-08 17:20:37,Australia,desktop,web,1.1,recommendation_v2_test,treatment,running shoes,P002,,,
E00000708,app_open,U00132,S0000260,2026-08-04 20:18:00,Germany,desktop,web,1.1,recommendation_v2_test,control,,,,,
E00000709,search,U00132,S0000260,2026-08-04 20:18:22,Germany,desktop,web,1.1,recommendation_v2_test,control,sunscreen,,,,
E00000710,app_open,U00132,S0000261,2026-08-10 13:57:00,Germany,desktop,web,1.1,recommendation_v2_test,control,,,,,
E00000711,search,U00132,S0000261,2026-08-10 13:57:35,Germany,desktop,web,1.1,recommendation_v2_test,control,running shoes,,,,
E00000712,app_open,U00132,S0000262,2026-08-14 04:33:00,Germany,desktop,web,1.1,recommendation_v2_test,control,,,,,
E00000713,search,U00132,S0000262,2026-08-14 04:33:13,Germany,desktop,web,1.1,recommendation_v2_test,control,watch,,,,
E00000714,click,U00132,S0000262,2026-08-14 04:34:34,Germany,desktop,web,1.1,recommendation_v2_test,control,watch,P002,,,
E00000715,app_open,U00133,S0000263,2026-08-10 10:11:00,India,mobile,ios,1.1,recommendation_v2_test,control,,,,,
E00000716,search,U00133,S0000263,2026-08-10 10:11:14,India,mobile,ios,1.1,recommendation_v2_test,control,sunscreen,,,,
E00000717,click,U00133,S0000263,2026-08-10 10:11:57,India,mobile,ios,1.1,recommendation_v2_test,control,sunscreen,P001,,,
E00000718,add_to_cart,U00133,S0000263,2026-08-10 10:13:14,India,mobile,ios,1.1,recommendation_v2_test,control,sunscreen,P001,1.0,3259.93,
E00000719,app_open,U00133,S0000264,2026-08-03 14:03:00,India,mobile,ios,1.1,recommendation_v2_test,control,,,,,
E00000720,search,U00133,S0000264,2026-08-03 14:03:06,India,mobile,ios,1.1,recommendation_v2_test,control,running shoes,,,,
E00000721,app_open,U00133,S0000265,2026-08-14 23:34:00,India,mobile,ios,1.1,recommendation_v2_test,control,,,,,
E00000722,search,U00133,S0000265,2026-08-14 23:34:30,India,mobile,ios,1.1,recommendation_v2_test,control,watch,,,,
E00000723,click,U00133,S0000265,2026-08-14 23:35:17,India,mobile,ios,1.1,recommendation_v2_test,control,watch,P001,,,
E00000724,add_to_cart,U00133,S0000265,2026-08-14 23:37:01,India,mobile,ios,1.1,recommendation_v2_test,control,watch,P001,1.0,5236.83,
E00000725,app_open,U00133,S0000266,2026-08-02 17:52:00,India,mobile,ios,1.1,recommendation_v2_test,control,,,,,
E00000726,search,U00133,S0000266,2026-08-02 17:52:39,India,mobile,ios,1.1,recommendation_v2_test,control,black tshirt,,,,
E00000727,click,U00133,S0000266,2026-08-02 17:54:35,India,mobile,ios,1.1,recommendation_v2_test,control,black tshirt,P005,,,
E00000728,app_open,U00134,S0000267,2026-08-04 15:16:00,UK,tablet,ios,1.1,recommendation_v2_test,treatment,,,,,
E00000729,search,U00134,S0000267,2026-08-04 15:16:54,UK,tablet,ios,1.1,recommendation_v2_test,treatment,watch,,,,
E00000730,app_open,U00135,S0000268,2026-08-09 05:19:00,Germany,mobile,android,1.1,recommendation_v2_test,treatment,,,,,
E00000731,search,U00135,S0000268,2026-08-09 05:19:16,Germany,mobile,android,1.1,recommendation_v2_test,treatment,black tshirt,,,,
E00000732,app_open,U00135,S0000269,2026-08-05 23:53:00,Germany,mobile,android,1.1,recommendation_v2_test,treatment,,,,,
E00000733,search,U00135,S0000269,2026-08-05 23:53:44,Germany,mobile,android,1.1,recommendation_v2_test,treatment,black tshirt,,,,
E00000734,click,U00135,S0000269,2026-08-05 23:54:05,Germany,mobile,android,1.1,recommendation_v2_test,treatment,black tshirt,P002,,,
E00000735,add_to_cart,U00135,S0000269,2026-08-05 23:54:45,Germany,mobile,android,1.1,recommendation_v2_test,treatment,black tshirt,P002,1.0,1783.54,
E00000736,purchase,U00135,S0000269,2026-08-05 23:56:36,Germany,mobile,android,1.1,recommendation_v2_test,treatment,black tshirt,P002,1.0,1783.54,O0000017
E00000737,app_open,U00135,S0000270,2026-08-04 02:41:00,Germany,mobile,android,1.1,recommendation_v2_test,treatment,,,,,
E00000738,search,U00135,S0000270,2026-08-04 02:41:54,Germany,mobile,android,1.1,recommendation_v2_test,treatment,watch,,,,
E00000739,click,U00135,S0000270,2026-08-04 02:42:36,Germany,mobile,android,1.1,recommendation_v2_test,treatment,watch,P001,,,
E00000740,app_open,U00135,S0000271,2026-08-05 08:30:00,Germany,mobile,android,1.1,recommendation_v2_test,treatment,,,,,
E00000741,search,U00135,S0000271,2026-08-05 08:30:07,Germany,mobile,android,1.1,recommendation_v2_test,treatment,sunscreen,,,,
E00000742,click,U00135,S0000271,2026-08-05 08:31:16,Germany,mobile,android,1.1,recommendation_v2_test,treatment,sunscreen,P005,,,
E00000743,app_open,U00136,S0000272,2026-08-02 05:26:00,India,desktop,ios,1.1,recommendation_v2_test,treatment,,,,,
E00000744,search,U00136,S0000272,2026-08-02 05:26:06,India,desktop,ios,1.1,recommendation_v2_test,treatment,watch,,,,
E00000745,click,U00136,S0000272,2026-08-02 05:27:28,India,desktop,ios,1.1,recommendation_v2_test,treatment,watch,P005,,,
E00000746,add_to_cart,U00136,S0000272,2026-08-02 05:30:07,India,desktop,ios,1.1,recommendation_v2_test,treatment,watch,P005,1.0,845.9,
E00000747,app_open,U00136,S0000273,2026-08-10 02:14:00,India,desktop,ios,1.1,recommendation_v2_test,treatment,,,,,
E00000748,search,U00136,S0000273,2026-08-10 02:14:45,India,desktop,ios,1.1,recommendation_v2_test,treatment,watch,,,,
E00000749,click,U00136,S0000273,2026-08-10 02:16:10,India,desktop,ios,1.1,recommendation_v2_test,treatment,watch,P006,,,
E00000750,app_open,U00137,S0000274,2026-08-04 23:24:00,India,mobile,ios,1.0,recommendation_v2_test,treatment,,,,,
E00000751,search,U00137,S0000274,2026-08-04 23:24:17,India,mobile,ios,1.0,recommendation_v2_test,treatment,running shoes,,,,
E00000752,click,U00137,S0000274,2026-08-04 23:25:57,India,mobile,ios,1.0,recommendation_v2_test,treatment,running shoes,P001,,,
E00000753,add_to_cart,U00137,S0000274,2026-08-04 23:28:44,India,mobile,ios,1.0,recommendation_v2_test,treatment,running shoes,P001,1.0,3810.22,
E00000754,app_open,U00137,S0000275,2026-08-06 08:38:00,India,mobile,ios,1.0,recommendation_v2_test,treatment,,,,,
E00000755,search,U00137,S0000275,2026-08-06 08:38:43,India,mobile,ios,1.0,recommendation_v2_test,treatment,sunscreen,,,,
E00000756,click,U00137,S0000275,2026-08-06 08:39:42,India,mobile,ios,1.0,recommendation_v2_test,treatment,sunscreen,P001,,,
E00000757,app_open,U00138,S0000276,2026-08-09 15:59:00,Australia,desktop,ios,1.0,recommendation_v2_test,treatment,,,,,
E00000758,search,U00138,S0000276,2026-08-09 15:59:46,Australia,desktop,ios,1.0,recommendation_v2_test,treatment,running shoes,,,,
E00000759,app_open,U00138,S0000277,2026-08-13 08:23:00,Australia,desktop,ios,1.0,recommendation_v2_test,treatment,,,,,
E00000760,search,U00138,S0000277,2026-08-13 08:23:20,Australia,desktop,ios,1.0,recommendation_v2_test,treatment,running shoes,,,,
E00000761,click,U00138,S0000277,2026-08-13 08:24:51,Australia,desktop,ios,1.0,recommendation_v2_test,treatment,running shoes,P004,,,
E00000762,app_open,U00138,S0000278,2026-08-09 10:04:00,Australia,desktop,ios,1.0,recommendation_v2_test,treatment,,,,,
E00000763,search,U00138,S0000278,2026-08-09 10:04:23,Australia,desktop,ios,1.0,recommendation_v2_test,treatment,black tshirt,,,,
E00000764,click,U00138,S0000278,2026-08-09 10:04:57,Australia,desktop,ios,1.0,recommendation_v2_test,treatment,black tshirt,P003,,,
E00000765,app_open,U00138,S0000279,2026-08-02 07:24:00,Australia,desktop,ios,1.0,recommendation_v2_test,treatment,,,,,
E00000766,search,U00138,S0000279,2026-08-02 07:24:18,Australia,desktop,ios,1.0,recommendation_v2_test,treatment,sunscreen,,,,
E00000767,app_open,U00138,S0000280,2026-08-14 13:46:00,Australia,desktop,ios,1.0,recommendation_v2_test,treatment,,,,,
E00000768,search,U00138,S0000280,2026-08-14 13:46:40,Australia,desktop,ios,1.0,recommendation_v2_test,treatment,sunscreen,,,,
E00000769,app_open,U00139,S0000281,2026-08-13 06:29:00,Australia,mobile,ios,1.1,recommendation_v2_test,control,,,,,
E00000770,search,U00139,S0000281,2026-08-13 06:29:32,Australia,mobile,ios,1.1,recommendation_v2_test,control,watch,,,,
E00000771,click,U00139,S0000281,2026-08-13 06:30:45,Australia,mobile,ios,1.1,recommendation_v2_test,control,watch,P002,,,
E00000772,app_open,U00139,S0000282,2026-08-11 18:34:00,Australia,mobile,ios,1.1,recommendation_v2_test,control,,,,,
E00000773,search,U00139,S0000282,2026-08-11 18:34:44,Australia,mobile,ios,1.1,recommendation_v2_test,control,watch,,,,
E00000774,app_open,U00140,S0000283,2026-08-13 15:10:00,UK,desktop,web,1.1,recommendation_v2_test,control,,,,,
E00000775,search,U00140,S0000283,2026-08-13 15:10:31,UK,desktop,web,1.1,recommendation_v2_test,control,running shoes,,,,
E00000776,click,U00140,S0000283,2026-08-13 15:11:39,UK,desktop,web,1.1,recommendation_v2_test,control,running shoes,P006,,,
E00000777,add_to_cart,U00140,S0000283,2026-08-13 15:12:38,UK,desktop,web,1.1,recommendation_v2_test,control,running shoes,P006,1.0,5500.18,
E00000778,app_open,U00140,S0000284,2026-08-05 18:43:00,UK,desktop,web,1.1,recommendation_v2_test,control,,,,,
E00000779,search,U00140,S0000284,2026-08-05 18:43:41,UK,desktop,web,1.1,recommendation_v2_test,control,black tshirt,,,,
E00000780,click,U00140,S0000284,2026-08-05 18:44:12,UK,desktop,web,1.1,recommendation_v2_test,control,black tshirt,P001,,,
E00000781,add_to_cart,U00140,S0000284,2026-08-05 18:45:53,UK,desktop,web,1.1,recommendation_v2_test,control,black tshirt,P001,1.0,3787.01,
E00000782,app_open,U00140,S0000285,2026-08-11 18:34:00,UK,desktop,web,1.1,recommendation_v2_test,control,,,,,
E00000783,search,U00140,S0000285,2026-08-11 18:34:18,UK,desktop,web,1.1,recommendation_v2_test,control,sunscreen,,,,
E00000784,app_open,U00141,S0000286,2026-08-10 19:41:00,Australia,mobile,android,1.0,recommendation_v2_test,treatment,,,,,
E00000785,search,U00141,S0000286,2026-08-10 19:41:48,Australia,mobile,android,1.0,recommendation_v2_test,treatment,sunscreen,,,,
E00000786,app_open,U00142,S0000287,2026-08-14 15:06:00,India,desktop,android,1.1,recommendation_v2_test,treatment,,,,,
E00000787,search,U00142,S0000287,2026-08-14 15:06:07,India,desktop,android,1.1,recommendation_v2_test,treatment,watch,,,,
E00000788,click,U00142,S0000287,2026-08-14 15:06:18,India,desktop,android,1.1,recommendation_v2_test,treatment,watch,P004,,,
E00000789,add_to_cart,U00142,S0000287,2026-08-14 15:08:37,India,desktop,android,1.1,recommendation_v2_test,treatment,watch,P004,1.0,1917.09,
E00000790,app_open,U00142,S0000288,2026-08-13 18:34:00,India,desktop,android,1.1,recommendation_v2_test,treatment,,,,,
E00000791,search,U00142,S0000288,2026-08-13 18:34:52,India,desktop,android,1.1,recommendation_v2_test,treatment,sunscreen,,,,
E00000792,click,U00142,S0000288,2026-08-13 18:36:39,India,desktop,android,1.1,recommendation_v2_test,treatment,sunscreen,P005,,,
E00000793,app_open,U00142,S0000289,2026-08-13 09:35:00,India,desktop,android,1.1,recommendation_v2_test,treatment,,,,,
E00000794,search,U00142,S0000289,2026-08-13 09:35:33,India,desktop,android,1.1,recommendation_v2_test,treatment,sunscreen,,,,
E00000795,click,U00142,S0000289,2026-08-13 09:35:38,India,desktop,android,1.1,recommendation_v2_test,treatment,sunscreen,P004,,,
E00000796,app_open,U00142,S0000290,2026-08-13 20:03:00,India,desktop,android,1.1,recommendation_v2_test,treatment,,,,,
E00000797,app_open,U00143,S0000291,2026-08-12 13:45:00,Australia,tablet,ios,1.1,recommendation_v2_test,control,,,,,
E00000798,app_open,U00144,S0000292,2026-08-08 09:30:00,UK,mobile,android,1.1,recommendation_v2_test,treatment,,,,,
E00000799,search,U00144,S0000292,2026-08-08 09:30:50,UK,mobile,android,1.1,recommendation_v2_test,treatment,sunscreen,,,,
E00000800,click,U00144,S0000292,2026-08-08 09:31:55,UK,mobile,android,1.1,recommendation_v2_test,treatment,sunscreen,P006,,,
E00000801,add_to_cart,U00144,S0000292,2026-08-08 09:32:09,UK,mobile,android,1.1,recommendation_v2_test,treatment,sunscreen,P006,1.0,3543.55,
E00000802,app_open,U00145,S0000293,2026-08-03 12:31:00,Australia,desktop,web,1.0,recommendation_v2_test,treatment,,,,,
E00000803,search,U00145,S0000293,2026-08-03 12:31:18,Australia,desktop,web,1.0,recommendation_v2_test,treatment,running shoes,,,,
E00000804,click,U00145,S0000293,2026-08-03 12:33:06,Australia,desktop,web,1.0,recommendation_v2_test,treatment,running shoes,P006,,,
E00000805,add_to_cart,U00145,S0000293,2026-08-03 12:34:01,Australia,desktop,web,1.0,recommendation_v2_test,treatment,running shoes,P006,1.0,1759.14,
E00000806,purchase,U00145,S0000293,2026-08-03 12:35:19,Australia,desktop,web,1.0,recommendation_v2_test,treatment,running shoes,P006,1.0,1759.14,O0000018
E00000807,app_open,U00145,S0000294,2026-08-08 03:59:00,Australia,desktop,web,1.0,recommendation_v2_test,treatment,,,,,
E00000808,search,U00145,S0000294,2026-08-08 03:59:10,Australia,desktop,web,1.0,recommendation_v2_test,treatment,running shoes,,,,
E00000809,app_open,U00145,S0000295,2026-08-04 21:17:00,Australia,desktop,web,1.0,recommendation_v2_test,treatment,,,,,
E00000810,search,U00145,S0000295,2026-08-04 21:17:41,Australia,desktop,web,1.0,recommendation_v2_test,treatment,running shoes,,,,
E00000811,click,U00145,S0000295,2026-08-04 21:17:55,Australia,desktop,web,1.0,recommendation_v2_test,treatment,running shoes,P003,,,
E00000812,add_to_cart,U00145,S0000295,2026-08-04 21:20:51,Australia,desktop,web,1.0,recommendation_v2_test,treatment,running shoes,P003,1.0,5790.76,
E00000813,app_open,U00146,S0000296,2026-08-14 23:30:00,UK,mobile,android,1.0,recommendation_v2_test,control,,,,,
E00000814,search,U00146,S0000296,2026-08-14 23:30:34,UK,mobile,android,1.0,recommendation_v2_test,control,watch,,,,
E00000815,click,U00146,S0000296,2026-08-14 23:30:43,UK,mobile,android,1.0,recommendation_v2_test,control,watch,P003,,,
E00000816,app_open,U00146,S0000297,2026-08-02 07:35:00,UK,mobile,android,1.0,recommendation_v2_test,control,,,,,
E00000817,search,U00146,S0000297,2026-08-02 07:35:56,UK,mobile,android,1.0,recommendation_v2_test,control,watch,,,,
E00000818,click,U00146,S0000297,2026-08-02 07:36:51,UK,mobile,android,1.0,recommendation_v2_test,control,watch,P004,,,
E00000819,add_to_cart,U00146,S0000297,2026-08-02 07:37:29,UK,mobile,android,1.0,recommendation_v2_test,control,watch,P004,1.0,2003.39,
E00000820,purchase,U00146,S0000297,2026-08-02 07:39:36,UK,mobile,android,1.0,recommendation_v2_test,control,watch,P004,1.0,2003.39,O0000019
E00000821,app_open,U00147,S0000298,2026-08-06 18:46:00,Australia,mobile,android,1.0,recommendation_v2_test,treatment,,,,,
E00000822,search,U00147,S0000298,2026-08-06 18:46:26,Australia,mobile,android,1.0,recommendation_v2_test,treatment,sports shoes,,,,
E00000823,app_open,U00147,S0000299,2026-08-08 09:28:00,Australia,mobile,android,1.0,recommendation_v2_test,treatment,,,,,
E00000824,search,U00147,S0000299,2026-08-08 09:28:29,Australia,mobile,android,1.0,recommendation_v2_test,treatment,black tshirt,,,,
E00000825,click,U00147,S0000299,2026-08-08 09:29:06,Australia,mobile,android,1.0,recommendation_v2_test,treatment,black tshirt,P006,,,
E00000826,app_open,U00147,S0000300,2026-08-14 06:05:00,Australia,mobile,android,1.0,recommendation_v2_test,treatment,,,,,
E00000827,search,U00147,S0000300,2026-08-14 06:05:53,Australia,mobile,android,1.0,recommendation_v2_test,treatment,watch,,,,
E00000828,click,U00147,S0000300,2026-08-14 06:07:22,Australia,mobile,android,1.0,recommendation_v2_test,treatment,watch,P002,,,
E00000829,app_open,U00147,S0000301,2026-08-11 05:06:00,Australia,mobile,android,1.0,recommendation_v2_test,treatment,,,,,
E00000830,search,U00147,S0000301,2026-08-11 05:06:58,Australia,mobile,android,1.0,recommendation_v2_test,treatment,sports shoes,,,,
E00000831,click,U00147,S0000301,2026-08-11 05:08:24,Australia,mobile,android,1.0,recommendation_v2_test,treatment,sports shoes,P002,,,
E00000832,app_open,U00147,S0000302,2026-08-09 11:54:00,Australia,mobile,android,1.0,recommendation_v2_test,treatment,,,,,
E00000833,search,U00147,S0000302,2026-08-09 11:54:06,Australia,mobile,android,1.0,recommendation_v2_test,treatment,sunscreen,,,,
E00000834,click,U00147,S0000302,2026-08-09 11:54:43,Australia,mobile,android,1.0,recommendation_v2_test,treatment,sunscreen,P002,,,
E00000835,add_to_cart,U00147,S0000302,2026-08-09 11:55:50,Australia,mobile,android,1.0,recommendation_v2_test,treatment,sunscreen,P002,1.0,556.35,
E00000836,app_open,U00148,S0000303,2026-08-12 06:29:00,Australia,tablet,ios,1.0,recommendation_v2_test,treatment,,,,,
E00000837,app_open,U00148,S0000304,2026-08-14 15:23:00,Australia,tablet,ios,1.0,recommendation_v2_test,treatment,,,,,
E00000838,search,U00148,S0000304,2026-08-14 15:23:23,Australia,tablet,ios,1.0,recommendation_v2_test,treatment,running shoes,,,,
E00000839,click,U00148,S0000304,2026-08-14 15:25:18,Australia,tablet,ios,1.0,recommendation_v2_test,treatment,running shoes,P006,,,
E00000840,app_open,U00149,S0000305,2026-08-07 16:33:00,India,mobile,android,1.0,recommendation_v2_test,control,,,,,
E00000841,search,U00149,S0000305,2026-08-07 16:33:40,India,mobile,android,1.0,recommendation_v2_test,control,sports shoes,,,,
E00000842,click,U00149,S0000305,2026-08-07 16:33:45,India,mobile,android,1.0,recommendation_v2_test,control,sports shoes,P004,,,
E00000843,app_open,U00149,S0000306,2026-08-09 20:50:00,India,mobile,android,1.0,recommendation_v2_test,control,,,,,
E00000844,search,U00149,S0000306,2026-08-09 20:50:59,India,mobile,android,1.0,recommendation_v2_test,control,watch,,,,
E00000845,click,U00149,S0000306,2026-08-09 20:51:56,India,mobile,android,1.0,recommendation_v2_test,control,watch,P005,,,
E00000846,app_open,U00149,S0000307,2026-08-07 07:18:00,India,mobile,android,1.0,recommendation_v2_test,control,,,,,
E00000847,search,U00149,S0000307,2026-08-07 07:18:41,India,mobile,android,1.0,recommendation_v2_test,control,black tshirt,,,,
E00000848,click,U00149,S0000307,2026-08-07 07:19:34,India,mobile,android,1.0,recommendation_v2_test,control,black tshirt,P006,,,
E00000849,app_open,U00149,S0000308,2026-08-07 16:14:00,India,mobile,android,1.0,recommendation_v2_test,control,,,,,
E00000850,search,U00149,S0000308,2026-08-07 16:14:17,India,mobile,android,1.0,recommendation_v2_test,control,black tshirt,,,,
E00000851,app_open,U00150,S0000309,2026-08-05 17:06:00,UK,desktop,android,1.0,recommendation_v2_test,treatment,,,,,
E00000852,search,U00150,S0000309,2026-08-05 17:06:10,UK,desktop,android,1.0,recommendation_v2_test,treatment,black tshirt,,,,
E00000853,app_open,U00151,S0000310,2026-08-03 13:24:00,Germany,mobile,android,1.0,recommendation_v2_test,control,,,,,
E00000854,search,U00151,S0000310,2026-08-03 13:24:59,Germany,mobile,android,1.0,recommendation_v2_test,control,running shoes,,,,
E00000855,click,U00151,S0000310,2026-08-03 13:26:37,Germany,mobile,android,1.0,recommendation_v2_test,control,running shoes,P006,,,
E00000856,app_open,U00151,S0000311,2026-08-06 20:32:00,Germany,mobile,android,1.0,recommendation_v2_test,control,,,,,
E00000857,search,U00151,S0000311,2026-08-06 20:32:15,Germany,mobile,android,1.0,recommendation_v2_test,control,black tshirt,,,,
E00000858,click,U00151,S0000311,2026-08-06 20:33:27,Germany,mobile,android,1.0,recommendation_v2_test,control,black tshirt,P006,,,
E00000859,app_open,U00151,S0000312,2026-08-03 13:41:00,Germany,mobile,android,1.0,recommendation_v2_test,control,,,,,
E00000860,search,U00151,S0000312,2026-08-03 13:41:56,Germany,mobile,android,1.0,recommendation_v2_test,control,running shoes,,,,
E00000861,click,U00151,S0000312,2026-08-03 13:43:23,Germany,mobile,android,1.0,recommendation_v2_test,control,running shoes,P003,,,
E00000862,add_to_cart,U00151,S0000312,2026-08-03 13:44:51,Germany,mobile,android,1.0,recommendation_v2_test,control,running shoes,P003,1.0,3440.04,
E00000863,app_open,U00151,S0000313,2026-08-01 06:15:00,Germany,mobile,android,1.0,recommendation_v2_test,control,,,,,
E00000864,search,U00151,S0000313,2026-08-01 06:15:15,Germany,mobile,android,1.0,recommendation_v2_test,control,black tshirt,,,,
E00000865,click,U00151,S0000313,2026-08-01 06:15:36,Germany,mobile,android,1.0,recommendation_v2_test,control,black tshirt,P004,,,
E00000866,add_to_cart,U00151,S0000313,2026-08-01 06:15:46,Germany,mobile,android,1.0,recommendation_v2_test,control,black tshirt,P004,1.0,5851.83,
E00000867,app_open,U00152,S0000314,2026-08-12 10:28:00,UK,mobile,web,1.0,recommendation_v2_test,treatment,,,,,
E00000868,search,U00152,S0000314,2026-08-12 10:28:24,UK,mobile,web,1.0,recommendation_v2_test,treatment,sports shoes,,,,
E00000869,click,U00152,S0000314,2026-08-12 10:29:15,UK,mobile,web,1.0,recommendation_v2_test,treatment,sports shoes,P001,,,
E00000870,app_open,U00153,S0000315,2026-08-08 15:48:00,Australia,tablet,android,1.0,recommendation_v2_test,treatment,,,,,
E00000871,search,U00153,S0000315,2026-08-08 15:48:19,Australia,tablet,android,1.0,recommendation_v2_test,treatment,black tshirt,,,,
E00000872,click,U00153,S0000315,2026-08-08 15:49:20,Australia,tablet,android,1.0,recommendation_v2_test,treatment,black tshirt,P001,,,
E00000873,app_open,U00154,S0000316,2026-08-06 21:12:00,India,mobile,web,1.0,recommendation_v2_test,control,,,,,
E00000874,search,U00154,S0000316,2026-08-06 21:12:43,India,mobile,web,1.0,recommendation_v2_test,control,sunscreen,,,,
E00000875,click,U00154,S0000316,2026-08-06 21:13:27,India,mobile,web,1.0,recommendation_v2_test,control,sunscreen,P003,,,
E00000876,add_to_cart,U00154,S0000316,2026-08-06 21:16:05,India,mobile,web,1.0,recommendation_v2_test,control,sunscreen,P003,1.0,5902.13,
E00000877,app_open,U00155,S0000317,2026-08-09 21:31:00,UK,mobile,android,1.1,recommendation_v2_test,treatment,,,,,
E00000878,search,U00155,S0000317,2026-08-09 21:31:36,UK,mobile,android,1.1,recommendation_v2_test,treatment,running shoes,,,,
E00000879,app_open,U00156,S0000318,2026-08-08 21:51:00,UK,tablet,ios,1.1,recommendation_v2_test,control,,,,,
E00000880,search,U00156,S0000318,2026-08-08 21:51:55,UK,tablet,ios,1.1,recommendation_v2_test,control,sunscreen,,,,
E00000881,click,U00156,S0000318,2026-08-08 21:52:28,UK,tablet,ios,1.1,recommendation_v2_test,control,sunscreen,P002,,,
E00000882,add_to_cart,U00156,S0000318,2026-08-08 21:53:14,UK,tablet,ios,1.1,recommendation_v2_test,control,sunscreen,P002,1.0,3380.8,
E00000883,purchase,U00156,S0000318,2026-08-08 21:55:57,UK,tablet,ios,1.1,recommendation_v2_test,control,sunscreen,P002,1.0,3380.8,O0000020
E00000884,app_open,U00156,S0000319,2026-08-10 16:56:00,UK,tablet,ios,1.1,recommendation_v2_test,control,,,,,
E00000885,app_open,U00156,S0000320,2026-08-02 05:41:00,UK,tablet,ios,1.1,recommendation_v2_test,control,,,,,
E00000886,search,U00156,S0000320,2026-08-02 05:41:48,UK,tablet,ios,1.1,recommendation_v2_test,control,sports shoes,,,,
E00000887,click,U00156,S0000320,2026-08-02 05:42:04,UK,tablet,ios,1.1,recommendation_v2_test,control,sports shoes,P006,,,
E00000888,add_to_cart,U00156,S0000320,2026-08-02 05:42:51,UK,tablet,ios,1.1,recommendation_v2_test,control,sports shoes,P006,1.0,2556.19,
E00000889,app_open,U00157,S0000321,2026-08-06 20:18:00,UK,mobile,android,1.1,recommendation_v2_test,control,,,,,
E00000890,search,U00157,S0000321,2026-08-06 20:18:20,UK,mobile,android,1.1,recommendation_v2_test,control,running shoes,,,,
E00000891,app_open,U00157,S0000322,2026-08-10 19:40:00,UK,mobile,android,1.1,recommendation_v2_test,control,,,,,
E00000892,search,U00157,S0000322,2026-08-10 19:40:59,UK,mobile,android,1.1,recommendation_v2_test,control,sunscreen,,,,
E00000893,app_open,U00157,S0000323,2026-08-01 04:43:00,UK,mobile,android,1.1,recommendation_v2_test,control,,,,,
E00000894,search,U00157,S0000323,2026-08-01 04:43:38,UK,mobile,android,1.1,recommendation_v2_test,control,watch,,,,
E00000895,click,U00157,S0000323,2026-08-01 04:44:42,UK,mobile,android,1.1,recommendation_v2_test,control,watch,P004,,,
E00000896,app_open,U00158,S0000324,2026-08-05 10:45:00,India,desktop,web,1.1,recommendation_v2_test,treatment,,,,,
E00000897,search,U00158,S0000324,2026-08-05 10:45:44,India,desktop,web,1.1,recommendation_v2_test,treatment,watch,,,,
E00000898,click,U00158,S0000324,2026-08-05 10:47:30,India,desktop,web,1.1,recommendation_v2_test,treatment,watch,P005,,,
E00000899,app_open,U00158,S0000325,2026-08-14 13:07:00,India,desktop,web,1.1,recommendation_v2_test,treatment,,,,,
E00000900,app_open,U00159,S0000326,2026-08-14 07:41:00,UK,mobile,ios,1.0,recommendation_v2_test,treatment,,,,,
E00000901,search,U00159,S0000326,2026-08-14 07:41:55,UK,mobile,ios,1.0,recommendation_v2_test,treatment,sports shoes,,,,
E00000902,click,U00159,S0000326,2026-08-14 07:43:38,UK,mobile,ios,1.0,recommendation_v2_test,treatment,sports shoes,P002,,,
E00000903,app_open,U00160,S0000327,2026-08-13 05:44:00,Germany,desktop,ios,1.0,recommendation_v2_test,treatment,,,,,
E00000904,search,U00160,S0000327,2026-08-13 05:44:46,Germany,desktop,ios,1.0,recommendation_v2_test,treatment,sports shoes,,,,
E00000905,click,U00160,S0000327,2026-08-13 05:46:06,Germany,desktop,ios,1.0,recommendation_v2_test,treatment,sports shoes,P003,,,
E00000906,app_open,U00161,S0000328,2026-08-11 03:47:00,UK,tablet,web,1.0,recommendation_v2_test,control,,,,,
E00000907,search,U00161,S0000328,2026-08-11 03:47:56,UK,tablet,web,1.0,recommendation_v2_test,control,running shoes,,,,
E00000908,app_open,U00161,S0000329,2026-08-05 19:08:00,UK,tablet,web,1.0,recommendation_v2_test,control,,,,,
E00000909,search,U00161,S0000329,2026-08-05 19:08:36,UK,tablet,web,1.0,recommendation_v2_test,control,sports shoes,,,,
E00000910,click,U00161,S0000329,2026-08-05 19:09:23,UK,tablet,web,1.0,recommendation_v2_test,control,sports shoes,P002,,,
E00000911,add_to_cart,U00161,S0000329,2026-08-05 19:11:48,UK,tablet,web,1.0,recommendation_v2_test,control,sports shoes,P002,1.0,5059.12,
E00000912,app_open,U00162,S0000330,2026-08-03 14:51:00,Australia,mobile,web,1.1,recommendation_v2_test,treatment,,,,,
E00000913,search,U00162,S0000330,2026-08-03 14:51:16,Australia,mobile,web,1.1,recommendation_v2_test,treatment,watch,,,,
E00000914,app_open,U00162,S0000331,2026-08-07 02:44:00,Australia,mobile,web,1.1,recommendation_v2_test,treatment,,,,,
E00000915,search,U00162,S0000331,2026-08-07 02:44:23,Australia,mobile,web,1.1,recommendation_v2_test,treatment,watch,,,,
E00000916,click,U00162,S0000331,2026-08-07 02:44:31,Australia,mobile,web,1.1,recommendation_v2_test,treatment,watch,P004,,,
E00000917,app_open,U00163,S0000332,2026-08-02 04:05:00,UK,mobile,web,1.0,recommendation_v2_test,treatment,,,,,
E00000918,search,U00163,S0000332,2026-08-02 04:05:35,UK,mobile,web,1.0,recommendation_v2_test,treatment,sports shoes,,,,
E00000919,click,U00163,S0000332,2026-08-02 04:07:03,UK,mobile,web,1.0,recommendation_v2_test,treatment,sports shoes,P002,,,
E00000920,add_to_cart,U00163,S0000332,2026-08-02 04:08:58,UK,mobile,web,1.0,recommendation_v2_test,treatment,sports shoes,P002,1.0,1448.82,
E00000921,app_open,U00164,S0000333,2026-08-11 00:53:00,Germany,tablet,android,1.1,recommendation_v2_test,control,,,,,
E00000922,search,U00164,S0000333,2026-08-11 00:53:56,Germany,tablet,android,1.1,recommendation_v2_test,control,watch,,,,
E00000923,app_open,U00164,S0000334,2026-08-08 08:22:00,Germany,tablet,android,1.1,recommendation_v2_test,control,,,,,
E00000924,search,U00164,S0000334,2026-08-08 08:22:28,Germany,tablet,android,1.1,recommendation_v2_test,control,sports shoes,,,,
E00000925,click,U00164,S0000334,2026-08-08 08:23:22,Germany,tablet,android,1.1,recommendation_v2_test,control,sports shoes,P004,,,
E00000926,add_to_cart,U00164,S0000334,2026-08-08 08:24:45,Germany,tablet,android,1.1,recommendation_v2_test,control,sports shoes,P004,1.0,5371.01,
E00000927,app_open,U00164,S0000335,2026-08-06 13:30:00,Germany,tablet,android,1.1,recommendation_v2_test,control,,,,,
E00000928,search,U00164,S0000335,2026-08-06 13:30:15,Germany,tablet,android,1.1,recommendation_v2_test,control,sports shoes,,,,
E00000929,click,U00164,S0000335,2026-08-06 13:30:23,Germany,tablet,android,1.1,recommendation_v2_test,control,sports shoes,P004,,,
E00000930,app_open,U00165,S0000336,2026-08-02 08:36:00,Germany,mobile,ios,1.1,recommendation_v2_test,control,,,,,
E00000931,search,U00165,S0000336,2026-08-02 08:36:05,Germany,mobile,ios,1.1,recommendation_v2_test,control,sports shoes,,,,
E00000932,click,U00165,S0000336,2026-08-02 08:37:14,Germany,mobile,ios,1.1,recommendation_v2_test,control,sports shoes,P003,,,
E00000933,add_to_cart,U00165,S0000336,2026-08-02 08:38:08,Germany,mobile,ios,1.1,recommendation_v2_test,control,sports shoes,P003,1.0,702.7,
E00000934,purchase,U00165,S0000336,2026-08-02 08:41:08,Germany,mobile,ios,1.1,recommendation_v2_test,control,sports shoes,P003,1.0,702.7,O0000021
E00000935,app_open,U00165,S0000337,2026-08-14 16:43:00,Germany,mobile,ios,1.1,recommendation_v2_test,control,,,,,
E00000936,search,U00165,S0000337,2026-08-14 16:43:54,Germany,mobile,ios,1.1,recommendation_v2_test,control,black tshirt,,,,
E00000937,app_open,U00165,S0000338,2026-08-06 06:24:00,Germany,mobile,ios,1.1,recommendation_v2_test,control,,,,,
E00000938,search,U00165,S0000338,2026-08-06 06:24:23,Germany,mobile,ios,1.1,recommendation_v2_test,control,running shoes,,,,
E00000939,click,U00165,S0000338,2026-08-06 06:25:51,Germany,mobile,ios,1.1,recommendation_v2_test,control,running shoes,P004,,,
E00000940,app_open,U00166,S0000339,2026-08-11 22:56:00,India,mobile,android,1.1,recommendation_v2_test,treatment,,,,,
E00000941,search,U00166,S0000339,2026-08-11 22:56:29,India,mobile,android,1.1,recommendation_v2_test,treatment,running shoes,,,,
E00000942,app_open,U00166,S0000340,2026-08-13 11:55:00,India,mobile,android,1.1,recommendation_v2_test,treatment,,,,,
E00000943,search,U00166,S0000340,2026-08-13 11:55:53,India,mobile,android,1.1,recommendation_v2_test,treatment,sports shoes,,,,
E00000944,app_open,U00167,S0000341,2026-08-08 01:30:00,Germany,desktop,android,1.1,recommendation_v2_test,treatment,,,,,
E00000945,search,U00167,S0000341,2026-08-08 01:30:28,Germany,desktop,android,1.1,recommendation_v2_test,treatment,running shoes,,,,
E00000946,click,U00167,S0000341,2026-08-08 01:31:35,Germany,desktop,android,1.1,recommendation_v2_test,treatment,running shoes,P003,,,
E00000947,add_to_cart,U00167,S0000341,2026-08-08 01:32:45,Germany,desktop,android,1.1,recommendation_v2_test,treatment,running shoes,P003,1.0,5697.48,
E00000948,purchase,U00167,S0000341,2026-08-08 01:35:32,Germany,desktop,android,1.1,recommendation_v2_test,treatment,running shoes,P003,1.0,5697.48,O0000022
E00000949,app_open,U00168,S0000342,2026-08-02 11:29:00,Australia,desktop,android,1.1,recommendation_v2_test,treatment,,,,,
E00000950,search,U00168,S0000342,2026-08-02 11:29:55,Australia,desktop,android,1.1,recommendation_v2_test,treatment,running shoes,,,,
E00000951,click,U00168,S0000342,2026-08-02 11:30:15,Australia,desktop,android,1.1,recommendation_v2_test,treatment,running shoes,P002,,,
E00000952,app_open,U00168,S0000343,2026-08-04 21:18:00,Australia,desktop,android,1.1,recommendation_v2_test,treatment,,,,,
E00000953,search,U00168,S0000343,2026-08-04 21:18:30,Australia,desktop,android,1.1,recommendation_v2_test,treatment,watch,,,,
E00000954,click,U00168,S0000343,2026-08-04 21:19:44,Australia,desktop,android,1.1,recommendation_v2_test,treatment,watch,P003,,,
E00000955,app_open,U00169,S0000344,2026-08-14 17:55:00,Australia,mobile,android,1.1,recommendation_v2_test,treatment,,,,,
E00000956,search,U00169,S0000344,2026-08-14 17:55:49,Australia,mobile,android,1.1,recommendation_v2_test,treatment,black tshirt,,,,
E00000957,app_open,U00169,S0000345,2026-08-01 17:57:00,Australia,mobile,android,1.1,recommendation_v2_test,treatment,,,,,
E00000958,search,U00169,S0000345,2026-08-01 17:57:33,Australia,mobile,android,1.1,recommendation_v2_test,treatment,black tshirt,,,,
E00000959,app_open,U00170,S0000346,2026-08-03 03:50:00,Australia,tablet,ios,1.0,recommendation_v2_test,control,,,,,
E00000960,search,U00170,S0000346,2026-08-03 03:50:25,Australia,tablet,ios,1.0,recommendation_v2_test,control,black tshirt,,,,
E00000961,click,U00170,S0000346,2026-08-03 03:50:43,Australia,tablet,ios,1.0,recommendation_v2_test,control,black tshirt,P006,,,
E00000962,app_open,U00171,S0000347,2026-08-13 03:40:00,UK,mobile,web,1.0,recommendation_v2_test,treatment,,,,,
E00000963,search,U00171,S0000347,2026-08-13 03:40:12,UK,mobile,web,1.0,recommendation_v2_test,treatment,running shoes,,,,
E00000964,click,U00171,S0000347,2026-08-13 03:40:34,UK,mobile,web,1.0,recommendation_v2_test,treatment,running shoes,P002,,,
E00000965,add_to_cart,U00171,S0000347,2026-08-13 03:42:51,UK,mobile,web,1.0,recommendation_v2_test,treatment,running shoes,P002,1.0,5959.58,
E00000966,app_open,U00172,S0000348,2026-08-13 00:13:00,UK,desktop,web,1.1,recommendation_v2_test,treatment,,,,,
E00000967,search,U00172,S0000348,2026-08-13 00:13:09,UK,desktop,web,1.1,recommendation_v2_test,treatment,watch,,,,
E00000968,click,U00172,S0000348,2026-08-13 00:13:39,UK,desktop,web,1.1,recommendation_v2_test,treatment,watch,P001,,,
E00000969,app_open,U00172,S0000349,2026-08-06 21:07:00,UK,desktop,web,1.1,recommendation_v2_test,treatment,,,,,
E00000970,search,U00172,S0000349,2026-08-06 21:07:44,UK,desktop,web,1.1,recommendation_v2_test,treatment,watch,,,,
E00000971,click,U00172,S0000349,2026-08-06 21:07:54,UK,desktop,web,1.1,recommendation_v2_test,treatment,watch,P005,,,
E00000972,app_open,U00172,S0000350,2026-08-11 15:24:00,UK,desktop,web,1.1,recommendation_v2_test,treatment,,,,,
E00000973,search,U00172,S0000350,2026-08-11 15:24:30,UK,desktop,web,1.1,recommendation_v2_test,treatment,black tshirt,,,,
E00000974,click,U00172,S0000350,2026-08-11 15:25:02,UK,desktop,web,1.1,recommendation_v2_test,treatment,black tshirt,P004,,,
E00000975,add_to_cart,U00172,S0000350,2026-08-11 15:25:29,UK,desktop,web,1.1,recommendation_v2_test,treatment,black tshirt,P004,1.0,2801.14,
E00000976,app_open,U00172,S0000351,2026-08-09 06:48:00,UK,desktop,web,1.1,recommendation_v2_test,treatment,,,,,
E00000977,search,U00172,S0000351,2026-08-09 06:48:39,UK,desktop,web,1.1,recommendation_v2_test,treatment,black tshirt,,,,
E00000978,click,U00172,S0000351,2026-08-09 06:49:24,UK,desktop,web,1.1,recommendation_v2_test,treatment,black tshirt,P005,,,
E00000979,app_open,U00172,S0000352,2026-08-10 04:09:00,UK,desktop,web,1.1,recommendation_v2_test,treatment,,,,,
E00000980,app_open,U00173,S0000353,2026-08-09 16:22:00,India,tablet,ios,1.1,recommendation_v2_test,treatment,,,,,
E00000981,search,U00173,S0000353,2026-08-09 16:22:56,India,tablet,ios,1.1,recommendation_v2_test,treatment,sports shoes,,,,
E00000982,click,U00173,S0000353,2026-08-09 16:23:40,India,tablet,ios,1.1,recommendation_v2_test,treatment,sports shoes,P005,,,
E00000983,app_open,U00173,S0000354,2026-08-03 08:43:00,India,tablet,ios,1.1,recommendation_v2_test,treatment,,,,,
E00000984,search,U00173,S0000354,2026-08-03 08:43:25,India,tablet,ios,1.1,recommendation_v2_test,treatment,sports shoes,,,,
E00000985,click,U00173,S0000354,2026-08-03 08:43:34,India,tablet,ios,1.1,recommendation_v2_test,treatment,sports shoes,P003,,,
E00000986,add_to_cart,U00173,S0000354,2026-08-03 08:45:05,India,tablet,ios,1.1,recommendation_v2_test,treatment,sports shoes,P003,1.0,2835.06,
E00000987,app_open,U00174,S0000355,2026-08-01 18:58:00,Australia,tablet,web,1.1,recommendation_v2_test,treatment,,,,,
E00000988,search,U00174,S0000355,2026-08-01 18:58:06,Australia,tablet,web,1.1,recommendation_v2_test,treatment,watch,,,,
E00000989,click,U00174,S0000355,2026-08-01 18:58:13,Australia,tablet,web,1.1,recommendation_v2_test,treatment,watch,P001,,,
E00000990,app_open,U00174,S0000356,2026-08-07 23:59:00,Australia,tablet,web,1.1,recommendation_v2_test,treatment,,,,,
E00000991,search,U00174,S0000356,2026-08-07 23:59:10,Australia,tablet,web,1.1,recommendation_v2_test,treatment,running shoes,,,,
E00000992,app_open,U00174,S0000357,2026-08-10 17:51:00,Australia,tablet,web,1.1,recommendation_v2_test,treatment,,,,,
E00000993,search,U00174,S0000357,2026-08-10 17:51:32,Australia,tablet,web,1.1,recommendation_v2_test,treatment,sunscreen,,,,
E00000994,app_open,U00174,S0000358,2026-08-07 00:34:00,Australia,tablet,web,1.1,recommendation_v2_test,treatment,,,,,
E00000995,search,U00174,S0000358,2026-08-07 00:34:45,Australia,tablet,web,1.1,recommendation_v2_test,treatment,black tshirt,,,,
E00000996,click,U00174,S0000358,2026-08-07 00:35:41,Australia,tablet,web,1.1,recommendation_v2_test,treatment,black tshirt,P003,,,
E00000997,app_open,U00175,S0000359,2026-08-10 13:05:00,UK,tablet,ios,1.0,recommendation_v2_test,control,,,,,
E00000998,app_open,U00175,S0000360,2026-08-10 16:45:00,UK,tablet,ios,1.0,recommendation_v2_test,control,,,,,
E00000999,search,U00175,S0000360,2026-08-10 16:45:33,UK,tablet,ios,1.0,recommendation_v2_test,control,sunscreen,,,,
E00001000,app_open,U00175,S0000361,2026-08-07 16:08:00,UK,tablet,ios,1.0,recommendation_v2_test,control,,,,,
E00001001,search,U00175,S0000361,2026-08-07 16:08:06,UK,tablet,ios,1.0,recommendation_v2_test,control,sunscreen,,,,
E00001002,click,U00175,S0000361,2026-08-07 16:08:51,UK,tablet,ios,1.0,recommendation_v2_test,control,sunscreen,P004,,,
E00001003,app_open,U00175,S0000362,2026-08-14 04:00:00,UK,tablet,ios,1.0,recommendation_v2_test,control,,,,,
E00001004,search,U00175,S0000362,2026-08-14 04:00:17,UK,tablet,ios,1.0,recommendation_v2_test,control,running shoes,,,,
E00001005,app_open,U00175,S0000363,2026-08-10 18:30:00,UK,tablet,ios,1.0,recommendation_v2_test,control,,,,,
E00001006,search,U00175,S0000363,2026-08-10 18:30:14,UK,tablet,ios,1.0,recommendation_v2_test,control,watch,,,,
E00001007,click,U00175,S0000363,2026-08-10 18:30:29,UK,tablet,ios,1.0,recommendation_v2_test,control,watch,P005,,,
E00001008,app_open,U00176,S0000364,2026-08-04 08:00:00,Australia,tablet,ios,1.0,recommendation_v2_test,treatment,,,,,
E00001009,search,U00176,S0000364,2026-08-04 08:00:32,Australia,tablet,ios,1.0,recommendation_v2_test,treatment,sunscreen,,,,
E00001010,app_open,U00177,S0000365,2026-08-03 06:26:00,UK,desktop,android,1.1,recommendation_v2_test,control,,,,,
E00001011,search,U00177,S0000365,2026-08-03 06:26:26,UK,desktop,android,1.1,recommendation_v2_test,control,sunscreen,,,,
E00001012,app_open,U00178,S0000366,2026-08-04 01:18:00,UK,desktop,ios,1.0,recommendation_v2_test,control,,,,,
E00001013,search,U00178,S0000366,2026-08-04 01:18:05,UK,desktop,ios,1.0,recommendation_v2_test,control,sunscreen,,,,
E00001014,app_open,U00178,S0000367,2026-08-08 16:06:00,UK,desktop,ios,1.0,recommendation_v2_test,control,,,,,
E00001015,search,U00178,S0000367,2026-08-08 16:06:17,UK,desktop,ios,1.0,recommendation_v2_test,control,sunscreen,,,,
E00001016,app_open,U00178,S0000368,2026-08-13 22:04:00,UK,desktop,ios,1.0,recommendation_v2_test,control,,,,,
E00001017,search,U00178,S0000368,2026-08-13 22:04:22,UK,desktop,ios,1.0,recommendation_v2_test,control,black tshirt,,,,
E00001018,app_open,U00179,S0000369,2026-08-01 10:33:00,India,desktop,android,1.1,recommendation_v2_test,treatment,,,,,
E00001019,search,U00179,S0000369,2026-08-01 10:33:53,India,desktop,android,1.1,recommendation_v2_test,treatment,watch,,,,
E00001020,click,U00179,S0000369,2026-08-01 10:35:10,India,desktop,android,1.1,recommendation_v2_test,treatment,watch,P004,,,
E00001021,app_open,U00179,S0000370,2026-08-06 23:26:00,India,desktop,android,1.1,recommendation_v2_test,treatment,,,,,
E00001022,search,U00179,S0000370,2026-08-06 23:26:57,India,desktop,android,1.1,recommendation_v2_test,treatment,running shoes,,,,
E00001023,click,U00179,S0000370,2026-08-06 23:27:43,India,desktop,android,1.1,recommendation_v2_test,treatment,running shoes,P002,,,
E00001024,add_to_cart,U00179,S0000370,2026-08-06 23:29:24,India,desktop,android,1.1,recommendation_v2_test,treatment,running shoes,P002,1.0,5896.51,
E00001025,purchase,U00179,S0000370,2026-08-06 23:33:56,India,desktop,android,1.1,recommendation_v2_test,treatment,running shoes,P002,1.0,5896.51,O0000023
E00001026,app_open,U00179,S0000371,2026-08-11 00:26:00,India,desktop,android,1.1,recommendation_v2_test,treatment,,,,,
E00001027,search,U00179,S0000371,2026-08-11 00:26:19,India,desktop,android,1.1,recommendation_v2_test,treatment,running shoes,,,,
E00001028,app_open,U00180,S0000372,2026-08-06 13:18:00,Germany,tablet,ios,1.0,recommendation_v2_test,treatment,,,,,
E00001029,search,U00180,S0000372,2026-08-06 13:18:13,Germany,tablet,ios,1.0,recommendation_v2_test,treatment,running shoes,,,,
E00001030,app_open,U00181,S0000373,2026-08-09 21:44:00,India,desktop,ios,1.0,recommendation_v2_test,treatment,,,,,
E00001031,search,U00181,S0000373,2026-08-09 21:44:49,India,desktop,ios,1.0,recommendation_v2_test,treatment,running shoes,,,,
E00001032,click,U00181,S0000373,2026-08-09 21:46:36,India,desktop,ios,1.0,recommendation_v2_test,treatment,running shoes,P006,,,
E00001033,add_to_cart,U00181,S0000373,2026-08-09 21:48:13,India,desktop,ios,1.0,recommendation_v2_test,treatment,running shoes,P006,1.0,4370.38,
E00001034,app_open,U00181,S0000374,2026-08-06 00:51:00,India,desktop,ios,1.0,recommendation_v2_test,treatment,,,,,
E00001035,search,U00181,S0000374,2026-08-06 00:51:06,India,desktop,ios,1.0,recommendation_v2_test,treatment,watch,,,,
E00001036,click,U00181,S0000374,2026-08-06 00:52:00,India,desktop,ios,1.0,recommendation_v2_test,treatment,watch,P004,,,
E00001037,app_open,U00182,S0000375,2026-08-13 09:31:00,India,desktop,web,1.0,recommendation_v2_test,treatment,,,,,
E00001038,search,U00182,S0000375,2026-08-13 09:31:28,India,desktop,web,1.0,recommendation_v2_test,treatment,sports shoes,,,,
E00001039,app_open,U00183,S0000376,2026-08-11 20:59:00,UK,tablet,android,1.1,recommendation_v2_test,treatment,,,,,
E00001040,search,U00183,S0000376,2026-08-11 20:59:33,UK,tablet,android,1.1,recommendation_v2_test,treatment,watch,,,,
E00001041,app_open,U00183,S0000377,2026-08-10 22:46:00,UK,tablet,android,1.1,recommendation_v2_test,treatment,,,,,
E00001042,search,U00183,S0000377,2026-08-10 22:46:22,UK,tablet,android,1.1,recommendation_v2_test,treatment,watch,,,,
E00001043,click,U00183,S0000377,2026-08-10 22:47:44,UK,tablet,android,1.1,recommendation_v2_test,treatment,watch,P005,,,
E00001044,add_to_cart,U00183,S0000377,2026-08-10 22:48:17,UK,tablet,android,1.1,recommendation_v2_test,treatment,watch,P005,1.0,803.74,
E00001045,app_open,U00184,S0000378,2026-08-06 20:07:00,UK,tablet,ios,1.0,recommendation_v2_test,control,,,,,
E00001046,search,U00184,S0000378,2026-08-06 20:07:43,UK,tablet,ios,1.0,recommendation_v2_test,control,black tshirt,,,,
E00001047,app_open,U00185,S0000379,2026-08-10 00:03:00,UK,mobile,web,1.1,recommendation_v2_test,treatment,,,,,
E00001048,search,U00185,S0000379,2026-08-10 00:03:57,UK,mobile,web,1.1,recommendation_v2_test,treatment,sunscreen,,,,
E00001049,click,U00185,S0000379,2026-08-10 00:04:44,UK,mobile,web,1.1,recommendation_v2_test,treatment,sunscreen,P003,,,
E00001050,add_to_cart,U00185,S0000379,2026-08-10 00:05:03,UK,mobile,web,1.1,recommendation_v2_test,treatment,sunscreen,P003,1.0,5532.39,
E00001051,app_open,U00186,S0000380,2026-08-05 08:14:00,India,mobile,ios,1.0,recommendation_v2_test,treatment,,,,,
E00001052,search,U00186,S0000380,2026-08-05 08:14:58,India,mobile,ios,1.0,recommendation_v2_test,treatment,sports shoes,,,,
E00001053,app_open,U00186,S0000381,2026-08-10 20:12:00,India,mobile,ios,1.0,recommendation_v2_test,treatment,,,,,
E00001054,search,U00186,S0000381,2026-08-10 20:12:58,India,mobile,ios,1.0,recommendation_v2_test,treatment,sports shoes,,,,
E00001055,click,U00186,S0000381,2026-08-10 20:13:26,India,mobile,ios,1.0,recommendation_v2_test,treatment,sports shoes,P001,,,
E00001056,app_open,U00187,S0000382,2026-08-11 10:29:00,Germany,mobile,web,1.0,recommendation_v2_test,control,,,,,
E00001057,search,U00187,S0000382,2026-08-11 10:29:14,Germany,mobile,web,1.0,recommendation_v2_test,control,black tshirt,,,,
E00001058,app_open,U00188,S0000383,2026-08-14 19:11:00,India,mobile,ios,1.1,recommendation_v2_test,treatment,,,,,
E00001059,search,U00188,S0000383,2026-08-14 19:11:28,India,mobile,ios,1.1,recommendation_v2_test,treatment,sunscreen,,,,
E00001060,click,U00188,S0000383,2026-08-14 19:12:34,India,mobile,ios,1.1,recommendation_v2_test,treatment,sunscreen,P004,,,
E00001061,add_to_cart,U00188,S0000383,2026-08-14 19:15:32,India,mobile,ios,1.1,recommendation_v2_test,treatment,sunscreen,P004,1.0,5644.42,
E00001062,app_open,U00188,S0000384,2026-08-05 11:13:00,India,mobile,ios,1.1,recommendation_v2_test,treatment,,,,,
E00001063,search,U00188,S0000384,2026-08-05 11:13:19,India,mobile,ios,1.1,recommendation_v2_test,treatment,sports shoes,,,,
E00001064,app_open,U00189,S0000385,2026-08-10 20:01:00,UK,mobile,android,1.1,recommendation_v2_test,control,,,,,
E00001065,search,U00189,S0000385,2026-08-10 20:01:42,UK,mobile,android,1.1,recommendation_v2_test,control,sports shoes,,,,
E00001066,click,U00189,S0000385,2026-08-10 20:02:29,UK,mobile,android,1.1,recommendation_v2_test,control,sports shoes,P003,,,
E00001067,add_to_cart,U00189,S0000385,2026-08-10 20:04:05,UK,mobile,android,1.1,recommendation_v2_test,control,sports shoes,P003,1.0,2830.84,
E00001068,purchase,U00189,S0000385,2026-08-10 20:06:19,UK,mobile,android,1.1,recommendation_v2_test,control,sports shoes,P003,1.0,2830.84,O0000024
E00001069,app_open,U00189,S0000386,2026-08-06 05:56:00,UK,mobile,android,1.1,recommendation_v2_test,control,,,,,
E00001070,search,U00189,S0000386,2026-08-06 05:56:22,UK,mobile,android,1.1,recommendation_v2_test,control,sports shoes,,,,
E00001071,app_open,U00189,S0000387,2026-08-03 02:40:00,UK,mobile,android,1.1,recommendation_v2_test,control,,,,,
E00001072,search,U00189,S0000387,2026-08-03 02:40:13,UK,mobile,android,1.1,recommendation_v2_test,control,watch,,,,
E00001073,click,U00189,S0000387,2026-08-03 02:41:21,UK,mobile,android,1.1,recommendation_v2_test,control,watch,P006,,,
E00001074,app_open,U00189,S0000388,2026-08-01 10:15:00,UK,mobile,android,1.1,recommendation_v2_test,control,,,,,
E00001075,search,U00189,S0000388,2026-08-01 10:15:14,UK,mobile,android,1.1,recommendation_v2_test,control,running shoes,,,,
E00001076,click,U00189,S0000388,2026-08-01 10:16:01,UK,mobile,android,1.1,recommendation_v2_test,control,running shoes,P004,,,
E00001077,app_open,U00189,S0000389,2026-08-01 10:26:00,UK,mobile,android,1.1,recommendation_v2_test,control,,,,,
E00001078,search,U00189,S0000389,2026-08-01 10:26:28,UK,mobile,android,1.1,recommendation_v2_test,control,sunscreen,,,,
E00001079,click,U00189,S0000389,2026-08-01 10:27:04,UK,mobile,android,1.1,recommendation_v2_test,control,sunscreen,P002,,,
E00001080,add_to_cart,U00189,S0000389,2026-08-01 10:27:51,UK,mobile,android,1.1,recommendation_v2_test,control,sunscreen,P002,1.0,3469.55,
E00001081,app_open,U00189,S0000390,2026-08-12 10:58:00,UK,mobile,android,1.1,recommendation_v2_test,control,,,,,
E00001082,search,U00189,S0000390,2026-08-12 10:58:36,UK,mobile,android,1.1,recommendation_v2_test,control,black tshirt,,,,
E00001083,click,U00189,S0000390,2026-08-12 10:59:45,UK,mobile,android,1.1,recommendation_v2_test,control,black tshirt,P006,,,
E00001084,app_open,U00190,S0000391,2026-08-06 08:56:00,India,mobile,web,1.1,recommendation_v2_test,treatment,,,,,
E00001085,search,U00190,S0000391,2026-08-06 08:56:25,India,mobile,web,1.1,recommendation_v2_test,treatment,sports shoes,,,,
E00001086,app_open,U00191,S0000392,2026-08-03 01:41:00,Germany,desktop,web,1.0,recommendation_v2_test,treatment,,,,,
E00001087,search,U00191,S0000392,2026-08-03 01:41:35,Germany,desktop,web,1.0,recommendation_v2_test,treatment,watch,,,,
E00001088,click,U00191,S0000392,2026-08-03 01:42:09,Germany,desktop,web,1.0,recommendation_v2_test,treatment,watch,P005,,,
E00001089,app_open,U00191,S0000393,2026-08-02 13:03:00,Germany,desktop,web,1.0,recommendation_v2_test,treatment,,,,,
E00001090,search,U00191,S0000393,2026-08-02 13:03:37,Germany,desktop,web,1.0,recommendation_v2_test,treatment,black tshirt,,,,
E00001091,app_open,U00192,S0000394,2026-08-12 13:39:00,India,tablet,android,1.1,recommendation_v2_test,treatment,,,,,
E00001092,search,U00192,S0000394,2026-08-12 13:39:48,India,tablet,android,1.1,recommendation_v2_test,treatment,watch,,,,
E00001093,app_open,U00192,S0000395,2026-08-04 14:08:00,India,tablet,android,1.1,recommendation_v2_test,treatment,,,,,
E00001094,search,U00192,S0000395,2026-08-04 14:08:07,India,tablet,android,1.1,recommendation_v2_test,treatment,watch,,,,
E00001095,click,U00192,S0000395,2026-08-04 14:09:12,India,tablet,android,1.1,recommendation_v2_test,treatment,watch,P006,,,
E00001096,add_to_cart,U00192,S0000395,2026-08-04 14:09:26,India,tablet,android,1.1,recommendation_v2_test,treatment,watch,P006,1.0,3609.9,
E00001097,app_open,U00192,S0000396,2026-08-11 22:36:00,India,tablet,android,1.1,recommendation_v2_test,treatment,,,,,
E00001098,search,U00192,S0000396,2026-08-11 22:36:20,India,tablet,android,1.1,recommendation_v2_test,treatment,sunscreen,,,,
E00001099,click,U00192,S0000396,2026-08-11 22:36:25,India,tablet,android,1.1,recommendation_v2_test,treatment,sunscreen,P002,,,
E00001100,app_open,U00192,S0000397,2026-08-02 09:03:00,India,tablet,android,1.1,recommendation_v2_test,treatment,,,,,
E00001101,search,U00192,S0000397,2026-08-02 09:03:43,India,tablet,android,1.1,recommendation_v2_test,treatment,watch,,,,
E00001102,click,U00192,S0000397,2026-08-02 09:03:58,India,tablet,android,1.1,recommendation_v2_test,treatment,watch,P002,,,
E00001103,add_to_cart,U00192,S0000397,2026-08-02 09:05:00,India,tablet,android,1.1,recommendation_v2_test,treatment,watch,P002,1.0,5739.42,
E00001104,app_open,U00193,S0000398,2026-08-10 12:38:00,UK,desktop,web,1.0,recommendation_v2_test,control,,,,,
E00001105,search,U00193,S0000398,2026-08-10 12:38:16,UK,desktop,web,1.0,recommendation_v2_test,control,sunscreen,,,,
E00001106,click,U00193,S0000398,2026-08-10 12:40:06,UK,desktop,web,1.0,recommendation_v2_test,control,sunscreen,P002,,,
E00001107,app_open,U00193,S0000399,2026-08-04 20:34:00,UK,desktop,web,1.0,recommendation_v2_test,control,,,,,
E00001108,search,U00193,S0000399,2026-08-04 20:34:55,UK,desktop,web,1.0,recommendation_v2_test,control,watch,,,,
E00001109,click,U00193,S0000399,2026-08-04 20:36:53,UK,desktop,web,1.0,recommendation_v2_test,control,watch,P006,,,
E00001110,app_open,U00194,S0000400,2026-08-04 19:16:00,India,desktop,web,1.1,recommendation_v2_test,control,,,,,
E00001111,search,U00194,S0000400,2026-08-04 19:16:13,India,desktop,web,1.1,recommendation_v2_test,control,black tshirt,,,,
E00001112,click,U00194,S0000400,2026-08-04 19:18:00,India,desktop,web,1.1,recommendation_v2_test,control,black tshirt,P005,,,
E00001113,app_open,U00195,S0000401,2026-08-13 15:23:00,India,mobile,web,1.0,recommendation_v2_test,treatment,,,,,
E00001114,search,U00195,S0000401,2026-08-13 15:23:43,India,mobile,web,1.0,recommendation_v2_test,treatment,watch,,,,
E00001115,click,U00195,S0000401,2026-08-13 15:25:14,India,mobile,web,1.0,recommendation_v2_test,treatment,watch,P003,,,
E00001116,app_open,U00196,S0000402,2026-08-10 18:58:00,Australia,desktop,android,1.0,recommendation_v2_test,treatment,,,,,
E00001117,search,U00196,S0000402,2026-08-10 18:58:42,Australia,desktop,android,1.0,recommendation_v2_test,treatment,running shoes,,,,
E00001118,click,U00196,S0000402,2026-08-10 19:00:19,Australia,desktop,android,1.0,recommendation_v2_test,treatment,running shoes,P005,,,
E00001119,add_to_cart,U00196,S0000402,2026-08-10 19:02:03,Australia,desktop,android,1.0,recommendation_v2_test,treatment,running shoes,P005,1.0,3547.49,
E00001120,app_open,U00196,S0000403,2026-08-06 23:20:00,Australia,desktop,android,1.0,recommendation_v2_test,treatment,,,,,
E00001121,search,U00196,S0000403,2026-08-06 23:20:40,Australia,desktop,android,1.0,recommendation_v2_test,treatment,sunscreen,,,,
E00001122,click,U00196,S0000403,2026-08-06 23:21:21,Australia,desktop,android,1.0,recommendation_v2_test,treatment,sunscreen,P006,,,
E00001123,add_to_cart,U00196,S0000403,2026-08-06 23:23:14,Australia,desktop,android,1.0,recommendation_v2_test,treatment,sunscreen,P006,1.0,5933.29,
E00001124,app_open,U00197,S0000404,2026-08-03 13:51:00,Australia,tablet,android,1.1,recommendation_v2_test,control,,,,,
E00001125,search,U00197,S0000404,2026-08-03 13:51:29,Australia,tablet,android,1.1,recommendation_v2_test,control,running shoes,,,,
E00001126,click,U00197,S0000404,2026-08-03 13:52:21,Australia,tablet,android,1.1,recommendation_v2_test,control,running shoes,P005,,,
E00001127,app_open,U00198,S0000405,2026-08-10 06:08:00,Australia,tablet,web,1.0,recommendation_v2_test,treatment,,,,,
E00001128,search,U00198,S0000405,2026-08-10 06:08:22,Australia,tablet,web,1.0,recommendation_v2_test,treatment,sunscreen,,,,
E00001129,app_open,U00199,S0000406,2026-08-05 10:57:00,Germany,desktop,android,1.1,recommendation_v2_test,control,,,,,
E00001130,search,U00199,S0000406,2026-08-05 10:57:05,Germany,desktop,android,1.1,recommendation_v2_test,control,black tshirt,,,,
E00001131,click,U00199,S0000406,2026-08-05 10:58:55,Germany,desktop,android,1.1,recommendation_v2_test,control,black tshirt,P002,,,
E00001132,add_to_cart,U00199,S0000406,2026-08-05 10:59:53,Germany,desktop,android,1.1,recommendation_v2_test,control,black tshirt,P002,1.0,4367.52,
E00001133,app_open,U00200,S0000407,2026-08-12 19:00:00,Germany,desktop,android,1.1,recommendation_v2_test,control,,,,,
E00001134,search,U00200,S0000407,2026-08-12 19:00:18,Germany,desktop,android,1.1,recommendation_v2_test,control,sports shoes,,,,
E00001135,app_open,U00200,S0000408,2026-08-01 17:47:00,Germany,desktop,android,1.1,recommendation_v2_test,control,,,,,
E00001136,search,U00200,S0000408,2026-08-01 17:47:07,Germany,desktop,android,1.1,recommendation_v2_test,control,watch,,,,
E00001137,click,U00200,S0000408,2026-08-01 17:48:09,Germany,desktop,android,1.1,recommendation_v2_test,control,watch,P006,,,
E00001138,app_open,U00200,S0000409,2026-08-11 11:08:00,Germany,desktop,android,1.1,recommendation_v2_test,control,,,,,
E00001139,app_open,U00201,S0000410,2026-08-10 16:39:00,Australia,mobile,ios,1.0,recommendation_v2_test,control,,,,,
E00001140,app_open,U00202,S0000411,2026-08-14 06:16:00,UK,desktop,android,1.1,recommendation_v2_test,treatment,,,,,
E00001141,app_open,U00203,S0000412,2026-08-01 15:33:00,UK,desktop,ios,1.1,recommendation_v2_test,treatment,,,,,
E00001142,search,U00203,S0000412,2026-08-01 15:33:58,UK,desktop,ios,1.1,recommendation_v2_test,treatment,running shoes,,,,
E00001143,app_open,U00204,S0000413,2026-08-02 07:54:00,Germany,mobile,android,1.1,recommendation_v2_test,control,,,,,
E00001144,search,U00204,S0000413,2026-08-02 07:54:08,Germany,mobile,android,1.1,recommendation_v2_test,control,running shoes,,,,
E00001145,click,U00204,S0000413,2026-08-02 07:54:47,Germany,mobile,android,1.1,recommendation_v2_test,control,running shoes,P005,,,
E00001146,add_to_cart,U00204,S0000413,2026-08-02 07:56:17,Germany,mobile,android,1.1,recommendation_v2_test,control,running shoes,P005,1.0,4383.72,
E00001147,app_open,U00205,S0000414,2026-08-10 16:43:00,UK,tablet,web,1.1,recommendation_v2_test,treatment,,,,,
E00001148,search,U00205,S0000414,2026-08-10 16:43:48,UK,tablet,web,1.1,recommendation_v2_test,treatment,running shoes,,,,
E00001149,click,U00205,S0000414,2026-08-10 16:44:14,UK,tablet,web,1.1,recommendation_v2_test,treatment,running shoes,P004,,,
E00001150,app_open,U00206,S0000415,2026-08-02 16:51:00,India,mobile,ios,1.1,recommendation_v2_test,treatment,,,,,
E00001151,search,U00206,S0000415,2026-08-02 16:51:26,India,mobile,ios,1.1,recommendation_v2_test,treatment,sunscreen,,,,
E00001152,app_open,U00207,S0000416,2026-08-10 22:52:00,Australia,desktop,android,1.1,recommendation_v2_test,control,,,,,
E00001153,search,U00207,S0000416,2026-08-10 22:52:13,Australia,desktop,android,1.1,recommendation_v2_test,control,watch,,,,
E00001154,app_open,U00208,S0000417,2026-08-06 10:23:00,India,desktop,ios,1.0,recommendation_v2_test,treatment,,,,,
E00001155,search,U00208,S0000417,2026-08-06 10:23:48,India,desktop,ios,1.0,recommendation_v2_test,treatment,watch,,,,
E00001156,app_open,U00209,S0000418,2026-08-14 19:35:00,Australia,mobile,android,1.1,recommendation_v2_test,control,,,,,
E00001157,search,U00209,S0000418,2026-08-14 19:35:36,Australia,mobile,android,1.1,recommendation_v2_test,control,watch,,,,
E00001158,click,U00209,S0000418,2026-08-14 19:37:19,Australia,mobile,android,1.1,recommendation_v2_test,control,watch,P004,,,
E00001159,app_open,U00210,S0000419,2026-08-12 17:22:00,Australia,mobile,web,1.0,recommendation_v2_test,control,,,,,
E00001160,app_open,U00210,S0000420,2026-08-07 05:11:00,Australia,mobile,web,1.0,recommendation_v2_test,control,,,,,
E00001161,search,U00210,S0000420,2026-08-07 05:11:09,Australia,mobile,web,1.0,recommendation_v2_test,control,sunscreen,,,,
E00001162,click,U00210,S0000420,2026-08-07 05:12:45,Australia,mobile,web,1.0,recommendation_v2_test,control,sunscreen,P004,,,
E00001163,app_open,U00211,S0000421,2026-08-03 18:33:00,Australia,tablet,android,1.0,recommendation_v2_test,treatment,,,,,
E00001164,search,U00211,S0000421,2026-08-03 18:33:09,Australia,tablet,android,1.0,recommendation_v2_test,treatment,sports shoes,,,,
E00001165,click,U00211,S0000421,2026-08-03 18:34:37,Australia,tablet,android,1.0,recommendation_v2_test,treatment,sports shoes,P004,,,
E00001166,app_open,U00212,S0000422,2026-08-06 17:41:00,UK,tablet,web,1.1,recommendation_v2_test,treatment,,,,,
E00001167,search,U00212,S0000422,2026-08-06 17:41:53,UK,tablet,web,1.1,recommendation_v2_test,treatment,watch,,,,
E00001168,app_open,U00212,S0000423,2026-08-05 23:15:00,UK,tablet,web,1.1,recommendation_v2_test,treatment,,,,,
E00001169,search,U00212,S0000423,2026-08-05 23:15:20,UK,tablet,web,1.1,recommendation_v2_test,treatment,sunscreen,,,,
E00001170,click,U00212,S0000423,2026-08-05 23:16:34,UK,tablet,web,1.1,recommendation_v2_test,treatment,sunscreen,P006,,,
E00001171,app_open,U00213,S0000424,2026-08-12 10:03:00,Australia,tablet,ios,1.1,recommendation_v2_test,treatment,,,,,
E00001172,search,U00213,S0000424,2026-08-12 10:03:43,Australia,tablet,ios,1.1,recommendation_v2_test,treatment,running shoes,,,,
E00001173,click,U00213,S0000424,2026-08-12 10:04:20,Australia,tablet,ios,1.1,recommendation_v2_test,treatment,running shoes,P001,,,
E00001174,app_open,U00214,S0000425,2026-08-10 16:15:00,Germany,tablet,ios,1.0,recommendation_v2_test,treatment,,,,,
E00001175,search,U00214,S0000425,2026-08-10 16:15:49,Germany,tablet,ios,1.0,recommendation_v2_test,treatment,black tshirt,,,,
E00001176,click,U00214,S0000425,2026-08-10 16:16:38,Germany,tablet,ios,1.0,recommendation_v2_test,treatment,black tshirt,P001,,,
E00001177,add_to_cart,U00214,S0000425,2026-08-10 16:18:36,Germany,tablet,ios,1.0,recommendation_v2_test,treatment,black tshirt,P001,1.0,3387.22,
E00001178,purchase,U00214,S0000425,2026-08-10 16:20:05,Germany,tablet,ios,1.0,recommendation_v2_test,treatment,black tshirt,P001,1.0,3387.22,O0000025
E00001179,app_open,U00215,S0000426,2026-08-11 03:31:00,Germany,tablet,web,1.1,recommendation_v2_test,control,,,,,
E00001180,search,U00215,S0000426,2026-08-11 03:31:26,Germany,tablet,web,1.1,recommendation_v2_test,control,watch,,,,
E00001181,app_open,U00215,S0000427,2026-08-14 18:07:00,Germany,tablet,web,1.1,recommendation_v2_test,control,,,,,
E00001182,search,U00215,S0000427,2026-08-14 18:07:41,Germany,tablet,web,1.1,recommendation_v2_test,control,sports shoes,,,,
E00001183,app_open,U00215,S0000428,2026-08-14 11:27:00,Germany,tablet,web,1.1,recommendation_v2_test,control,,,,,
E00001184,search,U00215,S0000428,2026-08-14 11:27:49,Germany,tablet,web,1.1,recommendation_v2_test,control,watch,,,,
E00001185,click,U00215,S0000428,2026-08-14 11:28:32,Germany,tablet,web,1.1,recommendation_v2_test,control,watch,P006,,,
E00001186,add_to_cart,U00215,S0000428,2026-08-14 11:31:08,Germany,tablet,web,1.1,recommendation_v2_test,control,watch,P006,1.0,2365.09,
E00001187,purchase,U00215,S0000428,2026-08-14 11:33:46,Germany,tablet,web,1.1,recommendation_v2_test,control,watch,P006,1.0,2365.09,O0000026
E00001188,app_open,U00215,S0000429,2026-08-07 04:47:00,Germany,tablet,web,1.1,recommendation_v2_test,control,,,,,
E00001189,search,U00215,S0000429,2026-08-07 04:47:59,Germany,tablet,web,1.1,recommendation_v2_test,control,sports shoes,,,,
E00001190,app_open,U00215,S0000430,2026-08-08 22:48:00,Germany,tablet,web,1.1,recommendation_v2_test,control,,,,,
E00001191,app_open,U00216,S0000431,2026-08-04 07:26:00,UK,mobile,web,1.1,recommendation_v2_test,treatment,,,,,
E00001192,search,U00216,S0000431,2026-08-04 07:26:09,UK,mobile,web,1.1,recommendation_v2_test,treatment,watch,,,,
E00001193,click,U00216,S0000431,2026-08-04 07:26:39,UK,mobile,web,1.1,recommendation_v2_test,treatment,watch,P005,,,
E00001194,add_to_cart,U00216,S0000431,2026-08-04 07:26:49,UK,mobile,web,1.1,recommendation_v2_test,treatment,watch,P005,1.0,4701.56,
E00001195,app_open,U00216,S0000432,2026-08-05 07:56:00,UK,mobile,web,1.1,recommendation_v2_test,treatment,,,,,
E00001196,search,U00216,S0000432,2026-08-05 07:56:15,UK,mobile,web,1.1,recommendation_v2_test,treatment,sunscreen,,,,
E00001197,click,U00216,S0000432,2026-08-05 07:58:08,UK,mobile,web,1.1,recommendation_v2_test,treatment,sunscreen,P002,,,
E00001198,app_open,U00216,S0000433,2026-08-07 05:52:00,UK,mobile,web,1.1,recommendation_v2_test,treatment,,,,,
E00001199,search,U00216,S0000433,2026-08-07 05:52:26,UK,mobile,web,1.1,recommendation_v2_test,treatment,sunscreen,,,,
E00001200,app_open,U00216,S0000434,2026-08-05 23:05:00,UK,mobile,web,1.1,recommendation_v2_test,treatment,,,,,
E00001201,search,U00216,S0000434,2026-08-05 23:05:37,UK,mobile,web,1.1,recommendation_v2_test,treatment,running shoes,,,,
E00001202,click,U00216,S0000434,2026-08-05 23:06:46,UK,mobile,web,1.1,recommendation_v2_test,treatment,running shoes,P001,,,
E00001203,add_to_cart,U00216,S0000434,2026-08-05 23:08:55,UK,mobile,web,1.1,recommendation_v2_test,treatment,running shoes,P001,1.0,506.01,
E00001204,app_open,U00216,S0000435,2026-08-13 01:04:00,UK,mobile,web,1.1,recommendation_v2_test,treatment,,,,,
E00001205,app_open,U00217,S0000436,2026-08-07 14:16:00,Australia,mobile,ios,1.1,recommendation_v2_test,control,,,,,
E00001206,search,U00217,S0000436,2026-08-07 14:16:28,Australia,mobile,ios,1.1,recommendation_v2_test,control,watch,,,,
E00001207,click,U00217,S0000436,2026-08-07 14:17:51,Australia,mobile,ios,1.1,recommendation_v2_test,control,watch,P006,,,
E00001208,app_open,U00217,S0000437,2026-08-11 07:07:00,Australia,mobile,ios,1.1,recommendation_v2_test,control,,,,,
E00001209,search,U00217,S0000437,2026-08-11 07:07:54,Australia,mobile,ios,1.1,recommendation_v2_test,control,black tshirt,,,,
E00001210,app_open,U00218,S0000438,2026-08-06 21:23:00,India,tablet,web,1.1,recommendation_v2_test,control,,,,,
E00001211,search,U00218,S0000438,2026-08-06 21:23:10,India,tablet,web,1.1,recommendation_v2_test,control,sunscreen,,,,
E00001212,click,U00218,S0000438,2026-08-06 21:23:36,India,tablet,web,1.1,recommendation_v2_test,control,sunscreen,P004,,,
E00001213,app_open,U00218,S0000439,2026-08-08 10:34:00,India,tablet,web,1.1,recommendation_v2_test,control,,,,,
E00001214,search,U00218,S0000439,2026-08-08 10:34:07,India,tablet,web,1.1,recommendation_v2_test,control,watch,,,,
E00001215,click,U00218,S0000439,2026-08-08 10:35:50,India,tablet,web,1.1,recommendation_v2_test,control,watch,P001,,,
E00001216,app_open,U00218,S0000440,2026-08-02 00:41:00,India,tablet,web,1.1,recommendation_v2_test,control,,,,,
E00001217,search,U00218,S0000440,2026-08-02 00:41:58,India,tablet,web,1.1,recommendation_v2_test,control,black tshirt,,,,
E00001218,click,U00218,S0000440,2026-08-02 00:43:34,India,tablet,web,1.1,recommendation_v2_test,control,black tshirt,P002,,,
E00001219,app_open,U00218,S0000441,2026-08-14 18:03:00,India,tablet,web,1.1,recommendation_v2_test,control,,,,,
E00001220,search,U00218,S0000441,2026-08-14 18:03:33,India,tablet,web,1.1,recommendation_v2_test,control,running shoes,,,,
E00001221,app_open,U00218,S0000442,2026-08-14 14:28:00,India,tablet,web,1.1,recommendation_v2_test,control,,,,,
E00001222,search,U00218,S0000442,2026-08-14 14:28:22,India,tablet,web,1.1,recommendation_v2_test,control,sports shoes,,,,
E00001223,click,U00218,S0000442,2026-08-14 14:29:55,India,tablet,web,1.1,recommendation_v2_test,control,sports shoes,P001,,,
E00001224,app_open,U00219,S0000443,2026-08-02 05:37:00,Germany,mobile,ios,1.1,recommendation_v2_test,control,,,,,
E00001225,search,U00219,S0000443,2026-08-02 05:37:45,Germany,mobile,ios,1.1,recommendation_v2_test,control,running shoes,,,,
E00001226,click,U00219,S0000443,2026-08-02 05:39:30,Germany,mobile,ios,1.1,recommendation_v2_test,control,running shoes,P001,,,
E00001227,add_to_cart,U00219,S0000443,2026-08-02 05:42:28,Germany,mobile,ios,1.1,recommendation_v2_test,control,running shoes,P001,1.0,5224.33,
E00001228,purchase,U00219,S0000443,2026-08-02 05:46:41,Germany,mobile,ios,1.1,recommendation_v2_test,control,running shoes,P001,1.0,5224.33,O0000027
E00001229,app_open,U00219,S0000444,2026-08-08 08:23:00,Germany,mobile,ios,1.1,recommendation_v2_test,control,,,,,
E00001230,search,U00219,S0000444,2026-08-08 08:23:48,Germany,mobile,ios,1.1,recommendation_v2_test,control,black tshirt,,,,
E00001231,click,U00219,S0000444,2026-08-08 08:24:45,Germany,mobile,ios,1.1,recommendation_v2_test,control,black tshirt,P002,,,
E00001232,app_open,U00220,S0000445,2026-08-11 18:17:00,UK,desktop,android,1.0,recommendation_v2_test,control,,,,,
E00001233,search,U00220,S0000445,2026-08-11 18:17:15,UK,desktop,android,1.0,recommendation_v2_test,control,sports shoes,,,,
E00001234,app_open,U00221,S0000446,2026-08-09 21:46:00,UK,mobile,android,1.0,recommendation_v2_test,control,,,,,
E00001235,search,U00221,S0000446,2026-08-09 21:46:56,UK,mobile,android,1.0,recommendation_v2_test,control,watch,,,,
E00001236,app_open,U00222,S0000447,2026-08-02 08:02:00,Germany,tablet,ios,1.0,recommendation_v2_test,control,,,,,
E00001237,search,U00222,S0000447,2026-08-02 08:02:56,Germany,tablet,ios,1.0,recommendation_v2_test,control,sunscreen,,,,
E00001238,app_open,U00222,S0000448,2026-08-09 21:14:00,Germany,tablet,ios,1.0,recommendation_v2_test,control,,,,,
E00001239,search,U00222,S0000448,2026-08-09 21:14:07,Germany,tablet,ios,1.0,recommendation_v2_test,control,running shoes,,,,
E00001240,click,U00222,S0000448,2026-08-09 21:15:41,Germany,tablet,ios,1.0,recommendation_v2_test,control,running shoes,P003,,,
E00001241,app_open,U00223,S0000449,2026-08-10 01:35:00,Australia,mobile,android,1.0,recommendation_v2_test,treatment,,,,,
E00001242,search,U00223,S0000449,2026-08-10 01:35:09,Australia,mobile,android,1.0,recommendation_v2_test,treatment,black tshirt,,,,
E00001243,app_open,U00223,S0000450,2026-08-01 07:33:00,Australia,mobile,android,1.0,recommendation_v2_test,treatment,,,,,
E00001244,search,U00223,S0000450,2026-08-01 07:33:21,Australia,mobile,android,1.0,recommendation_v2_test,treatment,sports shoes,,,,
E00001245,click,U00223,S0000450,2026-08-01 07:34:44,Australia,mobile,android,1.0,recommendation_v2_test,treatment,sports shoes,P002,,,
E00001246,app_open,U00223,S0000451,2026-08-05 15:22:00,Australia,mobile,android,1.0,recommendation_v2_test,treatment,,,,,
E00001247,search,U00223,S0000451,2026-08-05 15:22:59,Australia,mobile,android,1.0,recommendation_v2_test,treatment,black tshirt,,,,
E00001248,app_open,U00223,S0000452,2026-08-03 21:30:00,Australia,mobile,android,1.0,recommendation_v2_test,treatment,,,,,
E00001249,search,U00223,S0000452,2026-08-03 21:30:17,Australia,mobile,android,1.0,recommendation_v2_test,treatment,running shoes,,,,
E00001250,click,U00223,S0000452,2026-08-03 21:31:21,Australia,mobile,android,1.0,recommendation_v2_test,treatment,running shoes,P004,,,
E00001251,app_open,U00223,S0000453,2026-08-13 07:35:00,Australia,mobile,android,1.0,recommendation_v2_test,treatment,,,,,
E00001252,search,U00223,S0000453,2026-08-13 07:35:39,Australia,mobile,android,1.0,recommendation_v2_test,treatment,watch,,,,
E00001253,click,U00223,S0000453,2026-08-13 07:36:14,Australia,mobile,android,1.0,recommendation_v2_test,treatment,watch,P002,,,
E00001254,add_to_cart,U00223,S0000453,2026-08-13 07:37:22,Australia,mobile,android,1.0,recommendation_v2_test,treatment,watch,P002,1.0,3541.47,
E00001255,purchase,U00223,S0000453,2026-08-13 07:39:07,Australia,mobile,android,1.0,recommendation_v2_test,treatment,watch,P002,1.0,3541.47,O0000028
E00001256,app_open,U00224,S0000454,2026-08-04 03:50:00,Germany,mobile,web,1.0,recommendation_v2_test,treatment,,,,,
E00001257,search,U00224,S0000454,2026-08-04 03:50:43,Germany,mobile,web,1.0,recommendation_v2_test,treatment,sports shoes,,,,
E00001258,click,U00224,S0000454,2026-08-04 03:51:09,Germany,mobile,web,1.0,recommendation_v2_test,treatment,sports shoes,P005,,,
E00001259,add_to_cart,U00224,S0000454,2026-08-04 03:52:50,Germany,mobile,web,1.0,recommendation_v2_test,treatment,sports shoes,P005,1.0,5413.56,
E00001260,app_open,U00224,S0000455,2026-08-04 13:43:00,Germany,mobile,web,1.0,recommendation_v2_test,treatment,,,,,
E00001261,search,U00224,S0000455,2026-08-04 13:43:26,Germany,mobile,web,1.0,recommendation_v2_test,treatment,sports shoes,,,,
E00001262,click,U00224,S0000455,2026-08-04 13:44:57,Germany,mobile,web,1.0,recommendation_v2_test,treatment,sports shoes,P006,,,
E00001263,app_open,U00224,S0000456,2026-08-04 00:48:00,Germany,mobile,web,1.0,recommendation_v2_test,treatment,,,,,
E00001264,search,U00224,S0000456,2026-08-04 00:48:56,Germany,mobile,web,1.0,recommendation_v2_test,treatment,running shoes,,,,
E00001265,click,U00224,S0000456,2026-08-04 00:49:48,Germany,mobile,web,1.0,recommendation_v2_test,treatment,running shoes,P005,,,
E00001266,app_open,U00224,S0000457,2026-08-06 19:14:00,Germany,mobile,web,1.0,recommendation_v2_test,treatment,,,,,
E00001267,search,U00224,S0000457,2026-08-06 19:14:51,Germany,mobile,web,1.0,recommendation_v2_test,treatment,watch,,,,
E00001268,click,U00224,S0000457,2026-08-06 19:16:42,Germany,mobile,web,1.0,recommendation_v2_test,treatment,watch,P004,,,
E00001269,app_open,U00225,S0000458,2026-08-07 10:45:00,India,desktop,ios,1.0,recommendation_v2_test,treatment,,,,,
E00001270,search,U00225,S0000458,2026-08-07 10:45:06,India,desktop,ios,1.0,recommendation_v2_test,treatment,sports shoes,,,,
E00001271,app_open,U00225,S0000459,2026-08-12 06:13:00,India,desktop,ios,1.0,recommendation_v2_test,treatment,,,,,
E00001272,search,U00225,S0000459,2026-08-12 06:13:21,India,desktop,ios,1.0,recommendation_v2_test,treatment,watch,,,,
E00001273,click,U00225,S0000459,2026-08-12 06:14:11,India,desktop,ios,1.0,recommendation_v2_test,treatment,watch,P005,,,
E00001274,app_open,U00226,S0000460,2026-08-04 05:41:00,Germany,desktop,android,1.1,recommendation_v2_test,control,,,,,
E00001275,app_open,U00226,S0000461,2026-08-11 20:26:00,Germany,desktop,android,1.1,recommendation_v2_test,control,,,,,
E00001276,search,U00226,S0000461,2026-08-11 20:26:27,Germany,desktop,android,1.1,recommendation_v2_test,control,running shoes,,,,
E00001277,app_open,U00226,S0000462,2026-08-14 07:27:00,Germany,desktop,android,1.1,recommendation_v2_test,control,,,,,
E00001278,search,U00226,S0000462,2026-08-14 07:27:23,Germany,desktop,android,1.1,recommendation_v2_test,control,sports shoes,,,,
E00001279,app_open,U00226,S0000463,2026-08-03 06:25:00,Germany,desktop,android,1.1,recommendation_v2_test,control,,,,,
E00001280,search,U00226,S0000463,2026-08-03 06:25:43,Germany,desktop,android,1.1,recommendation_v2_test,control,watch,,,,
E00001281,click,U00226,S0000463,2026-08-03 06:27:37,Germany,desktop,android,1.1,recommendation_v2_test,control,watch,P001,,,
E00001282,app_open,U00226,S0000464,2026-08-03 05:32:00,Germany,desktop,android,1.1,recommendation_v2_test,control,,,,,
E00001283,search,U00226,S0000464,2026-08-03 05:32:55,Germany,desktop,android,1.1,recommendation_v2_test,control,sunscreen,,,,
E00001284,app_open,U00227,S0000465,2026-08-14 22:12:00,India,tablet,android,1.1,recommendation_v2_test,control,,,,,
E00001285,search,U00227,S0000465,2026-08-14 22:12:41,India,tablet,android,1.1,recommendation_v2_test,control,black tshirt,,,,
E00001286,click,U00227,S0000465,2026-08-14 22:12:52,India,tablet,android,1.1,recommendation_v2_test,control,black tshirt,P006,,,
E00001287,app_open,U00228,S0000466,2026-08-07 03:42:00,UK,mobile,android,1.0,recommendation_v2_test,treatment,,,,,
E00001288,app_open,U00228,S0000467,2026-08-07 09:23:00,UK,mobile,android,1.0,recommendation_v2_test,treatment,,,,,
E00001289,app_open,U00228,S0000468,2026-08-08 09:28:00,UK,mobile,android,1.0,recommendation_v2_test,treatment,,,,,
E00001290,search,U00228,S0000468,2026-08-08 09:28:45,UK,mobile,android,1.0,recommendation_v2_test,treatment,watch,,,,
E00001291,app_open,U00229,S0000469,2026-08-09 05:59:00,Australia,desktop,android,1.1,recommendation_v2_test,control,,,,,
E00001292,search,U00229,S0000469,2026-08-09 05:59:36,Australia,desktop,android,1.1,recommendation_v2_test,control,running shoes,,,,
E00001293,click,U00229,S0000469,2026-08-09 05:59:50,Australia,desktop,android,1.1,recommendation_v2_test,control,running shoes,P001,,,
E00001294,app_open,U00229,S0000470,2026-08-06 22:33:00,Australia,desktop,android,1.1,recommendation_v2_test,control,,,,,
E00001295,search,U00229,S0000470,2026-08-06 22:33:58,Australia,desktop,android,1.1,recommendation_v2_test,control,black tshirt,,,,
E00001296,app_open,U00230,S0000471,2026-08-13 11:42:00,UK,mobile,android,1.1,recommendation_v2_test,treatment,,,,,
E00001297,search,U00230,S0000471,2026-08-13 11:42:58,UK,mobile,android,1.1,recommendation_v2_test,treatment,sports shoes,,,,
E00001298,app_open,U00230,S0000472,2026-08-13 06:24:00,UK,mobile,android,1.1,recommendation_v2_test,treatment,,,,,
E00001299,search,U00230,S0000472,2026-08-13 06:24:28,UK,mobile,android,1.1,recommendation_v2_test,treatment,watch,,,,
E00001300,app_open,U00231,S0000473,2026-08-07 09:26:00,UK,mobile,ios,1.1,recommendation_v2_test,treatment,,,,,
E00001301,search,U00231,S0000473,2026-08-07 09:26:10,UK,mobile,ios,1.1,recommendation_v2_test,treatment,black tshirt,,,,
E00001302,click,U00231,S0000473,2026-08-07 09:27:01,UK,mobile,ios,1.1,recommendation_v2_test,treatment,black tshirt,P001,,,
E00001303,app_open,U00231,S0000474,2026-08-01 08:23:00,UK,mobile,ios,1.1,recommendation_v2_test,treatment,,,,,
E00001304,search,U00231,S0000474,2026-08-01 08:23:45,UK,mobile,ios,1.1,recommendation_v2_test,treatment,watch,,,,
E00001305,app_open,U00231,S0000475,2026-08-02 11:01:00,UK,mobile,ios,1.1,recommendation_v2_test,treatment,,,,,
E00001306,app_open,U00232,S0000476,2026-08-14 00:03:00,UK,mobile,ios,1.0,recommendation_v2_test,control,,,,,
E00001307,search,U00232,S0000476,2026-08-14 00:03:43,UK,mobile,ios,1.0,recommendation_v2_test,control,watch,,,,
E00001308,click,U00232,S0000476,2026-08-14 00:04:13,UK,mobile,ios,1.0,recommendation_v2_test,control,watch,P006,,,
E00001309,app_open,U00232,S0000477,2026-08-11 18:03:00,UK,mobile,ios,1.0,recommendation_v2_test,control,,,,,
E00001310,search,U00232,S0000477,2026-08-11 18:03:43,UK,mobile,ios,1.0,recommendation_v2_test,control,black tshirt,,,,
E00001311,app_open,U00232,S0000478,2026-08-09 08:53:00,UK,mobile,ios,1.0,recommendation_v2_test,control,,,,,
E00001312,search,U00232,S0000478,2026-08-09 08:53:54,UK,mobile,ios,1.0,recommendation_v2_test,control,watch,,,,
E00001313,click,U00232,S0000478,2026-08-09 08:54:02,UK,mobile,ios,1.0,recommendation_v2_test,control,watch,P002,,,
E00001314,add_to_cart,U00232,S0000478,2026-08-09 08:55:38,UK,mobile,ios,1.0,recommendation_v2_test,control,watch,P002,1.0,1625.97,
E00001315,app_open,U00233,S0000479,2026-08-08 23:17:00,India,mobile,ios,1.1,recommendation_v2_test,control,,,,,
E00001316,search,U00233,S0000479,2026-08-08 23:17:56,India,mobile,ios,1.1,recommendation_v2_test,control,running shoes,,,,
E00001317,app_open,U00233,S0000480,2026-08-01 11:40:00,India,mobile,ios,1.1,recommendation_v2_test,control,,,,,
E00001318,search,U00233,S0000480,2026-08-01 11:40:51,India,mobile,ios,1.1,recommendation_v2_test,control,watch,,,,
E00001319,click,U00233,S0000480,2026-08-01 11:42:11,India,mobile,ios,1.1,recommendation_v2_test,control,watch,P005,,,
E00001320,app_open,U00234,S0000481,2026-08-12 23:02:00,India,tablet,android,1.1,recommendation_v2_test,control,,,,,
E00001321,search,U00234,S0000481,2026-08-12 23:02:14,India,tablet,android,1.1,recommendation_v2_test,control,running shoes,,,,
E00001322,app_open,U00235,S0000482,2026-08-03 02:17:00,UK,desktop,ios,1.1,recommendation_v2_test,control,,,,,
E00001323,search,U00235,S0000482,2026-08-03 02:17:31,UK,desktop,ios,1.1,recommendation_v2_test,control,black tshirt,,,,
E00001324,click,U00235,S0000482,2026-08-03 02:18:14,UK,desktop,ios,1.1,recommendation_v2_test,control,black tshirt,P001,,,
E00001325,add_to_cart,U00235,S0000482,2026-08-03 02:20:18,UK,desktop,ios,1.1,recommendation_v2_test,control,black tshirt,P001,1.0,5075.9,
E00001326,app_open,U00236,S0000483,2026-08-03 00:33:00,Germany,tablet,web,1.0,recommendation_v2_test,treatment,,,,,
E00001327,app_open,U00237,S0000484,2026-08-08 12:36:00,Germany,tablet,web,1.0,recommendation_v2_test,treatment,,,,,
E00001328,search,U00237,S0000484,2026-08-08 12:36:42,Germany,tablet,web,1.0,recommendation_v2_test,treatment,running shoes,,,,
E00001329,click,U00237,S0000484,2026-08-08 12:38:29,Germany,tablet,web,1.0,recommendation_v2_test,treatment,running shoes,P003,,,
E00001330,add_to_cart,U00237,S0000484,2026-08-08 12:40:38,Germany,tablet,web,1.0,recommendation_v2_test,treatment,running shoes,P003,1.0,1444.88,
E00001331,app_open,U00237,S0000485,2026-08-13 10:17:00,Germany,tablet,web,1.0,recommendation_v2_test,treatment,,,,,
E00001332,search,U00237,S0000485,2026-08-13 10:17:54,Germany,tablet,web,1.0,recommendation_v2_test,treatment,sports shoes,,,,
E00001333,click,U00237,S0000485,2026-08-13 10:18:34,Germany,tablet,web,1.0,recommendation_v2_test,treatment,sports shoes,P006,,,
E00001334,app_open,U00237,S0000486,2026-08-11 07:28:00,Germany,tablet,web,1.0,recommendation_v2_test,treatment,,,,,
E00001335,search,U00237,S0000486,2026-08-11 07:28:27,Germany,tablet,web,1.0,recommendation_v2_test,treatment,running shoes,,,,
E00001336,click,U00237,S0000486,2026-08-11 07:30:14,Germany,tablet,web,1.0,recommendation_v2_test,treatment,running shoes,P004,,,
E00001337,app_open,U00238,S0000487,2026-08-06 15:58:00,India,tablet,android,1.0,recommendation_v2_test,treatment,,,,,
E00001338,search,U00238,S0000487,2026-08-06 15:58:19,India,tablet,android,1.0,recommendation_v2_test,treatment,black tshirt,,,,
E00001339,click,U00238,S0000487,2026-08-06 15:59:32,India,tablet,android,1.0,recommendation_v2_test,treatment,black tshirt,P001,,,
E00001340,app_open,U00238,S0000488,2026-08-03 03:12:00,India,tablet,android,1.0,recommendation_v2_test,treatment,,,,,
E00001341,search,U00238,S0000488,2026-08-03 03:12:36,India,tablet,android,1.0,recommendation_v2_test,treatment,watch,,,,
E00001342,click,U00238,S0000488,2026-08-03 03:12:50,India,tablet,android,1.0,recommendation_v2_test,treatment,watch,P003,,,
E00001343,app_open,U00238,S0000489,2026-08-10 08:45:00,India,tablet,android,1.0,recommendation_v2_test,treatment,,,,,
E00001344,search,U00238,S0000489,2026-08-10 08:45:28,India,tablet,android,1.0,recommendation_v2_test,treatment,black tshirt,,,,
E00001345,click,U00238,S0000489,2026-08-10 08:46:49,India,tablet,android,1.0,recommendation_v2_test,treatment,black tshirt,P001,,,
E00001346,app_open,U00238,S0000490,2026-08-08 20:55:00,India,tablet,android,1.0,recommendation_v2_test,treatment,,,,,
E00001347,search,U00238,S0000490,2026-08-08 20:55:28,India,tablet,android,1.0,recommendation_v2_test,treatment,watch,,,,
E00001348,click,U00238,S0000490,2026-08-08 20:56:50,India,tablet,android,1.0,recommendation_v2_test,treatment,watch,P004,,,
E00001349,app_open,U00239,S0000491,2026-08-09 20:44:00,India,desktop,web,1.0,recommendation_v2_test,control,,,,,
E00001350,search,U00239,S0000491,2026-08-09 20:44:57,India,desktop,web,1.0,recommendation_v2_test,control,watch,,,,
E00001351,click,U00239,S0000491,2026-08-09 20:45:43,India,desktop,web,1.0,recommendation_v2_test,control,watch,P005,,,
E00001352,add_to_cart,U00239,S0000491,2026-08-09 20:47:41,India,desktop,web,1.0,recommendation_v2_test,control,watch,P005,1.0,988.46,
E00001353,app_open,U00239,S0000492,2026-08-10 22:38:00,India,desktop,web,1.0,recommendation_v2_test,control,,,,,
E00001354,search,U00239,S0000492,2026-08-10 22:38:23,India,desktop,web,1.0,recommendation_v2_test,control,running shoes,,,,
E00001355,click,U00239,S0000492,2026-08-10 22:39:00,India,desktop,web,1.0,recommendation_v2_test,control,running shoes,P002,,,
E00001356,app_open,U00239,S0000493,2026-08-08 15:44:00,India,desktop,web,1.0,recommendation_v2_test,control,,,,,
E00001357,search,U00239,S0000493,2026-08-08 15:44:23,India,desktop,web,1.0,recommendation_v2_test,control,running shoes,,,,
E00001358,click,U00239,S0000493,2026-08-08 15:45:58,India,desktop,web,1.0,recommendation_v2_test,control,running shoes,P004,,,
E00001359,add_to_cart,U00239,S0000493,2026-08-08 15:47:46,India,desktop,web,1.0,recommendation_v2_test,control,running shoes,P004,1.0,5802.49,
E00001360,purchase,U00239,S0000493,2026-08-08 15:50:51,India,desktop,web,1.0,recommendation_v2_test,control,running shoes,P004,1.0,5802.49,O0000029
E00001361,app_open,U00240,S0000494,2026-08-07 21:10:00,UK,mobile,ios,1.0,recommendation_v2_test,treatment,,,,,
E00001362,search,U00240,S0000494,2026-08-07 21:10:46,UK,mobile,ios,1.0,recommendation_v2_test,treatment,watch,,,,
E00001363,app_open,U00241,S0000495,2026-08-11 18:20:00,India,desktop,web,1.1,recommendation_v2_test,treatment,,,,,
E00001364,search,U00241,S0000495,2026-08-11 18:20:22,India,desktop,web,1.1,recommendation_v2_test,treatment,running shoes,,,,
E00001365,click,U00241,S0000495,2026-08-11 18:22:06,India,desktop,web,1.1,recommendation_v2_test,treatment,running shoes,P006,,,
E00001366,add_to_cart,U00241,S0000495,2026-08-11 18:24:01,India,desktop,web,1.1,recommendation_v2_test,treatment,running shoes,P006,1.0,2886.59,
E00001367,app_open,U00241,S0000496,2026-08-10 07:52:00,India,desktop,web,1.1,recommendation_v2_test,treatment,,,,,
E00001368,search,U00241,S0000496,2026-08-10 07:52:37,India,desktop,web,1.1,recommendation_v2_test,treatment,sunscreen,,,,
E00001369,click,U00241,S0000496,2026-08-10 07:53:12,India,desktop,web,1.1,recommendation_v2_test,treatment,sunscreen,P001,,,
E00001370,add_to_cart,U00241,S0000496,2026-08-10 07:56:07,India,desktop,web,1.1,recommendation_v2_test,treatment,sunscreen,P001,1.0,934.17,
E00001371,app_open,U00241,S0000497,2026-08-05 21:25:00,India,desktop,web,1.1,recommendation_v2_test,treatment,,,,,
E00001372,search,U00241,S0000497,2026-08-05 21:25:35,India,desktop,web,1.1,recommendation_v2_test,treatment,sunscreen,,,,
E00001373,app_open,U00242,S0000498,2026-08-01 09:21:00,Germany,mobile,web,1.1,recommendation_v2_test,control,,,,,
E00001374,search,U00242,S0000498,2026-08-01 09:21:33,Germany,mobile,web,1.1,recommendation_v2_test,control,sunscreen,,,,
E00001375,click,U00242,S0000498,2026-08-01 09:22:29,Germany,mobile,web,1.1,recommendation_v2_test,control,sunscreen,P002,,,
E00001376,app_open,U00242,S0000499,2026-08-12 09:59:00,Germany,mobile,web,1.1,recommendation_v2_test,control,,,,,
E00001377,app_open,U00242,S0000500,2026-08-03 06:47:00,Germany,mobile,web,1.1,recommendation_v2_test,control,,,,,
E00001378,search,U00242,S0000500,2026-08-03 06:47:48,Germany,mobile,web,1.1,recommendation_v2_test,control,black tshirt,,,,
E00001379,click,U00242,S0000500,2026-08-03 06:48:25,Germany,mobile,web,1.1,recommendation_v2_test,control,black tshirt,P001,,,
E00001380,app_open,U00242,S0000501,2026-08-02 00:27:00,Germany,mobile,web,1.1,recommendation_v2_test,control,,,,,
E00001381,search,U00242,S0000501,2026-08-02 00:27:50,Germany,mobile,web,1.1,recommendation_v2_test,control,black tshirt,,,,
E00001382,click,U00242,S0000501,2026-08-02 00:29:23,Germany,mobile,web,1.1,recommendation_v2_test,control,black tshirt,P003,,,
E00001383,app_open,U00243,S0000502,2026-08-05 19:10:00,UK,tablet,android,1.1,recommendation_v2_test,control,,,,,
E00001384,search,U00243,S0000502,2026-08-05 19:10:16,UK,tablet,android,1.1,recommendation_v2_test,control,sports shoes,,,,
E00001385,app_open,U00244,S0000503,2026-08-01 03:49:00,India,desktop,android,1.0,recommendation_v2_test,control,,,,,
E00001386,search,U00244,S0000503,2026-08-01 03:49:35,India,desktop,android,1.0,recommendation_v2_test,control,running shoes,,,,
E00001387,click,U00244,S0000503,2026-08-01 03:49:42,India,desktop,android,1.0,recommendation_v2_test,control,running shoes,P006,,,
E00001388,app_open,U00244,S0000504,2026-08-12 03:53:00,India,desktop,android,1.0,recommendation_v2_test,control,,,,,
E00001389,search,U00244,S0000504,2026-08-12 03:53:42,India,desktop,android,1.0,recommendation_v2_test,control,black tshirt,,,,
E00001390,click,U00244,S0000504,2026-08-12 03:54:52,India,desktop,android,1.0,recommendation_v2_test,control,black tshirt,P002,,,
E00001391,add_to_cart,U00244,S0000504,2026-08-12 03:56:29,India,desktop,android,1.0,recommendation_v2_test,control,black tshirt,P002,1.0,5704.73,
E00001392,app_open,U00244,S0000505,2026-08-13 06:46:00,India,desktop,android,1.0,recommendation_v2_test,control,,,,,
E00001393,search,U00244,S0000505,2026-08-13 06:46:21,India,desktop,android,1.0,recommendation_v2_test,control,black tshirt,,,,
E00001394,click,U00244,S0000505,2026-08-13 06:46:27,India,desktop,android,1.0,recommendation_v2_test,control,black tshirt,P006,,,
E00001395,app_open,U00245,S0000506,2026-08-08 00:38:00,UK,mobile,android,1.0,recommendation_v2_test,control,,,,,
E00001396,search,U00245,S0000506,2026-08-08 00:38:18,UK,mobile,android,1.0,recommendation_v2_test,control,running shoes,,,,
E00001397,app_open,U00246,S0000507,2026-08-06 01:15:00,Australia,tablet,android,1.0,recommendation_v2_test,control,,,,,
E00001398,search,U00246,S0000507,2026-08-06 01:15:18,Australia,tablet,android,1.0,recommendation_v2_test,control,watch,,,,
E00001399,app_open,U00247,S0000508,2026-08-10 21:53:00,UK,mobile,ios,1.1,recommendation_v2_test,treatment,,,,,
E00001400,search,U00247,S0000508,2026-08-10 21:53:06,UK,mobile,ios,1.1,recommendation_v2_test,treatment,running shoes,,,,
E00001401,click,U00247,S0000508,2026-08-10 21:54:44,UK,mobile,ios,1.1,recommendation_v2_test,treatment,running shoes,P005,,,
E00001402,app_open,U00247,S0000509,2026-08-02 17:49:00,UK,mobile,ios,1.1,recommendation_v2_test,treatment,,,,,
E00001403,search,U00247,S0000509,2026-08-02 17:49:08,UK,mobile,ios,1.1,recommendation_v2_test,treatment,running shoes,,,,
E00001404,click,U00247,S0000509,2026-08-02 17:49:46,UK,mobile,ios,1.1,recommendation_v2_test,treatment,running shoes,P002,,,
E00001405,app_open,U00248,S0000510,2026-08-05 21:45:00,Australia,mobile,ios,1.0,recommendation_v2_test,control,,,,,
E00001406,search,U00248,S0000510,2026-08-05 21:45:45,Australia,mobile,ios,1.0,recommendation_v2_test,control,black tshirt,,,,
E00001407,app_open,U00248,S0000511,2026-08-10 08:33:00,Australia,mobile,ios,1.0,recommendation_v2_test,control,,,,,
E00001408,search,U00248,S0000511,2026-08-10 08:33:36,Australia,mobile,ios,1.0,recommendation_v2_test,control,sunscreen,,,,
E00001409,app_open,U00249,S0000512,2026-08-10 20:57:00,Germany,tablet,android,1.0,recommendation_v2_test,treatment,,,,,
E00001410,search,U00249,S0000512,2026-08-10 20:57:55,Germany,tablet,android,1.0,recommendation_v2_test,treatment,sunscreen,,,,
E00001411,click,U00249,S0000512,2026-08-10 20:58:50,Germany,tablet,android,1.0,recommendation_v2_test,treatment,sunscreen,P006,,,
E00001412,app_open,U00250,S0000513,2026-08-04 11:02:00,UK,mobile,web,1.1,recommendation_v2_test,control,,,,,
E00001413,search,U00250,S0000513,2026-08-04 11:02:55,UK,mobile,web,1.1,recommendation_v2_test,control,sports shoes,,,,
E00001414,app_open,U00251,S0000514,2026-08-07 16:18:00,Germany,mobile,web,1.0,recommendation_v2_test,treatment,,,,,
E00001415,search,U00251,S0000514,2026-08-07 16:18:20,Germany,mobile,web,1.0,recommendation_v2_test,treatment,running shoes,,,,
E00001416,click,U00251,S0000514,2026-08-07 16:19:17,Germany,mobile,web,1.0,recommendation_v2_test,treatment,running shoes,P004,,,
E00001417,add_to_cart,U00251,S0000514,2026-08-07 16:21:06,Germany,mobile,web,1.0,recommendation_v2_test,treatment,running shoes,P004,1.0,3439.12,
E00001418,purchase,U00251,S0000514,2026-08-07 16:23:54,Germany,mobile,web,1.0,recommendation_v2_test,treatment,running shoes,P004,1.0,3439.12,O0000030
E00001419,app_open,U00251,S0000515,2026-08-12 14:02:00,Germany,mobile,web,1.0,recommendation_v2_test,treatment,,,,,
E00001420,search,U00251,S0000515,2026-08-12 14:02:18,Germany,mobile,web,1.0,recommendation_v2_test,treatment,sports shoes,,,,
E00001421,click,U00251,S0000515,2026-08-12 14:04:13,Germany,mobile,web,1.0,recommendation_v2_test,treatment,sports shoes,P003,,,
E00001422,app_open,U00251,S0000516,2026-08-09 13:59:00,Germany,mobile,web,1.0,recommendation_v2_test,treatment,,,,,
E00001423,search,U00251,S0000516,2026-08-09 13:59:24,Germany,mobile,web,1.0,recommendation_v2_test,treatment,running shoes,,,,
E00001424,click,U00251,S0000516,2026-08-09 14:00:05,Germany,mobile,web,1.0,recommendation_v2_test,treatment,running shoes,P003,,,
E00001425,app_open,U00251,S0000517,2026-08-11 19:56:00,Germany,mobile,web,1.0,recommendation_v2_test,treatment,,,,,
E00001426,search,U00251,S0000517,2026-08-11 19:56:08,Germany,mobile,web,1.0,recommendation_v2_test,treatment,sunscreen,,,,
E00001427,click,U00251,S0000517,2026-08-11 19:57:40,Germany,mobile,web,1.0,recommendation_v2_test,treatment,sunscreen,P003,,,
E00001428,add_to_cart,U00251,S0000517,2026-08-11 19:57:58,Germany,mobile,web,1.0,recommendation_v2_test,treatment,sunscreen,P003,1.0,5933.42,
E00001429,app_open,U00251,S0000518,2026-08-10 10:03:00,Germany,mobile,web,1.0,recommendation_v2_test,treatment,,,,,
E00001430,search,U00251,S0000518,2026-08-10 10:03:45,Germany,mobile,web,1.0,recommendation_v2_test,treatment,running shoes,,,,
E00001431,click,U00251,S0000518,2026-08-10 10:04:08,Germany,mobile,web,1.0,recommendation_v2_test,treatment,running shoes,P006,,,
E00001432,add_to_cart,U00251,S0000518,2026-08-10 10:06:17,Germany,mobile,web,1.0,recommendation_v2_test,treatment,running shoes,P006,1.0,4510.95,
E00001433,purchase,U00251,S0000518,2026-08-10 10:09:36,Germany,mobile,web,1.0,recommendation_v2_test,treatment,running shoes,P006,1.0,4510.95,O0000031
E00001434,app_open,U00251,S0000519,2026-08-09 02:45:00,Germany,mobile,web,1.0,recommendation_v2_test,treatment,,,,,
E00001435,search,U00251,S0000519,2026-08-09 02:45:36,Germany,mobile,web,1.0,recommendation_v2_test,treatment,sunscreen,,,,
E00001436,app_open,U00252,S0000520,2026-08-02 22:27:00,India,tablet,web,1.1,recommendation_v2_test,treatment,,,,,
E00001437,search,U00252,S0000520,2026-08-02 22:27:15,India,tablet,web,1.1,recommendation_v2_test,treatment,running shoes,,,,
E00001438,app_open,U00253,S0000521,2026-08-12 07:15:00,UK,mobile,android,1.0,recommendation_v2_test,control,,,,,
E00001439,search,U00253,S0000521,2026-08-12 07:15:27,UK,mobile,android,1.0,recommendation_v2_test,control,sports shoes,,,,
E00001440,app_open,U00254,S0000522,2026-08-13 15:17:00,Australia,tablet,web,1.0,recommendation_v2_test,control,,,,,
E00001441,search,U00254,S0000522,2026-08-13 15:17:31,Australia,tablet,web,1.0,recommendation_v2_test,control,running shoes,,,,
E00001442,click,U00254,S0000522,2026-08-13 15:18:21,Australia,tablet,web,1.0,recommendation_v2_test,control,running shoes,P005,,,
E00001443,app_open,U00254,S0000523,2026-08-03 00:20:00,Australia,tablet,web,1.0,recommendation_v2_test,control,,,,,
E00001444,search,U00254,S0000523,2026-08-03 00:20:59,Australia,tablet,web,1.0,recommendation_v2_test,control,black tshirt,,,,
E00001445,click,U00254,S0000523,2026-08-03 00:21:40,Australia,tablet,web,1.0,recommendation_v2_test,control,black tshirt,P002,,,
E00001446,add_to_cart,U00254,S0000523,2026-08-03 00:23:37,Australia,tablet,web,1.0,recommendation_v2_test,control,black tshirt,P002,1.0,2586.62,
E00001447,app_open,U00255,S0000524,2026-08-10 14:28:00,UK,tablet,web,1.0,recommendation_v2_test,treatment,,,,,
E00001448,search,U00255,S0000524,2026-08-10 14:28:27,UK,tablet,web,1.0,recommendation_v2_test,treatment,watch,,,,
E00001449,click,U00255,S0000524,2026-08-10 14:29:06,UK,tablet,web,1.0,recommendation_v2_test,treatment,watch,P001,,,
E00001450,add_to_cart,U00255,S0000524,2026-08-10 14:29:51,UK,tablet,web,1.0,recommendation_v2_test,treatment,watch,P001,1.0,3200.39,
E00001451,app_open,U00255,S0000525,2026-08-12 10:12:00,UK,tablet,web,1.0,recommendation_v2_test,treatment,,,,,
E00001452,search,U00255,S0000525,2026-08-12 10:12:20,UK,tablet,web,1.0,recommendation_v2_test,treatment,sports shoes,,,,
E00001453,app_open,U00256,S0000526,2026-08-07 15:45:00,Germany,mobile,android,1.0,recommendation_v2_test,control,,,,,
E00001454,search,U00256,S0000526,2026-08-07 15:45:42,Germany,mobile,android,1.0,recommendation_v2_test,control,black tshirt,,,,
E00001455,click,U00256,S0000526,2026-08-07 15:47:29,Germany,mobile,android,1.0,recommendation_v2_test,control,black tshirt,P002,,,
E00001456,add_to_cart,U00256,S0000526,2026-08-07 15:49:22,Germany,mobile,android,1.0,recommendation_v2_test,control,black tshirt,P002,1.0,2422.79,
E00001457,purchase,U00256,S0000526,2026-08-07 15:54:17,Germany,mobile,android,1.0,recommendation_v2_test,control,black tshirt,P002,1.0,2422.79,O0000032
E00001458,app_open,U00257,S0000527,2026-08-07 17:29:00,Germany,desktop,web,1.0,recommendation_v2_test,control,,,,,
E00001459,search,U00257,S0000527,2026-08-07 17:29:41,Germany,desktop,web,1.0,recommendation_v2_test,control,sports shoes,,,,
E00001460,app_open,U00258,S0000528,2026-08-06 14:35:00,Australia,tablet,web,1.0,recommendation_v2_test,treatment,,,,,
E00001461,search,U00258,S0000528,2026-08-06 14:35:52,Australia,tablet,web,1.0,recommendation_v2_test,treatment,sports shoes,,,,
E00001462,click,U00258,S0000528,2026-08-06 14:36:11,Australia,tablet,web,1.0,recommendation_v2_test,treatment,sports shoes,P005,,,
E00001463,app_open,U00259,S0000529,2026-08-02 19:48:00,UK,desktop,android,1.1,recommendation_v2_test,treatment,,,,,
E00001464,search,U00259,S0000529,2026-08-02 19:48:22,UK,desktop,android,1.1,recommendation_v2_test,treatment,black tshirt,,,,
E00001465,click,U00259,S0000529,2026-08-02 19:48:31,UK,desktop,android,1.1,recommendation_v2_test,treatment,black tshirt,P005,,,
E00001466,app_open,U00260,S0000530,2026-08-07 08:36:00,India,desktop,ios,1.0,recommendation_v2_test,treatment,,,,,
E00001467,search,U00260,S0000530,2026-08-07 08:36:11,India,desktop,ios,1.0,recommendation_v2_test,treatment,sports shoes,,,,
E00001468,click,U00260,S0000530,2026-08-07 08:37:19,India,desktop,ios,1.0,recommendation_v2_test,treatment,sports shoes,P002,,,
E00001469,add_to_cart,U00260,S0000530,2026-08-07 08:38:27,India,desktop,ios,1.0,recommendation_v2_test,treatment,sports shoes,P002,1.0,2390.19,
E00001470,app_open,U00261,S0000531,2026-08-07 13:33:00,Australia,mobile,web,1.1,recommendation_v2_test,treatment,,,,,
E00001471,app_open,U00262,S0000532,2026-08-01 09:17:00,Australia,tablet,android,1.1,recommendation_v2_test,treatment,,,,,
E00001472,search,U00262,S0000532,2026-08-01 09:17:26,Australia,tablet,android,1.1,recommendation_v2_test,treatment,sunscreen,,,,
E00001473,click,U00262,S0000532,2026-08-01 09:18:13,Australia,tablet,android,1.1,recommendation_v2_test,treatment,sunscreen,P001,,,
E00001474,add_to_cart,U00262,S0000532,2026-08-01 09:18:56,Australia,tablet,android,1.1,recommendation_v2_test,treatment,sunscreen,P001,1.0,3422.39,
E00001475,purchase,U00262,S0000532,2026-08-01 09:21:25,Australia,tablet,android,1.1,recommendation_v2_test,treatment,sunscreen,P001,1.0,3422.39,O0000033
E00001476,app_open,U00262,S0000533,2026-08-12 06:58:00,Australia,tablet,android,1.1,recommendation_v2_test,treatment,,,,,
E00001477,search,U00262,S0000533,2026-08-12 06:58:21,Australia,tablet,android,1.1,recommendation_v2_test,treatment,black tshirt,,,,
E00001478,click,U00262,S0000533,2026-08-12 06:59:16,Australia,tablet,android,1.1,recommendation_v2_test,treatment,black tshirt,P005,,,
E00001479,app_open,U00263,S0000534,2026-08-13 22:49:00,Australia,desktop,android,1.1,recommendation_v2_test,treatment,,,,,
E00001480,search,U00263,S0000534,2026-08-13 22:49:06,Australia,desktop,android,1.1,recommendation_v2_test,treatment,sports shoes,,,,
E00001481,click,U00263,S0000534,2026-08-13 22:50:36,Australia,desktop,android,1.1,recommendation_v2_test,treatment,sports shoes,P004,,,
E00001482,app_open,U00264,S0000535,2026-08-07 00:54:00,Australia,tablet,web,1.1,recommendation_v2_test,treatment,,,,,
E00001483,search,U00264,S0000535,2026-08-07 00:54:27,Australia,tablet,web,1.1,recommendation_v2_test,treatment,sunscreen,,,,
E00001484,app_open,U00264,S0000536,2026-08-01 16:01:00,Australia,tablet,web,1.1,recommendation_v2_test,treatment,,,,,
E00001485,search,U00264,S0000536,2026-08-01 16:01:52,Australia,tablet,web,1.1,recommendation_v2_test,treatment,running shoes,,,,
E00001486,click,U00264,S0000536,2026-08-01 16:03:17,Australia,tablet,web,1.1,recommendation_v2_test,treatment,running shoes,P004,,,
E00001487,app_open,U00265,S0000537,2026-08-10 19:16:00,India,desktop,android,1.0,recommendation_v2_test,control,,,,,
E00001488,search,U00265,S0000537,2026-08-10 19:16:22,India,desktop,android,1.0,recommendation_v2_test,control,sunscreen,,,,
E00001489,click,U00265,S0000537,2026-08-10 19:16:50,India,desktop,android,1.0,recommendation_v2_test,control,sunscreen,P001,,,
E00001490,add_to_cart,U00265,S0000537,2026-08-10 19:17:45,India,desktop,android,1.0,recommendation_v2_test,control,sunscreen,P001,1.0,2658.94,
E00001491,purchase,U00265,S0000537,2026-08-10 19:22:20,India,desktop,android,1.0,recommendation_v2_test,control,sunscreen,P001,1.0,2658.94,O0000034
E00001492,app_open,U00265,S0000538,2026-08-09 00:19:00,India,desktop,android,1.0,recommendation_v2_test,control,,,,,
E00001493,search,U00265,S0000538,2026-08-09 00:19:13,India,desktop,android,1.0,recommendation_v2_test,control,running shoes,,,,
E00001494,click,U00265,S0000538,2026-08-09 00:20:43,India,desktop,android,1.0,recommendation_v2_test,control,running shoes,P004,,,
E00001495,app_open,U00265,S0000539,2026-08-06 22:03:00,India,desktop,android,1.0,recommendation_v2_test,control,,,,,
E00001496,search,U00265,S0000539,2026-08-06 22:03:39,India,desktop,android,1.0,recommendation_v2_test,control,watch,,,,
E00001497,click,U00265,S0000539,2026-08-06 22:04:14,India,desktop,android,1.0,recommendation_v2_test,control,watch,P001,,,
E00001498,app_open,U00266,S0000540,2026-08-14 12:08:00,Australia,tablet,web,1.0,recommendation_v2_test,treatment,,,,,
E00001499,search,U00266,S0000540,2026-08-14 12:08:21,Australia,tablet,web,1.0,recommendation_v2_test,treatment,black tshirt,,,,
E00001500,click,U00266,S0000540,2026-08-14 12:09:00,Australia,tablet,web,1.0,recommendation_v2_test,treatment,black tshirt,P006,,,
E00001501,add_to_cart,U00266,S0000540,2026-08-14 12:10:51,Australia,tablet,web,1.0,recommendation_v2_test,treatment,black tshirt,P006,1.0,5770.52,
E00001502,app_open,U00266,S0000541,2026-08-07 17:26:00,Australia,tablet,web,1.0,recommendation_v2_test,treatment,,,,,
E00001503,search,U00266,S0000541,2026-08-07 17:26:38,Australia,tablet,web,1.0,recommendation_v2_test,treatment,sports shoes,,,,
E00001504,app_open,U00267,S0000542,2026-08-08 17:51:00,UK,tablet,android,1.0,recommendation_v2_test,treatment,,,,,
E00001505,search,U00267,S0000542,2026-08-08 17:51:37,UK,tablet,android,1.0,recommendation_v2_test,treatment,sports shoes,,,,
E00001506,click,U00267,S0000542,2026-08-08 17:52:51,UK,tablet,android,1.0,recommendation_v2_test,treatment,sports shoes,P004,,,
E00001507,add_to_cart,U00267,S0000542,2026-08-08 17:53:28,UK,tablet,android,1.0,recommendation_v2_test,treatment,sports shoes,P004,1.0,2748.66,
E00001508,purchase,U00267,S0000542,2026-08-08 17:54:37,UK,tablet,android,1.0,recommendation_v2_test,treatment,sports shoes,P004,1.0,2748.66,O0000035
E00001509,app_open,U00267,S0000543,2026-08-11 03:04:00,UK,tablet,android,1.0,recommendation_v2_test,treatment,,,,,
E00001510,search,U00267,S0000543,2026-08-11 03:04:48,UK,tablet,android,1.0,recommendation_v2_test,treatment,sports shoes,,,,
E00001511,click,U00267,S0000543,2026-08-11 03:04:55,UK,tablet,android,1.0,recommendation_v2_test,treatment,sports shoes,P005,,,
E00001512,app_open,U00267,S0000544,2026-08-04 21:49:00,UK,tablet,android,1.0,recommendation_v2_test,treatment,,,,,
E00001513,search,U00267,S0000544,2026-08-04 21:49:50,UK,tablet,android,1.0,recommendation_v2_test,treatment,watch,,,,
E00001514,app_open,U00267,S0000545,2026-08-05 14:04:00,UK,tablet,android,1.0,recommendation_v2_test,treatment,,,,,
E00001515,search,U00267,S0000545,2026-08-05 14:04:57,UK,tablet,android,1.0,recommendation_v2_test,treatment,black tshirt,,,,
E00001516,click,U00267,S0000545,2026-08-05 14:06:41,UK,tablet,android,1.0,recommendation_v2_test,treatment,black tshirt,P004,,,
E00001517,app_open,U00268,S0000546,2026-08-11 15:21:00,Australia,tablet,web,1.0,recommendation_v2_test,treatment,,,,,
E00001518,search,U00268,S0000546,2026-08-11 15:21:53,Australia,tablet,web,1.0,recommendation_v2_test,treatment,watch,,,,
E00001519,app_open,U00268,S0000547,2026-08-01 17:18:00,Australia,tablet,web,1.0,recommendation_v2_test,treatment,,,,,
E00001520,search,U00268,S0000547,2026-08-01 17:18:14,Australia,tablet,web,1.0,recommendation_v2_test,treatment,black tshirt,,,,
E00001521,app_open,U00268,S0000548,2026-08-01 01:32:00,Australia,tablet,web,1.0,recommendation_v2_test,treatment,,,,,
E00001522,search,U00268,S0000548,2026-08-01 01:32:09,Australia,tablet,web,1.0,recommendation_v2_test,treatment,black tshirt,,,,
E00001523,click,U00268,S0000548,2026-08-01 01:32:58,Australia,tablet,web,1.0,recommendation_v2_test,treatment,black tshirt,P006,,,
E00001524,add_to_cart,U00268,S0000548,2026-08-01 01:33:55,Australia,tablet,web,1.0,recommendation_v2_test,treatment,black tshirt,P006,1.0,4064.64,
E00001525,purchase,U00268,S0000548,2026-08-01 01:37:39,Australia,tablet,web,1.0,recommendation_v2_test,treatment,black tshirt,P006,1.0,4064.64,O0000036
E00001526,app_open,U00269,S0000549,2026-08-06 03:17:00,India,mobile,ios,1.1,recommendation_v2_test,control,,,,,
E00001527,search,U00269,S0000549,2026-08-06 03:17:37,India,mobile,ios,1.1,recommendation_v2_test,control,watch,,,,
E00001528,app_open,U00270,S0000550,2026-08-03 03:35:00,Germany,desktop,web,1.0,recommendation_v2_test,treatment,,,,,
E00001529,search,U00270,S0000550,2026-08-03 03:35:37,Germany,desktop,web,1.0,recommendation_v2_test,treatment,sunscreen,,,,
E00001530,click,U00270,S0000550,2026-08-03 03:36:03,Germany,desktop,web,1.0,recommendation_v2_test,treatment,sunscreen,P004,,,
E00001531,app_open,U00270,S0000551,2026-08-01 22:57:00,Germany,desktop,web,1.0,recommendation_v2_test,treatment,,,,,
E00001532,search,U00270,S0000551,2026-08-01 22:57:16,Germany,desktop,web,1.0,recommendation_v2_test,treatment,sports shoes,,,,
E00001533,click,U00270,S0000551,2026-08-01 22:58:05,Germany,desktop,web,1.0,recommendation_v2_test,treatment,sports shoes,P005,,,
E00001534,app_open,U00270,S0000552,2026-08-06 14:18:00,Germany,desktop,web,1.0,recommendation_v2_test,treatment,,,,,
E00001535,app_open,U00270,S0000553,2026-08-08 11:21:00,Germany,desktop,web,1.0,recommendation_v2_test,treatment,,,,,
E00001536,app_open,U00270,S0000554,2026-08-12 09:44:00,Germany,desktop,web,1.0,recommendation_v2_test,treatment,,,,,
E00001537,search,U00270,S0000554,2026-08-12 09:44:40,Germany,desktop,web,1.0,recommendation_v2_test,treatment,black tshirt,,,,
E00001538,click,U00270,S0000554,2026-08-12 09:46:25,Germany,desktop,web,1.0,recommendation_v2_test,treatment,black tshirt,P001,,,
E00001539,add_to_cart,U00270,S0000554,2026-08-12 09:47:40,Germany,desktop,web,1.0,recommendation_v2_test,treatment,black tshirt,P001,1.0,4756.99,
E00001540,app_open,U00271,S0000555,2026-08-01 08:14:00,Australia,tablet,android,1.1,recommendation_v2_test,treatment,,,,,
E00001541,search,U00271,S0000555,2026-08-01 08:14:20,Australia,tablet,android,1.1,recommendation_v2_test,treatment,black tshirt,,,,
E00001542,click,U00271,S0000555,2026-08-01 08:14:38,Australia,tablet,android,1.1,recommendation_v2_test,treatment,black tshirt,P006,,,
E00001543,app_open,U00271,S0000556,2026-08-01 18:45:00,Australia,tablet,android,1.1,recommendation_v2_test,treatment,,,,,
E00001544,app_open,U00272,S0000557,2026-08-03 07:02:00,India,mobile,web,1.1,recommendation_v2_test,control,,,,,
E00001545,search,U00272,S0000557,2026-08-03 07:02:43,India,mobile,web,1.1,recommendation_v2_test,control,sunscreen,,,,
E00001546,click,U00272,S0000557,2026-08-03 07:03:10,India,mobile,web,1.1,recommendation_v2_test,control,sunscreen,P005,,,
E00001547,add_to_cart,U00272,S0000557,2026-08-03 07:04:26,India,mobile,web,1.1,recommendation_v2_test,control,sunscreen,P005,1.0,1813.9,
E00001548,app_open,U00272,S0000558,2026-08-14 07:39:00,India,mobile,web,1.1,recommendation_v2_test,control,,,,,
E00001549,search,U00272,S0000558,2026-08-14 07:39:15,India,mobile,web,1.1,recommendation_v2_test,control,running shoes,,,,
E00001550,app_open,U00273,S0000559,2026-08-13 09:45:00,Germany,tablet,android,1.0,recommendation_v2_test,treatment,,,,,
E00001551,search,U00273,S0000559,2026-08-13 09:45:29,Germany,tablet,android,1.0,recommendation_v2_test,treatment,watch,,,,
E00001552,click,U00273,S0000559,2026-08-13 09:46:16,Germany,tablet,android,1.0,recommendation_v2_test,treatment,watch,P006,,,
E00001553,app_open,U00273,S0000560,2026-08-04 14:53:00,Germany,tablet,android,1.0,recommendation_v2_test,treatment,,,,,
E00001554,search,U00273,S0000560,2026-08-04 14:53:28,Germany,tablet,android,1.0,recommendation_v2_test,treatment,sunscreen,,,,
E00001555,click,U00273,S0000560,2026-08-04 14:54:34,Germany,tablet,android,1.0,recommendation_v2_test,treatment,sunscreen,P005,,,
E00001556,add_to_cart,U00273,S0000560,2026-08-04 14:57:17,Germany,tablet,android,1.0,recommendation_v2_test,treatment,sunscreen,P005,1.0,5271.39,
E00001557,app_open,U00273,S0000561,2026-08-11 15:59:00,Germany,tablet,android,1.0,recommendation_v2_test,treatment,,,,,
E00001558,app_open,U00274,S0000562,2026-08-11 06:02:00,Australia,desktop,web,1.0,recommendation_v2_test,control,,,,,
E00001559,search,U00274,S0000562,2026-08-11 06:02:50,Australia,desktop,web,1.0,recommendation_v2_test,control,sunscreen,,,,
E00001560,click,U00274,S0000562,2026-08-11 06:04:35,Australia,desktop,web,1.0,recommendation_v2_test,control,sunscreen,P003,,,
E00001561,app_open,U00274,S0000563,2026-08-09 00:21:00,Australia,desktop,web,1.0,recommendation_v2_test,control,,,,,
E00001562,search,U00274,S0000563,2026-08-09 00:21:39,Australia,desktop,web,1.0,recommendation_v2_test,control,running shoes,,,,
E00001563,app_open,U00275,S0000564,2026-08-12 14:13:00,India,mobile,ios,1.1,recommendation_v2_test,control,,,,,
E00001564,search,U00275,S0000564,2026-08-12 14:13:41,India,mobile,ios,1.1,recommendation_v2_test,control,black tshirt,,,,
E00001565,click,U00275,S0000564,2026-08-12 14:14:20,India,mobile,ios,1.1,recommendation_v2_test,control,black tshirt,P001,,,
E00001566,app_open,U00276,S0000565,2026-08-01 21:42:00,India,mobile,ios,1.1,recommendation_v2_test,treatment,,,,,
E00001567,search,U00276,S0000565,2026-08-01 21:42:29,India,mobile,ios,1.1,recommendation_v2_test,treatment,sunscreen,,,,
E00001568,click,U00276,S0000565,2026-08-01 21:42:34,India,mobile,ios,1.1,recommendation_v2_test,treatment,sunscreen,P001,,,
E00001569,add_to_cart,U00276,S0000565,2026-08-01 21:44:09,India,mobile,ios,1.1,recommendation_v2_test,treatment,sunscreen,P001,1.0,5833.62,
E00001570,app_open,U00276,S0000566,2026-08-11 08:55:00,India,mobile,ios,1.1,recommendation_v2_test,treatment,,,,,
E00001571,search,U00276,S0000566,2026-08-11 08:55:40,India,mobile,ios,1.1,recommendation_v2_test,treatment,sunscreen,,,,
E00001572,click,U00276,S0000566,2026-08-11 08:56:56,India,mobile,ios,1.1,recommendation_v2_test,treatment,sunscreen,P004,,,
E00001573,add_to_cart,U00276,S0000566,2026-08-11 08:57:52,India,mobile,ios,1.1,recommendation_v2_test,treatment,sunscreen,P004,1.0,2563.79,
E00001574,app_open,U00277,S0000567,2026-08-10 22:33:00,India,desktop,ios,1.0,recommendation_v2_test,treatment,,,,,
E00001575,search,U00277,S0000567,2026-08-10 22:33:44,India,desktop,ios,1.0,recommendation_v2_test,treatment,black tshirt,,,,
E00001576,click,U00277,S0000567,2026-08-10 22:34:43,India,desktop,ios,1.0,recommendation_v2_test,treatment,black tshirt,P006,,,
E00001577,add_to_cart,U00277,S0000567,2026-08-10 22:37:20,India,desktop,ios,1.0,recommendation_v2_test,treatment,black tshirt,P006,1.0,5050.9,
E00001578,purchase,U00277,S0000567,2026-08-10 22:38:16,India,desktop,ios,1.0,recommendation_v2_test,treatment,black tshirt,P006,1.0,5050.9,O0000037
E00001579,app_open,U00278,S0000568,2026-08-05 01:59:00,Germany,mobile,android,1.1,recommendation_v2_test,control,,,,,
E00001580,search,U00278,S0000568,2026-08-05 01:59:44,Germany,mobile,android,1.1,recommendation_v2_test,control,running shoes,,,,
E00001581,app_open,U00279,S0000569,2026-08-11 23:25:00,UK,tablet,web,1.1,recommendation_v2_test,treatment,,,,,
E00001582,search,U00279,S0000569,2026-08-11 23:25:54,UK,tablet,web,1.1,recommendation_v2_test,treatment,sunscreen,,,,
E00001583,click,U00279,S0000569,2026-08-11 23:26:12,UK,tablet,web,1.1,recommendation_v2_test,treatment,sunscreen,P006,,,
E00001584,app_open,U00279,S0000570,2026-08-06 21:56:00,UK,tablet,web,1.1,recommendation_v2_test,treatment,,,,,
E00001585,search,U00279,S0000570,2026-08-06 21:56:48,UK,tablet,web,1.1,recommendation_v2_test,treatment,running shoes,,,,
E00001586,click,U00279,S0000570,2026-08-06 21:58:27,UK,tablet,web,1.1,recommendation_v2_test,treatment,running shoes,P003,,,
E00001587,app_open,U00279,S0000571,2026-08-14 07:02:00,UK,tablet,web,1.1,recommendation_v2_test,treatment,,,,,
E00001588,search,U00279,S0000571,2026-08-14 07:02:48,UK,tablet,web,1.1,recommendation_v2_test,treatment,black tshirt,,,,
E00001589,app_open,U00279,S0000572,2026-08-09 03:26:00,UK,tablet,web,1.1,recommendation_v2_test,treatment,,,,,
E00001590,search,U00279,S0000572,2026-08-09 03:26:32,UK,tablet,web,1.1,recommendation_v2_test,treatment,sports shoes,,,,
E00001591,click,U00279,S0000572,2026-08-09 03:28:08,UK,tablet,web,1.1,recommendation_v2_test,treatment,sports shoes,P001,,,
E00001592,add_to_cart,U00279,S0000572,2026-08-09 03:30:17,UK,tablet,web,1.1,recommendation_v2_test,treatment,sports shoes,P001,1.0,3512.95,
E00001593,app_open,U00280,S0000573,2026-08-10 10:46:00,Australia,mobile,web,1.1,recommendation_v2_test,treatment,,,,,
E00001594,search,U00280,S0000573,2026-08-10 10:46:53,Australia,mobile,web,1.1,recommendation_v2_test,treatment,running shoes,,,,
E00001595,click,U00280,S0000573,2026-08-10 10:48:50,Australia,mobile,web,1.1,recommendation_v2_test,treatment,running shoes,P002,,,
E00001596,app_open,U00281,S0000574,2026-08-04 23:49:00,Australia,desktop,web,1.0,recommendation_v2_test,treatment,,,,,
E00001597,search,U00281,S0000574,2026-08-04 23:49:31,Australia,desktop,web,1.0,recommendation_v2_test,treatment,black tshirt,,,,
E00001598,app_open,U00281,S0000575,2026-08-03 12:34:00,Australia,desktop,web,1.0,recommendation_v2_test,treatment,,,,,
E00001599,search,U00281,S0000575,2026-08-03 12:34:50,Australia,desktop,web,1.0,recommendation_v2_test,treatment,running shoes,,,,
E00001600,click,U00281,S0000575,2026-08-03 12:35:04,Australia,desktop,web,1.0,recommendation_v2_test,treatment,running shoes,P004,,,
E00001601,app_open,U00281,S0000576,2026-08-08 22:01:00,Australia,desktop,web,1.0,recommendation_v2_test,treatment,,,,,
E00001602,search,U00281,S0000576,2026-08-08 22:01:53,Australia,desktop,web,1.0,recommendation_v2_test,treatment,running shoes,,,,
E00001603,click,U00281,S0000576,2026-08-08 22:02:31,Australia,desktop,web,1.0,recommendation_v2_test,treatment,running shoes,P001,,,
E00001604,app_open,U00281,S0000577,2026-08-05 13:27:00,Australia,desktop,web,1.0,recommendation_v2_test,treatment,,,,,
E00001605,search,U00281,S0000577,2026-08-05 13:27:07,Australia,desktop,web,1.0,recommendation_v2_test,treatment,sports shoes,,,,
E00001606,click,U00281,S0000577,2026-08-05 13:27:28,Australia,desktop,web,1.0,recommendation_v2_test,treatment,sports shoes,P002,,,
E00001607,app_open,U00282,S0000578,2026-08-07 06:21:00,Germany,mobile,android,1.1,recommendation_v2_test,treatment,,,,,
E00001608,search,U00282,S0000578,2026-08-07 06:21:59,Germany,mobile,android,1.1,recommendation_v2_test,treatment,black tshirt,,,,
E00001609,click,U00282,S0000578,2026-08-07 06:22:14,Germany,mobile,android,1.1,recommendation_v2_test,treatment,black tshirt,P003,,,
E00001610,app_open,U00282,S0000579,2026-08-01 22:04:00,Germany,mobile,android,1.1,recommendation_v2_test,treatment,,,,,
E00001611,search,U00282,S0000579,2026-08-01 22:04:50,Germany,mobile,android,1.1,recommendation_v2_test,treatment,sports shoes,,,,
E00001612,app_open,U00283,S0000580,2026-08-07 20:02:00,Germany,tablet,android,1.1,recommendation_v2_test,control,,,,,
E00001613,search,U00283,S0000580,2026-08-07 20:02:55,Germany,tablet,android,1.1,recommendation_v2_test,control,black tshirt,,,,
E00001614,click,U00283,S0000580,2026-08-07 20:04:30,Germany,tablet,android,1.1,recommendation_v2_test,control,black tshirt,P002,,,
E00001615,add_to_cart,U00283,S0000580,2026-08-07 20:05:25,Germany,tablet,android,1.1,recommendation_v2_test,control,black tshirt,P002,1.0,3817.22,
E00001616,app_open,U00283,S0000581,2026-08-06 17:08:00,Germany,tablet,android,1.1,recommendation_v2_test,control,,,,,
E00001617,search,U00283,S0000581,2026-08-06 17:08:40,Germany,tablet,android,1.1,recommendation_v2_test,control,sunscreen,,,,
E00001618,click,U00283,S0000581,2026-08-06 17:10:03,Germany,tablet,android,1.1,recommendation_v2_test,control,sunscreen,P002,,,
E00001619,app_open,U00284,S0000582,2026-08-10 08:24:00,Australia,tablet,android,1.1,recommendation_v2_test,control,,,,,
E00001620,search,U00284,S0000582,2026-08-10 08:24:46,Australia,tablet,android,1.1,recommendation_v2_test,control,watch,,,,
E00001621,click,U00284,S0000582,2026-08-10 08:26:22,Australia,tablet,android,1.1,recommendation_v2_test,control,watch,P001,,,
E00001622,add_to_cart,U00284,S0000582,2026-08-10 08:27:51,Australia,tablet,android,1.1,recommendation_v2_test,control,watch,P001,1.0,1145.79,
E00001623,purchase,U00284,S0000582,2026-08-10 08:32:18,Australia,tablet,android,1.1,recommendation_v2_test,control,watch,P001,1.0,1145.79,O0000038
E00001624,app_open,U00285,S0000583,2026-08-01 13:08:00,UK,tablet,web,1.0,recommendation_v2_test,treatment,,,,,
E00001625,search,U00285,S0000583,2026-08-01 13:08:06,UK,tablet,web,1.0,recommendation_v2_test,treatment,sports shoes,,,,
E00001626,click,U00285,S0000583,2026-08-01 13:09:57,UK,tablet,web,1.0,recommendation_v2_test,treatment,sports shoes,P004,,,
E00001627,app_open,U00286,S0000584,2026-08-10 22:48:00,India,desktop,android,1.0,recommendation_v2_test,treatment,,,,,
E00001628,search,U00286,S0000584,2026-08-10 22:48:50,India,desktop,android,1.0,recommendation_v2_test,treatment,sports shoes,,,,
E00001629,click,U00286,S0000584,2026-08-10 22:49:08,India,desktop,android,1.0,recommendation_v2_test,treatment,sports shoes,P004,,,
E00001630,app_open,U00287,S0000585,2026-08-06 06:06:00,India,tablet,web,1.1,recommendation_v2_test,treatment,,,,,
E00001631,search,U00287,S0000585,2026-08-06 06:06:56,India,tablet,web,1.1,recommendation_v2_test,treatment,sunscreen,,,,
E00001632,click,U00287,S0000585,2026-08-06 06:08:01,India,tablet,web,1.1,recommendation_v2_test,treatment,sunscreen,P005,,,
E00001633,app_open,U00287,S0000586,2026-08-07 21:49:00,India,tablet,web,1.1,recommendation_v2_test,treatment,,,,,
E00001634,search,U00287,S0000586,2026-08-07 21:49:05,India,tablet,web,1.1,recommendation_v2_test,treatment,sports shoes,,,,
E00001635,click,U00287,S0000586,2026-08-07 21:50:41,India,tablet,web,1.1,recommendation_v2_test,treatment,sports shoes,P003,,,
E00001636,app_open,U00287,S0000587,2026-08-07 09:42:00,India,tablet,web,1.1,recommendation_v2_test,treatment,,,,,
E00001637,search,U00287,S0000587,2026-08-07 09:42:12,India,tablet,web,1.1,recommendation_v2_test,treatment,watch,,,,
E00001638,click,U00287,S0000587,2026-08-07 09:43:50,India,tablet,web,1.1,recommendation_v2_test,treatment,watch,P004,,,
E00001639,app_open,U00288,S0000588,2026-08-12 08:30:00,UK,tablet,web,1.0,recommendation_v2_test,treatment,,,,,
E00001640,search,U00288,S0000588,2026-08-12 08:30:16,UK,tablet,web,1.0,recommendation_v2_test,treatment,sunscreen,,,,
E00001641,click,U00288,S0000588,2026-08-12 08:30:25,UK,tablet,web,1.0,recommendation_v2_test,treatment,sunscreen,P004,,,
E00001642,add_to_cart,U00288,S0000588,2026-08-12 08:32:39,UK,tablet,web,1.0,recommendation_v2_test,treatment,sunscreen,P004,1.0,3730.19,
E00001643,purchase,U00288,S0000588,2026-08-12 08:34:54,UK,tablet,web,1.0,recommendation_v2_test,treatment,sunscreen,P004,1.0,3730.19,O0000039
E00001644,app_open,U00288,S0000589,2026-08-10 02:37:00,UK,tablet,web,1.0,recommendation_v2_test,treatment,,,,,
E00001645,search,U00288,S0000589,2026-08-10 02:37:46,UK,tablet,web,1.0,recommendation_v2_test,treatment,black tshirt,,,,
E00001646,click,U00288,S0000589,2026-08-10 02:39:00,UK,tablet,web,1.0,recommendation_v2_test,treatment,black tshirt,P002,,,
E00001647,app_open,U00288,S0000590,2026-08-07 16:51:00,UK,tablet,web,1.0,recommendation_v2_test,treatment,,,,,
E00001648,search,U00288,S0000590,2026-08-07 16:51:34,UK,tablet,web,1.0,recommendation_v2_test,treatment,sports shoes,,,,
E00001649,app_open,U00288,S0000591,2026-08-01 11:06:00,UK,tablet,web,1.0,recommendation_v2_test,treatment,,,,,
E00001650,search,U00288,S0000591,2026-08-01 11:06:08,UK,tablet,web,1.0,recommendation_v2_test,treatment,sports shoes,,,,
E00001651,click,U00288,S0000591,2026-08-01 11:06:27,UK,tablet,web,1.0,recommendation_v2_test,treatment,sports shoes,P003,,,
E00001652,add_to_cart,U00288,S0000591,2026-08-01 11:07:35,UK,tablet,web,1.0,recommendation_v2_test,treatment,sports shoes,P003,1.0,3371.58,
E00001653,app_open,U00288,S0000592,2026-08-11 11:16:00,UK,tablet,web,1.0,recommendation_v2_test,treatment,,,,,
E00001654,search,U00288,S0000592,2026-08-11 11:16:30,UK,tablet,web,1.0,recommendation_v2_test,treatment,sunscreen,,,,
E00001655,click,U00288,S0000592,2026-08-11 11:17:01,UK,tablet,web,1.0,recommendation_v2_test,treatment,sunscreen,P002,,,
E00001656,add_to_cart,U00288,S0000592,2026-08-11 11:19:39,UK,tablet,web,1.0,recommendation_v2_test,treatment,sunscreen,P002,1.0,2289.53,
E00001657,app_open,U00289,S0000593,2026-08-13 22:29:00,India,mobile,ios,1.0,recommendation_v2_test,treatment,,,,,
E00001658,search,U00289,S0000593,2026-08-13 22:29:54,India,mobile,ios,1.0,recommendation_v2_test,treatment,sunscreen,,,,
E00001659,click,U00289,S0000593,2026-08-13 22:30:31,India,mobile,ios,1.0,recommendation_v2_test,treatment,sunscreen,P001,,,
E00001660,app_open,U00289,S0000594,2026-08-03 09:59:00,India,mobile,ios,1.0,recommendation_v2_test,treatment,,,,,
E00001661,search,U00289,S0000594,2026-08-03 09:59:27,India,mobile,ios,1.0,recommendation_v2_test,treatment,running shoes,,,,
E00001662,app_open,U00290,S0000595,2026-08-13 10:53:00,India,desktop,ios,1.1,recommendation_v2_test,treatment,,,,,
E00001663,app_open,U00290,S0000596,2026-08-06 14:42:00,India,desktop,ios,1.1,recommendation_v2_test,treatment,,,,,
E00001664,search,U00290,S0000596,2026-08-06 14:42:17,India,desktop,ios,1.1,recommendation_v2_test,treatment,black tshirt,,,,
E00001665,app_open,U00290,S0000597,2026-08-11 11:32:00,India,desktop,ios,1.1,recommendation_v2_test,treatment,,,,,
E00001666,search,U00290,S0000597,2026-08-11 11:32:26,India,desktop,ios,1.1,recommendation_v2_test,treatment,sunscreen,,,,
E00001667,app_open,U00291,S0000598,2026-08-11 15:15:00,Germany,tablet,web,1.1,recommendation_v2_test,control,,,,,
E00001668,search,U00291,S0000598,2026-08-11 15:15:17,Germany,tablet,web,1.1,recommendation_v2_test,control,sports shoes,,,,
E00001669,click,U00291,S0000598,2026-08-11 15:15:54,Germany,tablet,web,1.1,recommendation_v2_test,control,sports shoes,P001,,,
E00001670,add_to_cart,U00291,S0000598,2026-08-11 15:16:45,Germany,tablet,web,1.1,recommendation_v2_test,control,sports shoes,P001,1.0,3244.65,
E00001671,purchase,U00291,S0000598,2026-08-11 15:19:37,Germany,tablet,web,1.1,recommendation_v2_test,control,sports shoes,P001,1.0,3244.65,O0000040
E00001672,app_open,U00291,S0000599,2026-08-14 17:53:00,Germany,tablet,web,1.1,recommendation_v2_test,control,,,,,
E00001673,search,U00291,S0000599,2026-08-14 17:53:06,Germany,tablet,web,1.1,recommendation_v2_test,control,black tshirt,,,,
E00001674,app_open,U00292,S0000600,2026-08-01 05:40:00,India,mobile,ios,1.0,recommendation_v2_test,control,,,,,
E00001675,search,U00292,S0000600,2026-08-01 05:40:47,India,mobile,ios,1.0,recommendation_v2_test,control,sunscreen,,,,
E00001676,click,U00292,S0000600,2026-08-01 05:41:41,India,mobile,ios,1.0,recommendation_v2_test,control,sunscreen,P003,,,
E00001677,add_to_cart,U00292,S0000600,2026-08-01 05:42:09,India,mobile,ios,1.0,recommendation_v2_test,control,sunscreen,P003,1.0,4591.75,
E00001678,app_open,U00292,S0000601,2026-08-14 23:49:00,India,mobile,ios,1.0,recommendation_v2_test,control,,,,,
E00001679,search,U00292,S0000601,2026-08-14 23:49:13,India,mobile,ios,1.0,recommendation_v2_test,control,sunscreen,,,,
E00001680,app_open,U00293,S0000602,2026-08-01 16:29:00,UK,tablet,android,1.1,recommendation_v2_test,control,,,,,
E00001681,app_open,U00294,S0000603,2026-08-09 19:01:00,India,tablet,android,1.0,recommendation_v2_test,treatment,,,,,
E00001682,search,U00294,S0000603,2026-08-09 19:01:55,India,tablet,android,1.0,recommendation_v2_test,treatment,sunscreen,,,,
E00001683,click,U00294,S0000603,2026-08-09 19:02:35,India,tablet,android,1.0,recommendation_v2_test,treatment,sunscreen,P002,,,
E00001684,add_to_cart,U00294,S0000603,2026-08-09 19:03:03,India,tablet,android,1.0,recommendation_v2_test,treatment,sunscreen,P002,1.0,4258.04,
E00001685,app_open,U00294,S0000604,2026-08-12 00:09:00,India,tablet,android,1.0,recommendation_v2_test,treatment,,,,,
E00001686,search,U00294,S0000604,2026-08-12 00:09:35,India,tablet,android,1.0,recommendation_v2_test,treatment,sports shoes,,,,
E00001687,click,U00294,S0000604,2026-08-12 00:11:30,India,tablet,android,1.0,recommendation_v2_test,treatment,sports shoes,P001,,,
E00001688,app_open,U00294,S0000605,2026-08-06 11:27:00,India,tablet,android,1.0,recommendation_v2_test,treatment,,,,,
E00001689,search,U00294,S0000605,2026-08-06 11:27:26,India,tablet,android,1.0,recommendation_v2_test,treatment,black tshirt,,,,
E00001690,app_open,U00294,S0000606,2026-08-09 05:31:00,India,tablet,android,1.0,recommendation_v2_test,treatment,,,,,
E00001691,search,U00294,S0000606,2026-08-09 05:31:37,India,tablet,android,1.0,recommendation_v2_test,treatment,sports shoes,,,,
E00001692,app_open,U00294,S0000607,2026-08-10 07:42:00,India,tablet,android,1.0,recommendation_v2_test,treatment,,,,,
E00001693,search,U00294,S0000607,2026-08-10 07:42:24,India,tablet,android,1.0,recommendation_v2_test,treatment,watch,,,,
E00001694,app_open,U00295,S0000608,2026-08-08 17:31:00,Germany,tablet,web,1.0,recommendation_v2_test,treatment,,,,,
E00001695,search,U00295,S0000608,2026-08-08 17:31:26,Germany,tablet,web,1.0,recommendation_v2_test,treatment,sunscreen,,,,
E00001696,app_open,U00295,S0000609,2026-08-03 05:11:00,Germany,tablet,web,1.0,recommendation_v2_test,treatment,,,,,
E00001697,search,U00295,S0000609,2026-08-03 05:11:31,Germany,tablet,web,1.0,recommendation_v2_test,treatment,black tshirt,,,,
E00001698,app_open,U00295,S0000610,2026-08-13 06:00:00,Germany,tablet,web,1.0,recommendation_v2_test,treatment,,,,,
E00001699,search,U00295,S0000610,2026-08-13 06:00:55,Germany,tablet,web,1.0,recommendation_v2_test,treatment,running shoes,,,,
E00001700,click,U00295,S0000610,2026-08-13 06:02:21,Germany,tablet,web,1.0,recommendation_v2_test,treatment,running shoes,P006,,,
E00001701,add_to_cart,U00295,S0000610,2026-08-13 06:04:13,Germany,tablet,web,1.0,recommendation_v2_test,treatment,running shoes,P006,1.0,5208.18,
E00001702,purchase,U00295,S0000610,2026-08-13 06:06:26,Germany,tablet,web,1.0,recommendation_v2_test,treatment,running shoes,P006,1.0,5208.18,O0000041
E00001703,app_open,U00296,S0000611,2026-08-05 04:39:00,India,desktop,web,1.0,recommendation_v2_test,control,,,,,
E00001704,search,U00296,S0000611,2026-08-05 04:39:38,India,desktop,web,1.0,recommendation_v2_test,control,black tshirt,,,,
E00001705,click,U00296,S0000611,2026-08-05 04:41:33,India,desktop,web,1.0,recommendation_v2_test,control,black tshirt,P006,,,
E00001706,add_to_cart,U00296,S0000611,2026-08-05 04:42:51,India,desktop,web,1.0,recommendation_v2_test,control,black tshirt,P006,1.0,2728.82,
E00001707,app_open,U00296,S0000612,2026-08-12 16:52:00,India,desktop,web,1.0,recommendation_v2_test,control,,,,,
E00001708,app_open,U00296,S0000613,2026-08-04 03:50:00,India,desktop,web,1.0,recommendation_v2_test,control,,,,,
E00001709,search,U00296,S0000613,2026-08-04 03:50:10,India,desktop,web,1.0,recommendation_v2_test,control,sunscreen,,,,
E00001710,app_open,U00296,S0000614,2026-08-02 15:39:00,India,desktop,web,1.0,recommendation_v2_test,control,,,,,
E00001711,app_open,U00297,S0000615,2026-08-12 13:40:00,Australia,desktop,web,1.0,recommendation_v2_test,control,,,,,
E00001712,app_open,U00297,S0000616,2026-08-11 11:10:00,Australia,desktop,web,1.0,recommendation_v2_test,control,,,,,
E00001713,search,U00297,S0000616,2026-08-11 11:10:56,Australia,desktop,web,1.0,recommendation_v2_test,control,black tshirt,,,,
E00001714,click,U00297,S0000616,2026-08-11 11:12:14,Australia,desktop,web,1.0,recommendation_v2_test,control,black tshirt,P006,,,
E00001715,add_to_cart,U00297,S0000616,2026-08-11 11:12:41,Australia,desktop,web,1.0,recommendation_v2_test,control,black tshirt,P006,1.0,3581.17,
E00001716,app_open,U00298,S0000617,2026-08-04 22:47:00,Germany,mobile,ios,1.1,recommendation_v2_test,control,,,,,
E00001717,app_open,U00298,S0000618,2026-08-11 03:02:00,Germany,mobile,ios,1.1,recommendation_v2_test,control,,,,,
E00001718,search,U00298,S0000618,2026-08-11 03:02:28,Germany,mobile,ios,1.1,recommendation_v2_test,control,sunscreen,,,,
E00001719,app_open,U00298,S0000619,2026-08-02 23:19:00,Germany,mobile,ios,1.1,recommendation_v2_test,control,,,,,
E00001720,search,U00298,S0000619,2026-08-02 23:19:30,Germany,mobile,ios,1.1,recommendation_v2_test,control,black tshirt,,,,
E00001721,click,U00298,S0000619,2026-08-02 23:20:34,Germany,mobile,ios,1.1,recommendation_v2_test,control,black tshirt,P004,,,
E00001722,app_open,U00299,S0000620,2026-08-01 23:28:00,Germany,mobile,web,1.1,recommendation_v2_test,control,,,,,
E00001723,search,U00299,S0000620,2026-08-01 23:28:25,Germany,mobile,web,1.1,recommendation_v2_test,control,sports shoes,,,,
E00001724,app_open,U00300,S0000621,2026-08-10 15:30:00,UK,desktop,android,1.1,recommendation_v2_test,control,,,,,
E00001725,app_open,U00300,S0000622,2026-08-05 20:18:00,UK,desktop,android,1.1,recommendation_v2_test,control,,,,,
E00001726,search,U00300,S0000622,2026-08-05 20:18:24,UK,desktop,android,1.1,recommendation_v2_test,control,running shoes,,,,
E00001727,app_open,U00301,S0000623,2026-08-03 17:37:00,Australia,tablet,web,1.1,recommendation_v2_test,treatment,,,,,
E00001728,search,U00301,S0000623,2026-08-03 17:37:28,Australia,tablet,web,1.1,recommendation_v2_test,treatment,running shoes,,,,
E00001729,click,U00301,S0000623,2026-08-03 17:38:51,Australia,tablet,web,1.1,recommendation_v2_test,treatment,running shoes,P004,,,
E00001730,app_open,U00301,S0000624,2026-08-11 04:03:00,Australia,tablet,web,1.1,recommendation_v2_test,treatment,,,,,
E00001731,search,U00301,S0000624,2026-08-11 04:03:08,Australia,tablet,web,1.1,recommendation_v2_test,treatment,sports shoes,,,,
E00001732,click,U00301,S0000624,2026-08-11 04:04:43,Australia,tablet,web,1.1,recommendation_v2_test,treatment,sports shoes,P004,,,
E00001733,add_to_cart,U00301,S0000624,2026-08-11 04:05:04,Australia,tablet,web,1.1,recommendation_v2_test,treatment,sports shoes,P004,1.0,2958.36,
E00001734,app_open,U00301,S0000625,2026-08-08 12:18:00,Australia,tablet,web,1.1,recommendation_v2_test,treatment,,,,,
E00001735,search,U00301,S0000625,2026-08-08 12:18:19,Australia,tablet,web,1.1,recommendation_v2_test,treatment,running shoes,,,,
E00001736,app_open,U00302,S0000626,2026-08-02 16:43:00,UK,desktop,android,1.1,recommendation_v2_test,control,,,,,
E00001737,search,U00302,S0000626,2026-08-02 16:43:36,UK,desktop,android,1.1,recommendation_v2_test,control,black tshirt,,,,
E00001738,click,U00302,S0000626,2026-08-02 16:45:35,UK,desktop,android,1.1,recommendation_v2_test,control,black tshirt,P004,,,
E00001739,add_to_cart,U00302,S0000626,2026-08-02 16:46:07,UK,desktop,android,1.1,recommendation_v2_test,control,black tshirt,P004,1.0,2345.57,
E00001740,app_open,U00302,S0000627,2026-08-03 08:35:00,UK,desktop,android,1.1,recommendation_v2_test,control,,,,,
E00001741,search,U00302,S0000627,2026-08-03 08:35:30,UK,desktop,android,1.1,recommendation_v2_test,control,black tshirt,,,,
E00001742,click,U00302,S0000627,2026-08-03 08:37:01,UK,desktop,android,1.1,recommendation_v2_test,control,black tshirt,P006,,,
E00001743,app_open,U00302,S0000628,2026-08-08 08:04:00,UK,desktop,android,1.1,recommendation_v2_test,control,,,,,
E00001744,search,U00302,S0000628,2026-08-08 08:04:58,UK,desktop,android,1.1,recommendation_v2_test,control,watch,,,,
E00001745,app_open,U00302,S0000629,2026-08-01 09:55:00,UK,desktop,android,1.1,recommendation_v2_test,control,,,,,
E00001746,search,U00302,S0000629,2026-08-01 09:55:11,UK,desktop,android,1.1,recommendation_v2_test,control,watch,,,,
E00001747,app_open,U00303,S0000630,2026-08-03 15:16:00,UK,mobile,ios,1.0,recommendation_v2_test,treatment,,,,,
E00001748,search,U00303,S0000630,2026-08-03 15:16:40,UK,mobile,ios,1.0,recommendation_v2_test,treatment,sunscreen,,,,
E00001749,app_open,U00303,S0000631,2026-08-07 07:16:00,UK,mobile,ios,1.0,recommendation_v2_test,treatment,,,,,
E00001750,search,U00303,S0000631,2026-08-07 07:16:44,UK,mobile,ios,1.0,recommendation_v2_test,treatment,sunscreen,,,,
E00001751,app_open,U00303,S0000632,2026-08-02 21:28:00,UK,mobile,ios,1.0,recommendation_v2_test,treatment,,,,,
E00001752,search,U00303,S0000632,2026-08-02 21:28:43,UK,mobile,ios,1.0,recommendation_v2_test,treatment,sunscreen,,,,
E00001753,click,U00303,S0000632,2026-08-02 21:29:58,UK,mobile,ios,1.0,recommendation_v2_test,treatment,sunscreen,P003,,,
E00001754,app_open,U00303,S0000633,2026-08-14 18:40:00,UK,mobile,ios,1.0,recommendation_v2_test,treatment,,,,,
E00001755,search,U00303,S0000633,2026-08-14 18:40:29,UK,mobile,ios,1.0,recommendation_v2_test,treatment,black tshirt,,,,
E00001756,click,U00303,S0000633,2026-08-14 18:41:23,UK,mobile,ios,1.0,recommendation_v2_test,treatment,black tshirt,P005,,,
E00001757,add_to_cart,U00303,S0000633,2026-08-14 18:44:18,UK,mobile,ios,1.0,recommendation_v2_test,treatment,black tshirt,P005,1.0,688.57,
E00001758,app_open,U00303,S0000634,2026-08-06 04:52:00,UK,mobile,ios,1.0,recommendation_v2_test,treatment,,,,,
E00001759,search,U00303,S0000634,2026-08-06 04:52:47,UK,mobile,ios,1.0,recommendation_v2_test,treatment,watch,,,,
E00001760,click,U00303,S0000634,2026-08-06 04:53:42,UK,mobile,ios,1.0,recommendation_v2_test,treatment,watch,P002,,,
E00001761,app_open,U00304,S0000635,2026-08-11 14:03:00,Germany,mobile,ios,1.0,recommendation_v2_test,control,,,,,
E00001762,search,U00304,S0000635,2026-08-11 14:03:47,Germany,mobile,ios,1.0,recommendation_v2_test,control,watch,,,,
E00001763,click,U00304,S0000635,2026-08-11 14:04:24,Germany,mobile,ios,1.0,recommendation_v2_test,control,watch,P006,,,
E00001764,app_open,U00304,S0000636,2026-08-04 12:25:00,Germany,mobile,ios,1.0,recommendation_v2_test,control,,,,,
E00001765,search,U00304,S0000636,2026-08-04 12:25:35,Germany,mobile,ios,1.0,recommendation_v2_test,control,running shoes,,,,
E00001766,app_open,U00305,S0000637,2026-08-03 13:01:00,UK,mobile,android,1.1,recommendation_v2_test,control,,,,,
E00001767,search,U00305,S0000637,2026-08-03 13:01:18,UK,mobile,android,1.1,recommendation_v2_test,control,sports shoes,,,,
E00001768,click,U00305,S0000637,2026-08-03 13:03:11,UK,mobile,android,1.1,recommendation_v2_test,control,sports shoes,P002,,,
E00001769,add_to_cart,U00305,S0000637,2026-08-03 13:04:39,UK,mobile,android,1.1,recommendation_v2_test,control,sports shoes,P002,1.0,4905.65,
E00001770,app_open,U00305,S0000638,2026-08-10 01:35:00,UK,mobile,android,1.1,recommendation_v2_test,control,,,,,
E00001771,search,U00305,S0000638,2026-08-10 01:35:07,UK,mobile,android,1.1,recommendation_v2_test,control,running shoes,,,,
E00001772,click,U00305,S0000638,2026-08-10 01:35:55,UK,mobile,android,1.1,recommendation_v2_test,control,running shoes,P002,,,
E00001773,app_open,U00305,S0000639,2026-08-14 08:16:00,UK,mobile,android,1.1,recommendation_v2_test,control,,,,,
E00001774,search,U00305,S0000639,2026-08-14 08:16:15,UK,mobile,android,1.1,recommendation_v2_test,control,running shoes,,,,
E00001775,app_open,U00306,S0000640,2026-08-03 19:55:00,Australia,mobile,web,1.0,recommendation_v2_test,treatment,,,,,
E00001776,search,U00306,S0000640,2026-08-03 19:55:37,Australia,mobile,web,1.0,recommendation_v2_test,treatment,sunscreen,,,,
E00001777,app_open,U00307,S0000641,2026-08-04 03:45:00,India,mobile,ios,1.0,recommendation_v2_test,treatment,,,,,
E00001778,app_open,U00308,S0000642,2026-08-01 23:39:00,UK,desktop,android,1.1,recommendation_v2_test,control,,,,,
E00001779,search,U00308,S0000642,2026-08-01 23:39:35,UK,desktop,android,1.1,recommendation_v2_test,control,sunscreen,,,,
E00001780,app_open,U00308,S0000643,2026-08-06 02:55:00,UK,desktop,android,1.1,recommendation_v2_test,control,,,,,
E00001781,search,U00308,S0000643,2026-08-06 02:55:58,UK,desktop,android,1.1,recommendation_v2_test,control,sunscreen,,,,
E00001782,app_open,U00308,S0000644,2026-08-04 01:58:00,UK,desktop,android,1.1,recommendation_v2_test,control,,,,,
E00001783,search,U00308,S0000644,2026-08-04 01:58:46,UK,desktop,android,1.1,recommendation_v2_test,control,black tshirt,,,,
E00001784,click,U00308,S0000644,2026-08-04 01:59:40,UK,desktop,android,1.1,recommendation_v2_test,control,black tshirt,P006,,,
E00001785,app_open,U00308,S0000645,2026-08-14 10:07:00,UK,desktop,android,1.1,recommendation_v2_test,control,,,,,
E00001786,app_open,U00309,S0000646,2026-08-09 14:39:00,UK,tablet,android,1.0,recommendation_v2_test,control,,,,,
E00001787,search,U00309,S0000646,2026-08-09 14:39:27,UK,tablet,android,1.0,recommendation_v2_test,control,running shoes,,,,
E00001788,app_open,U00310,S0000647,2026-08-03 22:20:00,UK,desktop,web,1.0,recommendation_v2_test,control,,,,,
E00001789,search,U00310,S0000647,2026-08-03 22:20:30,UK,desktop,web,1.0,recommendation_v2_test,control,black tshirt,,,,
E00001790,click,U00310,S0000647,2026-08-03 22:21:28,UK,desktop,web,1.0,recommendation_v2_test,control,black tshirt,P004,,,
E00001791,add_to_cart,U00310,S0000647,2026-08-03 22:23:40,UK,desktop,web,1.0,recommendation_v2_test,control,black tshirt,P004,1.0,3751.6,
E00001792,app_open,U00310,S0000648,2026-08-02 06:00:00,UK,desktop,web,1.0,recommendation_v2_test,control,,,,,
E00001793,search,U00310,S0000648,2026-08-02 06:00:14,UK,desktop,web,1.0,recommendation_v2_test,control,black tshirt,,,,
E00001794,app_open,U00311,S0000649,2026-08-13 03:17:00,UK,mobile,android,1.0,recommendation_v2_test,treatment,,,,,
E00001795,search,U00311,S0000649,2026-08-13 03:17:39,UK,mobile,android,1.0,recommendation_v2_test,treatment,watch,,,,
E00001796,click,U00311,S0000649,2026-08-13 03:18:42,UK,mobile,android,1.0,recommendation_v2_test,treatment,watch,P005,,,
E00001797,add_to_cart,U00311,S0000649,2026-08-13 03:19:09,UK,mobile,android,1.0,recommendation_v2_test,treatment,watch,P005,1.0,3655.63,
E00001798,purchase,U00311,S0000649,2026-08-13 03:21:51,UK,mobile,android,1.0,recommendation_v2_test,treatment,watch,P005,1.0,3655.63,O0000042
E00001799,app_open,U00311,S0000650,2026-08-08 19:34:00,UK,mobile,android,1.0,recommendation_v2_test,treatment,,,,,
E00001800,search,U00311,S0000650,2026-08-08 19:34:34,UK,mobile,android,1.0,recommendation_v2_test,treatment,sports shoes,,,,
E00001801,click,U00311,S0000650,2026-08-08 19:36:29,UK,mobile,android,1.0,recommendation_v2_test,treatment,sports shoes,P003,,,
E00001802,app_open,U00312,S0000651,2026-08-04 16:58:00,Germany,tablet,android,1.1,recommendation_v2_test,treatment,,,,,
E00001803,app_open,U00312,S0000652,2026-08-03 23:39:00,Germany,tablet,android,1.1,recommendation_v2_test,treatment,,,,,
E00001804,search,U00312,S0000652,2026-08-03 23:39:29,Germany,tablet,android,1.1,recommendation_v2_test,treatment,sports shoes,,,,
E00001805,click,U00312,S0000652,2026-08-03 23:40:42,Germany,tablet,android,1.1,recommendation_v2_test,treatment,sports shoes,P001,,,
E00001806,add_to_cart,U00312,S0000652,2026-08-03 23:43:24,Germany,tablet,android,1.1,recommendation_v2_test,treatment,sports shoes,P001,1.0,4209.59,
E00001807,app_open,U00312,S0000653,2026-08-10 12:17:00,Germany,tablet,android,1.1,recommendation_v2_test,treatment,,,,,
E00001808,search,U00312,S0000653,2026-08-10 12:17:18,Germany,tablet,android,1.1,recommendation_v2_test,treatment,running shoes,,,,
E00001809,click,U00312,S0000653,2026-08-10 12:17:26,Germany,tablet,android,1.1,recommendation_v2_test,treatment,running shoes,P001,,,
E00001810,add_to_cart,U00312,S0000653,2026-08-10 12:17:53,Germany,tablet,android,1.1,recommendation_v2_test,treatment,running shoes,P001,1.0,612.96,
E00001811,purchase,U00312,S0000653,2026-08-10 12:19:32,Germany,tablet,android,1.1,recommendation_v2_test,treatment,running shoes,P001,1.0,612.96,O0000043
E00001812,app_open,U00313,S0000654,2026-08-09 12:48:00,Germany,tablet,ios,1.1,recommendation_v2_test,control,,,,,
E00001813,search,U00313,S0000654,2026-08-09 12:48:50,Germany,tablet,ios,1.1,recommendation_v2_test,control,running shoes,,,,
E00001814,click,U00313,S0000654,2026-08-09 12:49:46,Germany,tablet,ios,1.1,recommendation_v2_test,control,running shoes,P004,,,
E00001815,app_open,U00313,S0000655,2026-08-04 07:42:00,Germany,tablet,ios,1.1,recommendation_v2_test,control,,,,,
E00001816,search,U00313,S0000655,2026-08-04 07:42:41,Germany,tablet,ios,1.1,recommendation_v2_test,control,running shoes,,,,
E00001817,app_open,U00313,S0000656,2026-08-02 09:32:00,Germany,tablet,ios,1.1,recommendation_v2_test,control,,,,,
E00001818,search,U00313,S0000656,2026-08-02 09:32:45,Germany,tablet,ios,1.1,recommendation_v2_test,control,black tshirt,,,,
E00001819,click,U00313,S0000656,2026-08-02 09:33:59,Germany,tablet,ios,1.1,recommendation_v2_test,control,black tshirt,P001,,,
E00001820,app_open,U00314,S0000657,2026-08-03 14:37:00,UK,desktop,web,1.0,recommendation_v2_test,treatment,,,,,
E00001821,search,U00314,S0000657,2026-08-03 14:37:17,UK,desktop,web,1.0,recommendation_v2_test,treatment,running shoes,,,,
E00001822,click,U00314,S0000657,2026-08-03 14:38:21,UK,desktop,web,1.0,recommendation_v2_test,treatment,running shoes,P001,,,
E00001823,app_open,U00315,S0000658,2026-08-12 23:57:00,UK,desktop,ios,1.1,recommendation_v2_test,treatment,,,,,
E00001824,search,U00315,S0000658,2026-08-12 23:57:30,UK,desktop,ios,1.1,recommendation_v2_test,treatment,running shoes,,,,
E00001825,app_open,U00315,S0000659,2026-08-02 07:05:00,UK,desktop,ios,1.1,recommendation_v2_test,treatment,,,,,
E00001826,search,U00315,S0000659,2026-08-02 07:05:16,UK,desktop,ios,1.1,recommendation_v2_test,treatment,sunscreen,,,,
E00001827,click,U00315,S0000659,2026-08-02 07:06:54,UK,desktop,ios,1.1,recommendation_v2_test,treatment,sunscreen,P003,,,
E00001828,app_open,U00315,S0000660,2026-08-05 13:11:00,UK,desktop,ios,1.1,recommendation_v2_test,treatment,,,,,
E00001829,search,U00315,S0000660,2026-08-05 13:11:46,UK,desktop,ios,1.1,recommendation_v2_test,treatment,black tshirt,,,,
E00001830,app_open,U00316,S0000661,2026-08-03 13:40:00,Germany,mobile,android,1.1,recommendation_v2_test,control,,,,,
E00001831,search,U00316,S0000661,2026-08-03 13:40:13,Germany,mobile,android,1.1,recommendation_v2_test,control,watch,,,,
E00001832,app_open,U00317,S0000662,2026-08-08 06:54:00,India,tablet,android,1.0,recommendation_v2_test,control,,,,,
E00001833,search,U00317,S0000662,2026-08-08 06:54:12,India,tablet,android,1.0,recommendation_v2_test,control,running shoes,,,,
E00001834,click,U00317,S0000662,2026-08-08 06:54:33,India,tablet,android,1.0,recommendation_v2_test,control,running shoes,P001,,,
E00001835,app_open,U00317,S0000663,2026-08-09 00:46:00,India,tablet,android,1.0,recommendation_v2_test,control,,,,,
E00001836,search,U00317,S0000663,2026-08-09 00:46:26,India,tablet,android,1.0,recommendation_v2_test,control,running shoes,,,,
E00001837,app_open,U00317,S0000664,2026-08-14 17:57:00,India,tablet,android,1.0,recommendation_v2_test,control,,,,,
E00001838,search,U00317,S0000664,2026-08-14 17:57:56,India,tablet,android,1.0,recommendation_v2_test,control,sunscreen,,,,
E00001839,click,U00317,S0000664,2026-08-14 17:58:32,India,tablet,android,1.0,recommendation_v2_test,control,sunscreen,P002,,,
E00001840,app_open,U00317,S0000665,2026-08-14 23:33:00,India,tablet,android,1.0,recommendation_v2_test,control,,,,,
E00001841,search,U00317,S0000665,2026-08-14 23:33:42,India,tablet,android,1.0,recommendation_v2_test,control,sunscreen,,,,
E00001842,click,U00317,S0000665,2026-08-14 23:34:25,India,tablet,android,1.0,recommendation_v2_test,control,sunscreen,P002,,,
E00001843,add_to_cart,U00317,S0000665,2026-08-14 23:36:24,India,tablet,android,1.0,recommendation_v2_test,control,sunscreen,P002,1.0,3641.7,
E00001844,app_open,U00318,S0000666,2026-08-03 03:30:00,Germany,tablet,ios,1.0,recommendation_v2_test,treatment,,,,,
E00001845,search,U00318,S0000666,2026-08-03 03:30:10,Germany,tablet,ios,1.0,recommendation_v2_test,treatment,watch,,,,
E00001846,app_open,U00318,S0000667,2026-08-11 11:56:00,Germany,tablet,ios,1.0,recommendation_v2_test,treatment,,,,,
E00001847,search,U00318,S0000667,2026-08-11 11:56:32,Germany,tablet,ios,1.0,recommendation_v2_test,treatment,running shoes,,,,
E00001848,click,U00318,S0000667,2026-08-11 11:57:29,Germany,tablet,ios,1.0,recommendation_v2_test,treatment,running shoes,P001,,,
E00001849,app_open,U00319,S0000668,2026-08-08 16:09:00,India,mobile,web,1.0,recommendation_v2_test,treatment,,,,,
E00001850,search,U00319,S0000668,2026-08-08 16:09:50,India,mobile,web,1.0,recommendation_v2_test,treatment,black tshirt,,,,
E00001851,click,U00319,S0000668,2026-08-08 16:10:00,India,mobile,web,1.0,recommendation_v2_test,treatment,black tshirt,P003,,,
E00001852,app_open,U00320,S0000669,2026-08-09 06:20:00,India,tablet,web,1.0,recommendation_v2_test,control,,,,,
E00001853,search,U00320,S0000669,2026-08-09 06:20:09,India,tablet,web,1.0,recommendation_v2_test,control,black tshirt,,,,
E00001854,app_open,U00320,S0000670,2026-08-04 23:10:00,India,tablet,web,1.0,recommendation_v2_test,control,,,,,
E00001855,search,U00320,S0000670,2026-08-04 23:10:55,India,tablet,web,1.0,recommendation_v2_test,control,sports shoes,,,,
E00001856,app_open,U00321,S0000671,2026-08-02 09:38:00,Australia,tablet,web,1.0,recommendation_v2_test,control,,,,,
E00001857,search,U00321,S0000671,2026-08-02 09:38:37,Australia,tablet,web,1.0,recommendation_v2_test,control,running shoes,,,,
E00001858,app_open,U00321,S0000672,2026-08-07 09:41:00,Australia,tablet,web,1.0,recommendation_v2_test,control,,,,,
E00001859,search,U00321,S0000672,2026-08-07 09:41:36,Australia,tablet,web,1.0,recommendation_v2_test,control,black tshirt,,,,
E00001860,click,U00321,S0000672,2026-08-07 09:43:31,Australia,tablet,web,1.0,recommendation_v2_test,control,black tshirt,P006,,,
E00001861,add_to_cart,U00321,S0000672,2026-08-07 09:46:14,Australia,tablet,web,1.0,recommendation_v2_test,control,black tshirt,P006,1.0,1274.9,
E00001862,app_open,U00321,S0000673,2026-08-01 17:24:00,Australia,tablet,web,1.0,recommendation_v2_test,control,,,,,
E00001863,app_open,U00322,S0000674,2026-08-13 01:12:00,Australia,mobile,ios,1.1,recommendation_v2_test,treatment,,,,,
E00001864,search,U00322,S0000674,2026-08-13 01:12:42,Australia,mobile,ios,1.1,recommendation_v2_test,treatment,running shoes,,,,
E00001865,click,U00322,S0000674,2026-08-13 01:13:27,Australia,mobile,ios,1.1,recommendation_v2_test,treatment,running shoes,P001,,,
E00001866,app_open,U00323,S0000675,2026-08-06 07:32:00,Germany,mobile,web,1.1,recommendation_v2_test,treatment,,,,,
E00001867,app_open,U00324,S0000676,2026-08-04 05:12:00,Australia,mobile,web,1.0,recommendation_v2_test,treatment,,,,,
E00001868,search,U00324,S0000676,2026-08-04 05:12:32,Australia,mobile,web,1.0,recommendation_v2_test,treatment,watch,,,,
E00001869,click,U00324,S0000676,2026-08-04 05:13:25,Australia,mobile,web,1.0,recommendation_v2_test,treatment,watch,P002,,,
E00001870,app_open,U00325,S0000677,2026-08-11 16:16:00,India,mobile,web,1.1,recommendation_v2_test,control,,,,,
E00001871,search,U00325,S0000677,2026-08-11 16:16:18,India,mobile,web,1.1,recommendation_v2_test,control,running shoes,,,,
E00001872,click,U00325,S0000677,2026-08-11 16:17:32,India,mobile,web,1.1,recommendation_v2_test,control,running shoes,P002,,,
E00001873,add_to_cart,U00325,S0000677,2026-08-11 16:20:05,India,mobile,web,1.1,recommendation_v2_test,control,running shoes,P002,1.0,4515.9,
E00001874,app_open,U00325,S0000678,2026-08-01 11:34:00,India,mobile,web,1.1,recommendation_v2_test,control,,,,,
E00001875,search,U00325,S0000678,2026-08-01 11:34:38,India,mobile,web,1.1,recommendation_v2_test,control,sports shoes,,,,
E00001876,app_open,U00325,S0000679,2026-08-01 05:45:00,India,mobile,web,1.1,recommendation_v2_test,control,,,,,
E00001877,search,U00325,S0000679,2026-08-01 05:45:38,India,mobile,web,1.1,recommendation_v2_test,control,sports shoes,,,,
E00001878,app_open,U00325,S0000680,2026-08-10 07:09:00,India,mobile,web,1.1,recommendation_v2_test,control,,,,,
E00001879,search,U00325,S0000680,2026-08-10 07:09:59,India,mobile,web,1.1,recommendation_v2_test,control,sunscreen,,,,
E00001880,click,U00325,S0000680,2026-08-10 07:10:12,India,mobile,web,1.1,recommendation_v2_test,control,sunscreen,P001,,,
E00001881,app_open,U00325,S0000681,2026-08-10 00:34:00,India,mobile,web,1.1,recommendation_v2_test,control,,,,,
E00001882,search,U00325,S0000681,2026-08-10 00:34:39,India,mobile,web,1.1,recommendation_v2_test,control,sports shoes,,,,
E00001883,app_open,U00326,S0000682,2026-08-14 15:26:00,UK,tablet,android,1.0,recommendation_v2_test,control,,,,,
E00001884,search,U00326,S0000682,2026-08-14 15:26:48,UK,tablet,android,1.0,recommendation_v2_test,control,running shoes,,,,
E00001885,app_open,U00326,S0000683,2026-08-14 21:27:00,UK,tablet,android,1.0,recommendation_v2_test,control,,,,,
E00001886,search,U00326,S0000683,2026-08-14 21:27:12,UK,tablet,android,1.0,recommendation_v2_test,control,sunscreen,,,,
E00001887,app_open,U00327,S0000684,2026-08-13 14:29:00,UK,desktop,web,1.1,recommendation_v2_test,control,,,,,
E00001888,search,U00327,S0000684,2026-08-13 14:29:46,UK,desktop,web,1.1,recommendation_v2_test,control,watch,,,,
E00001889,click,U00327,S0000684,2026-08-13 14:29:59,UK,desktop,web,1.1,recommendation_v2_test,control,watch,P006,,,
E00001890,add_to_cart,U00327,S0000684,2026-08-13 14:31:32,UK,desktop,web,1.1,recommendation_v2_test,control,watch,P006,1.0,5353.88,
E00001891,app_open,U00327,S0000685,2026-08-01 22:20:00,UK,desktop,web,1.1,recommendation_v2_test,control,,,,,
E00001892,search,U00327,S0000685,2026-08-01 22:20:08,UK,desktop,web,1.1,recommendation_v2_test,control,sports shoes,,,,
E00001893,click,U00327,S0000685,2026-08-01 22:22:03,UK,desktop,web,1.1,recommendation_v2_test,control,sports shoes,P004,,,
E00001894,app_open,U00328,S0000686,2026-08-10 20:53:00,India,desktop,ios,1.0,recommendation_v2_test,control,,,,,
E00001895,search,U00328,S0000686,2026-08-10 20:53:09,India,desktop,ios,1.0,recommendation_v2_test,control,sports shoes,,,,
E00001896,click,U00328,S0000686,2026-08-10 20:54:06,India,desktop,ios,1.0,recommendation_v2_test,control,sports shoes,P005,,,
E00001897,add_to_cart,U00328,S0000686,2026-08-10 20:56:28,India,desktop,ios,1.0,recommendation_v2_test,control,sports shoes,P005,1.0,1150.16,
E00001898,app_open,U00329,S0000687,2026-08-11 12:24:00,India,tablet,web,1.0,recommendation_v2_test,treatment,,,,,
E00001899,search,U00329,S0000687,2026-08-11 12:24:17,India,tablet,web,1.0,recommendation_v2_test,treatment,sunscreen,,,,
E00001900,click,U00329,S0000687,2026-08-11 12:25:35,India,tablet,web,1.0,recommendation_v2_test,treatment,sunscreen,P001,,,
E00001901,add_to_cart,U00329,S0000687,2026-08-11 12:26:51,India,tablet,web,1.0,recommendation_v2_test,treatment,sunscreen,P001,1.0,2565.6,
E00001902,app_open,U00329,S0000688,2026-08-04 14:50:00,India,tablet,web,1.0,recommendation_v2_test,treatment,,,,,
E00001903,search,U00329,S0000688,2026-08-04 14:50:20,India,tablet,web,1.0,recommendation_v2_test,treatment,sports shoes,,,,
E00001904,click,U00329,S0000688,2026-08-04 14:51:27,India,tablet,web,1.0,recommendation_v2_test,treatment,sports shoes,P001,,,
E00001905,app_open,U00330,S0000689,2026-08-03 03:48:00,UK,desktop,android,1.0,recommendation_v2_test,control,,,,,
E00001906,app_open,U00331,S0000690,2026-08-05 12:57:00,Germany,mobile,ios,1.0,recommendation_v2_test,control,,,,,
E00001907,search,U00331,S0000690,2026-08-05 12:57:08,Germany,mobile,ios,1.0,recommendation_v2_test,control,sunscreen,,,,
E00001908,click,U00331,S0000690,2026-08-05 12:57:35,Germany,mobile,ios,1.0,recommendation_v2_test,control,sunscreen,P005,,,
E00001909,app_open,U00332,S0000691,2026-08-13 00:54:00,Germany,desktop,web,1.0,recommendation_v2_test,treatment,,,,,
E00001910,search,U00332,S0000691,2026-08-13 00:54:48,Germany,desktop,web,1.0,recommendation_v2_test,treatment,black tshirt,,,,
E00001911,click,U00332,S0000691,2026-08-13 00:56:10,Germany,desktop,web,1.0,recommendation_v2_test,treatment,black tshirt,P002,,,
E00001912,add_to_cart,U00332,S0000691,2026-08-13 00:58:07,Germany,desktop,web,1.0,recommendation_v2_test,treatment,black tshirt,P002,1.0,5818.14,
E00001913,app_open,U00333,S0000692,2026-08-11 00:07:00,India,mobile,web,1.1,recommendation_v2_test,treatment,,,,,
E00001914,search,U00333,S0000692,2026-08-11 00:07:53,India,mobile,web,1.1,recommendation_v2_test,treatment,running shoes,,,,
E00001915,app_open,U00334,S0000693,2026-08-07 01:06:00,Germany,tablet,android,1.1,recommendation_v2_test,control,,,,,
E00001916,search,U00334,S0000693,2026-08-07 01:06:32,Germany,tablet,android,1.1,recommendation_v2_test,control,black tshirt,,,,
E00001917,click,U00334,S0000693,2026-08-07 01:07:36,Germany,tablet,android,1.1,recommendation_v2_test,control,black tshirt,P005,,,
E00001918,app_open,U00334,S0000694,2026-08-03 05:23:00,Germany,tablet,android,1.1,recommendation_v2_test,control,,,,,
E00001919,search,U00334,S0000694,2026-08-03 05:23:44,Germany,tablet,android,1.1,recommendation_v2_test,control,watch,,,,
E00001920,app_open,U00334,S0000695,2026-08-06 00:12:00,Germany,tablet,android,1.1,recommendation_v2_test,control,,,,,
E00001921,search,U00334,S0000695,2026-08-06 00:12:30,Germany,tablet,android,1.1,recommendation_v2_test,control,black tshirt,,,,
E00001922,app_open,U00335,S0000696,2026-08-13 04:25:00,Germany,mobile,android,1.1,recommendation_v2_test,treatment,,,,,
E00001923,search,U00335,S0000696,2026-08-13 04:25:16,Germany,mobile,android,1.1,recommendation_v2_test,treatment,black tshirt,,,,
E00001924,click,U00335,S0000696,2026-08-13 04:26:57,Germany,mobile,android,1.1,recommendation_v2_test,treatment,black tshirt,P006,,,
E00001925,app_open,U00335,S0000697,2026-08-06 09:04:00,Germany,mobile,android,1.1,recommendation_v2_test,treatment,,,,,
E00001926,app_open,U00336,S0000698,2026-08-11 03:47:00,India,tablet,android,1.1,recommendation_v2_test,treatment,,,,,
E00001927,search,U00336,S0000698,2026-08-11 03:47:10,India,tablet,android,1.1,recommendation_v2_test,treatment,black tshirt,,,,
E00001928,app_open,U00336,S0000699,2026-08-04 14:42:00,India,tablet,android,1.1,recommendation_v2_test,treatment,,,,,
E00001929,search,U00336,S0000699,2026-08-04 14:42:32,India,tablet,android,1.1,recommendation_v2_test,treatment,running shoes,,,,
E00001930,click,U00336,S0000699,2026-08-04 14:43:34,India,tablet,android,1.1,recommendation_v2_test,treatment,running shoes,P004,,,
E00001931,add_to_cart,U00336,S0000699,2026-08-04 14:45:44,India,tablet,android,1.1,recommendation_v2_test,treatment,running shoes,P004,1.0,5592.22,
E00001932,app_open,U00337,S0000700,2026-08-01 07:26:00,Australia,tablet,android,1.1,recommendation_v2_test,control,,,,,
E00001933,search,U00337,S0000700,2026-08-01 07:26:09,Australia,tablet,android,1.1,recommendation_v2_test,control,sunscreen,,,,
E00001934,click,U00337,S0000700,2026-08-01 07:28:00,Australia,tablet,android,1.1,recommendation_v2_test,control,sunscreen,P006,,,
E00001935,app_open,U00338,S0000701,2026-08-12 08:31:00,Australia,mobile,android,1.1,recommendation_v2_test,control,,,,,
E00001936,search,U00338,S0000701,2026-08-12 08:31:42,Australia,mobile,android,1.1,recommendation_v2_test,control,sports shoes,,,,
E00001937,click,U00338,S0000701,2026-08-12 08:32:19,Australia,mobile,android,1.1,recommendation_v2_test,control,sports shoes,P006,,,
E00001938,add_to_cart,U00338,S0000701,2026-08-12 08:33:29,Australia,mobile,android,1.1,recommendation_v2_test,control,sports shoes,P006,1.0,1174.54,
E00001939,app_open,U00339,S0000702,2026-08-09 20:47:00,Australia,tablet,web,1.1,recommendation_v2_test,treatment,,,,,
E00001940,search,U00339,S0000702,2026-08-09 20:47:47,Australia,tablet,web,1.1,recommendation_v2_test,treatment,black tshirt,,,,
E00001941,click,U00339,S0000702,2026-08-09 20:49:37,Australia,tablet,web,1.1,recommendation_v2_test,treatment,black tshirt,P001,,,
E00001942,app_open,U00340,S0000703,2026-08-10 21:32:00,UK,desktop,web,1.0,recommendation_v2_test,control,,,,,
E00001943,search,U00340,S0000703,2026-08-10 21:32:50,UK,desktop,web,1.0,recommendation_v2_test,control,watch,,,,
E00001944,app_open,U00341,S0000704,2026-08-05 04:51:00,Australia,tablet,android,1.1,recommendation_v2_test,treatment,,,,,
E00001945,search,U00341,S0000704,2026-08-05 04:51:32,Australia,tablet,android,1.1,recommendation_v2_test,treatment,watch,,,,
E00001946,click,U00341,S0000704,2026-08-05 04:52:58,Australia,tablet,android,1.1,recommendation_v2_test,treatment,watch,P001,,,
E00001947,app_open,U00341,S0000705,2026-08-14 18:54:00,Australia,tablet,android,1.1,recommendation_v2_test,treatment,,,,,
E00001948,search,U00341,S0000705,2026-08-14 18:54:52,Australia,tablet,android,1.1,recommendation_v2_test,treatment,watch,,,,
E00001949,click,U00341,S0000705,2026-08-14 18:56:09,Australia,tablet,android,1.1,recommendation_v2_test,treatment,watch,P004,,,
E00001950,app_open,U00341,S0000706,2026-08-04 06:03:00,Australia,tablet,android,1.1,recommendation_v2_test,treatment,,,,,
E00001951,search,U00341,S0000706,2026-08-04 06:03:21,Australia,tablet,android,1.1,recommendation_v2_test,treatment,black tshirt,,,,
E00001952,click,U00341,S0000706,2026-08-04 06:04:13,Australia,tablet,android,1.1,recommendation_v2_test,treatment,black tshirt,P002,,,
E00001953,add_to_cart,U00341,S0000706,2026-08-04 06:05:46,Australia,tablet,android,1.1,recommendation_v2_test,treatment,black tshirt,P002,1.0,5402.08,
E00001954,app_open,U00342,S0000707,2026-08-03 02:23:00,India,tablet,android,1.0,recommendation_v2_test,control,,,,,
E00001955,search,U00342,S0000707,2026-08-03 02:23:45,India,tablet,android,1.0,recommendation_v2_test,control,running shoes,,,,
E00001956,click,U00342,S0000707,2026-08-03 02:24:14,India,tablet,android,1.0,recommendation_v2_test,control,running shoes,P004,,,
E00001957,app_open,U00343,S0000708,2026-08-12 19:10:00,Germany,tablet,ios,1.0,recommendation_v2_test,treatment,,,,,
E00001958,search,U00343,S0000708,2026-08-12 19:10:09,Germany,tablet,ios,1.0,recommendation_v2_test,treatment,sunscreen,,,,
E00001959,app_open,U00344,S0000709,2026-08-03 00:15:00,India,tablet,android,1.0,recommendation_v2_test,control,,,,,
E00001960,search,U00344,S0000709,2026-08-03 00:15:25,India,tablet,android,1.0,recommendation_v2_test,control,sports shoes,,,,
E00001961,app_open,U00345,S0000710,2026-08-10 09:36:00,Australia,mobile,ios,1.0,recommendation_v2_test,treatment,,,,,
E00001962,app_open,U00345,S0000711,2026-08-05 17:59:00,Australia,mobile,ios,1.0,recommendation_v2_test,treatment,,,,,
E00001963,search,U00345,S0000711,2026-08-05 17:59:06,Australia,mobile,ios,1.0,recommendation_v2_test,treatment,watch,,,,
E00001964,click,U00345,S0000711,2026-08-05 18:01:02,Australia,mobile,ios,1.0,recommendation_v2_test,treatment,watch,P004,,,
E00001965,app_open,U00346,S0000712,2026-08-01 04:37:00,UK,mobile,ios,1.0,recommendation_v2_test,control,,,,,
E00001966,search,U00346,S0000712,2026-08-01 04:37:08,UK,mobile,ios,1.0,recommendation_v2_test,control,sunscreen,,,,
E00001967,click,U00346,S0000712,2026-08-01 04:37:40,UK,mobile,ios,1.0,recommendation_v2_test,control,sunscreen,P003,,,
E00001968,app_open,U00346,S0000713,2026-08-07 13:22:00,UK,mobile,ios,1.0,recommendation_v2_test,control,,,,,
E00001969,search,U00346,S0000713,2026-08-07 13:22:39,UK,mobile,ios,1.0,recommendation_v2_test,control,running shoes,,,,
E00001970,click,U00346,S0000713,2026-08-07 13:22:52,UK,mobile,ios,1.0,recommendation_v2_test,control,running shoes,P001,,,
E00001971,app_open,U00346,S0000714,2026-08-06 18:59:00,UK,mobile,ios,1.0,recommendation_v2_test,control,,,,,
E00001972,search,U00346,S0000714,2026-08-06 18:59:52,UK,mobile,ios,1.0,recommendation_v2_test,control,running shoes,,,,
E00001973,click,U00346,S0000714,2026-08-06 19:01:37,UK,mobile,ios,1.0,recommendation_v2_test,control,running shoes,P005,,,
E00001974,app_open,U00347,S0000715,2026-08-14 12:21:00,UK,tablet,web,1.0,recommendation_v2_test,treatment,,,,,
E00001975,search,U00347,S0000715,2026-08-14 12:21:08,UK,tablet,web,1.0,recommendation_v2_test,treatment,sunscreen,,,,
E00001976,click,U00347,S0000715,2026-08-14 12:22:01,UK,tablet,web,1.0,recommendation_v2_test,treatment,sunscreen,P001,,,
E00001977,add_to_cart,U00347,S0000715,2026-08-14 12:22:58,UK,tablet,web,1.0,recommendation_v2_test,treatment,sunscreen,P001,1.0,5923.28,
E00001978,app_open,U00348,S0000716,2026-08-08 08:02:00,India,tablet,web,1.1,recommendation_v2_test,treatment,,,,,
E00001979,search,U00348,S0000716,2026-08-08 08:02:24,India,tablet,web,1.1,recommendation_v2_test,treatment,black tshirt,,,,
E00001980,click,U00348,S0000716,2026-08-08 08:02:45,India,tablet,web,1.1,recommendation_v2_test,treatment,black tshirt,P003,,,
E00001981,add_to_cart,U00348,S0000716,2026-08-08 08:02:58,India,tablet,web,1.1,recommendation_v2_test,treatment,black tshirt,P003,1.0,2957.11,
E00001982,purchase,U00348,S0000716,2026-08-08 08:04:44,India,tablet,web,1.1,recommendation_v2_test,treatment,black tshirt,P003,1.0,2957.11,O0000044
E00001983,app_open,U00348,S0000717,2026-08-03 08:57:00,India,tablet,web,1.1,recommendation_v2_test,treatment,,,,,
E00001984,search,U00348,S0000717,2026-08-03 08:57:44,India,tablet,web,1.1,recommendation_v2_test,treatment,running shoes,,,,
E00001985,app_open,U00348,S0000718,2026-08-08 04:51:00,India,tablet,web,1.1,recommendation_v2_test,treatment,,,,,
E00001986,app_open,U00348,S0000719,2026-08-10 07:17:00,India,tablet,web,1.1,recommendation_v2_test,treatment,,,,,
E00001987,search,U00348,S0000719,2026-08-10 07:17:26,India,tablet,web,1.1,recommendation_v2_test,treatment,sports shoes,,,,
E00001988,app_open,U00349,S0000720,2026-08-07 17:24:00,Australia,mobile,web,1.0,recommendation_v2_test,control,,,,,
E00001989,search,U00349,S0000720,2026-08-07 17:24:07,Australia,mobile,web,1.0,recommendation_v2_test,control,running shoes,,,,
E00001990,click,U00349,S0000720,2026-08-07 17:25:59,Australia,mobile,web,1.0,recommendation_v2_test,control,running shoes,P003,,,
E00001991,add_to_cart,U00349,S0000720,2026-08-07 17:27:43,Australia,mobile,web,1.0,recommendation_v2_test,control,running shoes,P003,1.0,3993.01,
E00001992,purchase,U00349,S0000720,2026-08-07 17:31:44,Australia,mobile,web,1.0,recommendation_v2_test,control,running shoes,P003,1.0,3993.01,O0000045
E00001993,app_open,U00350,S0000721,2026-08-14 06:50:00,India,desktop,ios,1.1,recommendation_v2_test,control,,,,,
E00001994,search,U00350,S0000721,2026-08-14 06:50:59,India,desktop,ios,1.1,recommendation_v2_test,control,running shoes,,,,
E00001995,click,U00350,S0000721,2026-08-14 06:51:18,India,desktop,ios,1.1,recommendation_v2_test,control,running shoes,P001,,,
E00001996,app_open,U00351,S0000722,2026-08-08 13:50:00,India,desktop,android,1.0,recommendation_v2_test,control,,,,,
E00001997,search,U00351,S0000722,2026-08-08 13:50:44,India,desktop,android,1.0,recommendation_v2_test,control,watch,,,,
E00001998,click,U00351,S0000722,2026-08-08 13:52:43,India,desktop,android,1.0,recommendation_v2_test,control,watch,P004,,,
E00001999,app_open,U00351,S0000723,2026-08-05 21:31:00,India,desktop,android,1.0,recommendation_v2_test,control,,,,,
E00002000,search,U00351,S0000723,2026-08-05 21:31:33,India,desktop,android,1.0,recommendation_v2_test,control,sunscreen,,,,
E00002001,click,U00351,S0000723,2026-08-05 21:31:39,India,desktop,android,1.0,recommendation_v2_test,control,sunscreen,P006,,,
E00002002,app_open,U00352,S0000724,2026-08-10 15:16:00,Australia,desktop,android,1.0,recommendation_v2_test,treatment,,,,,
E00002003,search,U00352,S0000724,2026-08-10 15:16:57,Australia,desktop,android,1.0,recommendation_v2_test,treatment,watch,,,,
E00002004,app_open,U00352,S0000725,2026-08-07 00:01:00,Australia,desktop,android,1.0,recommendation_v2_test,treatment,,,,,
E00002005,app_open,U00352,S0000726,2026-08-05 16:34:00,Australia,desktop,android,1.0,recommendation_v2_test,treatment,,,,,
E00002006,search,U00352,S0000726,2026-08-05 16:34:51,Australia,desktop,android,1.0,recommendation_v2_test,treatment,watch,,,,
E00002007,click,U00352,S0000726,2026-08-05 16:34:57,Australia,desktop,android,1.0,recommendation_v2_test,treatment,watch,P004,,,
E00002008,add_to_cart,U00352,S0000726,2026-08-05 16:36:27,Australia,desktop,android,1.0,recommendation_v2_test,treatment,watch,P004,1.0,4548.35,
E00002009,app_open,U00353,S0000727,2026-08-14 06:46:00,Australia,mobile,web,1.0,recommendation_v2_test,control,,,,,
E00002010,search,U00353,S0000727,2026-08-14 06:46:10,Australia,mobile,web,1.0,recommendation_v2_test,control,black tshirt,,,,
E00002011,app_open,U00353,S0000728,2026-08-06 03:59:00,Australia,mobile,web,1.0,recommendation_v2_test,control,,,,,
E00002012,search,U00353,S0000728,2026-08-06 03:59:40,Australia,mobile,web,1.0,recommendation_v2_test,control,sports shoes,,,,
E00002013,app_open,U00354,S0000729,2026-08-08 16:33:00,UK,mobile,android,1.1,recommendation_v2_test,treatment,,,,,
E00002014,search,U00354,S0000729,2026-08-08 16:33:36,UK,mobile,android,1.1,recommendation_v2_test,treatment,sunscreen,,,,
E00002015,app_open,U00354,S0000730,2026-08-03 14:46:00,UK,mobile,android,1.1,recommendation_v2_test,treatment,,,,,
E00002016,search,U00354,S0000730,2026-08-03 14:46:58,UK,mobile,android,1.1,recommendation_v2_test,treatment,sunscreen,,,,
E00002017,click,U00354,S0000730,2026-08-03 14:47:10,UK,mobile,android,1.1,recommendation_v2_test,treatment,sunscreen,P002,,,
E00002018,app_open,U00355,S0000731,2026-08-14 04:03:00,Germany,desktop,android,1.1,recommendation_v2_test,treatment,,,,,
E00002019,search,U00355,S0000731,2026-08-14 04:03:48,Germany,desktop,android,1.1,recommendation_v2_test,treatment,black tshirt,,,,
E00002020,click,U00355,S0000731,2026-08-14 04:04:55,Germany,desktop,android,1.1,recommendation_v2_test,treatment,black tshirt,P001,,,
E00002021,app_open,U00355,S0000732,2026-08-09 07:16:00,Germany,desktop,android,1.1,recommendation_v2_test,treatment,,,,,
E00002022,app_open,U00355,S0000733,2026-08-10 20:45:00,Germany,desktop,android,1.1,recommendation_v2_test,treatment,,,,,
E00002023,search,U00355,S0000733,2026-08-10 20:45:26,Germany,desktop,android,1.1,recommendation_v2_test,treatment,watch,,,,
E00002024,app_open,U00356,S0000734,2026-08-04 18:27:00,UK,desktop,web,1.1,recommendation_v2_test,control,,,,,
E00002025,search,U00356,S0000734,2026-08-04 18:27:31,UK,desktop,web,1.1,recommendation_v2_test,control,sports shoes,,,,
E00002026,click,U00356,S0000734,2026-08-04 18:28:15,UK,desktop,web,1.1,recommendation_v2_test,control,sports shoes,P006,,,
E00002027,add_to_cart,U00356,S0000734,2026-08-04 18:29:28,UK,desktop,web,1.1,recommendation_v2_test,control,sports shoes,P006,1.0,2293.72,
E00002028,app_open,U00356,S0000735,2026-08-07 00:15:00,UK,desktop,web,1.1,recommendation_v2_test,control,,,,,
E00002029,search,U00356,S0000735,2026-08-07 00:15:56,UK,desktop,web,1.1,recommendation_v2_test,control,sunscreen,,,,
E00002030,click,U00356,S0000735,2026-08-07 00:16:52,UK,desktop,web,1.1,recommendation_v2_test,control,sunscreen,P002,,,
E00002031,add_to_cart,U00356,S0000735,2026-08-07 00:18:30,UK,desktop,web,1.1,recommendation_v2_test,control,sunscreen,P002,1.0,906.52,
E00002032,purchase,U00356,S0000735,2026-08-07 00:19:52,UK,desktop,web,1.1,recommendation_v2_test,control,sunscreen,P002,1.0,906.52,O0000046
E00002033,app_open,U00356,S0000736,2026-08-01 03:02:00,UK,desktop,web,1.1,recommendation_v2_test,control,,,,,
E00002034,search,U00356,S0000736,2026-08-01 03:02:21,UK,desktop,web,1.1,recommendation_v2_test,control,sports shoes,,,,
E00002035,click,U00356,S0000736,2026-08-01 03:04:15,UK,desktop,web,1.1,recommendation_v2_test,control,sports shoes,P001,,,
E00002036,add_to_cart,U00356,S0000736,2026-08-01 03:06:58,UK,desktop,web,1.1,recommendation_v2_test,control,sports shoes,P001,1.0,2607.32,
E00002037,purchase,U00356,S0000736,2026-08-01 03:11:24,UK,desktop,web,1.1,recommendation_v2_test,control,sports shoes,P001,1.0,2607.32,O0000047
E00002038,app_open,U00356,S0000737,2026-08-07 11:36:00,UK,desktop,web,1.1,recommendation_v2_test,control,,,,,
E00002039,search,U00356,S0000737,2026-08-07 11:36:35,UK,desktop,web,1.1,recommendation_v2_test,control,sports shoes,,,,
E00002040,click,U00356,S0000737,2026-08-07 11:38:04,UK,desktop,web,1.1,recommendation_v2_test,control,sports shoes,P002,,,
E00002041,app_open,U00357,S0000738,2026-08-13 00:11:00,India,mobile,ios,1.1,recommendation_v2_test,control,,,,,
E00002042,search,U00357,S0000738,2026-08-13 00:11:22,India,mobile,ios,1.1,recommendation_v2_test,control,sunscreen,,,,
E00002043,click,U00357,S0000738,2026-08-13 00:12:26,India,mobile,ios,1.1,recommendation_v2_test,control,sunscreen,P005,,,
E00002044,app_open,U00358,S0000739,2026-08-02 01:20:00,Australia,tablet,web,1.0,recommendation_v2_test,control,,,,,
E00002045,search,U00358,S0000739,2026-08-02 01:20:42,Australia,tablet,web,1.0,recommendation_v2_test,control,sunscreen,,,,
E00002046,click,U00358,S0000739,2026-08-02 01:22:30,Australia,tablet,web,1.0,recommendation_v2_test,control,sunscreen,P005,,,
E00002047,add_to_cart,U00358,S0000739,2026-08-02 01:23:55,Australia,tablet,web,1.0,recommendation_v2_test,control,sunscreen,P005,1.0,2370.77,
E00002048,app_open,U00359,S0000740,2026-08-05 21:45:00,Australia,tablet,android,1.0,recommendation_v2_test,treatment,,,,,
E00002049,search,U00359,S0000740,2026-08-05 21:45:05,Australia,tablet,android,1.0,recommendation_v2_test,treatment,sunscreen,,,,
E00002050,click,U00359,S0000740,2026-08-05 21:46:08,Australia,tablet,android,1.0,recommendation_v2_test,treatment,sunscreen,P004,,,
E00002051,add_to_cart,U00359,S0000740,2026-08-05 21:47:49,Australia,tablet,android,1.0,recommendation_v2_test,treatment,sunscreen,P004,1.0,5744.05,
E00002052,app_open,U00359,S0000741,2026-08-07 19:50:00,Australia,tablet,android,1.0,recommendation_v2_test,treatment,,,,,
E00002053,search,U00359,S0000741,2026-08-07 19:50:13,Australia,tablet,android,1.0,recommendation_v2_test,treatment,running shoes,,,,
E00002054,click,U00359,S0000741,2026-08-07 19:50:54,Australia,tablet,android,1.0,recommendation_v2_test,treatment,running shoes,P006,,,
E00002055,app_open,U00360,S0000742,2026-08-11 16:28:00,India,mobile,web,1.1,recommendation_v2_test,control,,,,,
E00002056,app_open,U00361,S0000743,2026-08-09 20:57:00,UK,desktop,android,1.1,recommendation_v2_test,treatment,,,,,
E00002057,search,U00361,S0000743,2026-08-09 20:57:16,UK,desktop,android,1.1,recommendation_v2_test,treatment,watch,,,,
E00002058,click,U00361,S0000743,2026-08-09 20:57:26,UK,desktop,android,1.1,recommendation_v2_test,treatment,watch,P003,,,
E00002059,add_to_cart,U00361,S0000743,2026-08-09 21:00:23,UK,desktop,android,1.1,recommendation_v2_test,treatment,watch,P003,1.0,3689.0,
E00002060,purchase,U00361,S0000743,2026-08-09 21:02:20,UK,desktop,android,1.1,recommendation_v2_test,treatment,watch,P003,1.0,3689.0,O0000048
E00002061,app_open,U00361,S0000744,2026-08-08 05:15:00,UK,desktop,android,1.1,recommendation_v2_test,treatment,,,,,
E00002062,search,U00361,S0000744,2026-08-08 05:15:11,UK,desktop,android,1.1,recommendation_v2_test,treatment,sunscreen,,,,
E00002063,click,U00361,S0000744,2026-08-08 05:16:10,UK,desktop,android,1.1,recommendation_v2_test,treatment,sunscreen,P002,,,
E00002064,add_to_cart,U00361,S0000744,2026-08-08 05:17:27,UK,desktop,android,1.1,recommendation_v2_test,treatment,sunscreen,P002,1.0,5565.24,
E00002065,app_open,U00362,S0000745,2026-08-02 12:10:00,Germany,tablet,ios,1.0,recommendation_v2_test,treatment,,,,,
E00002066,search,U00362,S0000745,2026-08-02 12:10:10,Germany,tablet,ios,1.0,recommendation_v2_test,treatment,black tshirt,,,,
E00002067,click,U00362,S0000745,2026-08-02 12:11:03,Germany,tablet,ios,1.0,recommendation_v2_test,treatment,black tshirt,P004,,,
E00002068,add_to_cart,U00362,S0000745,2026-08-02 12:11:47,Germany,tablet,ios,1.0,recommendation_v2_test,treatment,black tshirt,P004,1.0,2471.73,
E00002069,purchase,U00362,S0000745,2026-08-02 12:14:25,Germany,tablet,ios,1.0,recommendation_v2_test,treatment,black tshirt,P004,1.0,2471.73,O0000049
E00002070,app_open,U00362,S0000746,2026-08-06 20:46:00,Germany,tablet,ios,1.0,recommendation_v2_test,treatment,,,,,
E00002071,search,U00362,S0000746,2026-08-06 20:46:14,Germany,tablet,ios,1.0,recommendation_v2_test,treatment,running shoes,,,,
E00002072,click,U00362,S0000746,2026-08-06 20:46:23,Germany,tablet,ios,1.0,recommendation_v2_test,treatment,running shoes,P005,,,
E00002073,add_to_cart,U00362,S0000746,2026-08-06 20:48:30,Germany,tablet,ios,1.0,recommendation_v2_test,treatment,running shoes,P005,1.0,826.93,
E00002074,app_open,U00362,S0000747,2026-08-06 19:16:00,Germany,tablet,ios,1.0,recommendation_v2_test,treatment,,,,,
E00002075,search,U00362,S0000747,2026-08-06 19:16:41,Germany,tablet,ios,1.0,recommendation_v2_test,treatment,sunscreen,,,,
E00002076,app_open,U00362,S0000748,2026-08-11 17:45:00,Germany,tablet,ios,1.0,recommendation_v2_test,treatment,,,,,
E00002077,search,U00362,S0000748,2026-08-11 17:45:45,Germany,tablet,ios,1.0,recommendation_v2_test,treatment,watch,,,,
E00002078,click,U00362,S0000748,2026-08-11 17:45:57,Germany,tablet,ios,1.0,recommendation_v2_test,treatment,watch,P003,,,
E00002079,app_open,U00363,S0000749,2026-08-10 06:36:00,Australia,mobile,android,1.0,recommendation_v2_test,treatment,,,,,
E00002080,search,U00363,S0000749,2026-08-10 06:36:18,Australia,mobile,android,1.0,recommendation_v2_test,treatment,sunscreen,,,,
E00002081,app_open,U00363,S0000750,2026-08-02 04:15:00,Australia,mobile,android,1.0,recommendation_v2_test,treatment,,,,,
E00002082,search,U00363,S0000750,2026-08-02 04:15:27,Australia,mobile,android,1.0,recommendation_v2_test,treatment,sunscreen,,,,
E00002083,click,U00363,S0000750,2026-08-02 04:15:32,Australia,mobile,android,1.0,recommendation_v2_test,treatment,sunscreen,P003,,,
E00002084,add_to_cart,U00363,S0000750,2026-08-02 04:16:16,Australia,mobile,android,1.0,recommendation_v2_test,treatment,sunscreen,P003,1.0,2357.09,
E00002085,app_open,U00364,S0000751,2026-08-05 20:11:00,UK,desktop,android,1.1,recommendation_v2_test,control,,,,,
E00002086,app_open,U00365,S0000752,2026-08-06 02:22:00,Germany,tablet,web,1.0,recommendation_v2_test,control,,,,,
E00002087,search,U00365,S0000752,2026-08-06 02:22:29,Germany,tablet,web,1.0,recommendation_v2_test,control,watch,,,,
E00002088,app_open,U00365,S0000753,2026-08-06 13:44:00,Germany,tablet,web,1.0,recommendation_v2_test,control,,,,,
E00002089,search,U00365,S0000753,2026-08-06 13:44:11,Germany,tablet,web,1.0,recommendation_v2_test,control,watch,,,,
E00002090,click,U00365,S0000753,2026-08-06 13:45:52,Germany,tablet,web,1.0,recommendation_v2_test,control,watch,P001,,,
E00002091,app_open,U00365,S0000754,2026-08-05 02:29:00,Germany,tablet,web,1.0,recommendation_v2_test,control,,,,,
E00002092,search,U00365,S0000754,2026-08-05 02:29:33,Germany,tablet,web,1.0,recommendation_v2_test,control,black tshirt,,,,
E00002093,click,U00365,S0000754,2026-08-05 02:31:00,Germany,tablet,web,1.0,recommendation_v2_test,control,black tshirt,P005,,,
E00002094,app_open,U00365,S0000755,2026-08-10 20:14:00,Germany,tablet,web,1.0,recommendation_v2_test,control,,,,,
E00002095,search,U00365,S0000755,2026-08-10 20:14:29,Germany,tablet,web,1.0,recommendation_v2_test,control,sunscreen,,,,
E00002096,click,U00365,S0000755,2026-08-10 20:14:51,Germany,tablet,web,1.0,recommendation_v2_test,control,sunscreen,P002,,,
E00002097,app_open,U00365,S0000756,2026-08-11 10:18:00,Germany,tablet,web,1.0,recommendation_v2_test,control,,,,,
E00002098,search,U00365,S0000756,2026-08-11 10:18:40,Germany,tablet,web,1.0,recommendation_v2_test,control,running shoes,,,,
E00002099,app_open,U00365,S0000757,2026-08-10 18:49:00,Germany,tablet,web,1.0,recommendation_v2_test,control,,,,,
E00002100,search,U00365,S0000757,2026-08-10 18:49:38,Germany,tablet,web,1.0,recommendation_v2_test,control,black tshirt,,,,
E00002101,click,U00365,S0000757,2026-08-10 18:50:21,Germany,tablet,web,1.0,recommendation_v2_test,control,black tshirt,P002,,,
E00002102,app_open,U00366,S0000758,2026-08-13 04:24:00,India,mobile,ios,1.1,recommendation_v2_test,control,,,,,
E00002103,search,U00366,S0000758,2026-08-13 04:24:35,India,mobile,ios,1.1,recommendation_v2_test,control,sports shoes,,,,
E00002104,click,U00366,S0000758,2026-08-13 04:26:13,India,mobile,ios,1.1,recommendation_v2_test,control,sports shoes,P006,,,
E00002105,app_open,U00367,S0000759,2026-08-01 04:55:00,Germany,desktop,web,1.1,recommendation_v2_test,control,,,,,
E00002106,search,U00367,S0000759,2026-08-01 04:55:55,Germany,desktop,web,1.1,recommendation_v2_test,control,black tshirt,,,,
E00002107,app_open,U00367,S0000760,2026-08-08 10:32:00,Germany,desktop,web,1.1,recommendation_v2_test,control,,,,,
E00002108,search,U00367,S0000760,2026-08-08 10:32:28,Germany,desktop,web,1.1,recommendation_v2_test,control,sunscreen,,,,
E00002109,app_open,U00367,S0000761,2026-08-02 04:20:00,Germany,desktop,web,1.1,recommendation_v2_test,control,,,,,
E00002110,app_open,U00367,S0000762,2026-08-02 10:25:00,Germany,desktop,web,1.1,recommendation_v2_test,control,,,,,
E00002111,search,U00367,S0000762,2026-08-02 10:25:34,Germany,desktop,web,1.1,recommendation_v2_test,control,black tshirt,,,,
E00002112,app_open,U00368,S0000763,2026-08-14 21:36:00,India,mobile,ios,1.0,recommendation_v2_test,treatment,,,,,
E00002113,search,U00368,S0000763,2026-08-14 21:36:53,India,mobile,ios,1.0,recommendation_v2_test,treatment,watch,,,,
E00002114,click,U00368,S0000763,2026-08-14 21:37:38,India,mobile,ios,1.0,recommendation_v2_test,treatment,watch,P002,,,
E00002115,add_to_cart,U00368,S0000763,2026-08-14 21:38:25,India,mobile,ios,1.0,recommendation_v2_test,treatment,watch,P002,1.0,1797.43,
E00002116,purchase,U00368,S0000763,2026-08-14 21:40:55,India,mobile,ios,1.0,recommendation_v2_test,treatment,watch,P002,1.0,1797.43,O0000050
E00002117,app_open,U00368,S0000764,2026-08-06 04:30:00,India,mobile,ios,1.0,recommendation_v2_test,treatment,,,,,
E00002118,search,U00368,S0000764,2026-08-06 04:30:08,India,mobile,ios,1.0,recommendation_v2_test,treatment,watch,,,,
E00002119,click,U00368,S0000764,2026-08-06 04:31:22,India,mobile,ios,1.0,recommendation_v2_test,treatment,watch,P006,,,
E00002120,add_to_cart,U00368,S0000764,2026-08-06 04:31:33,India,mobile,ios,1.0,recommendation_v2_test,treatment,watch,P006,1.0,5622.03,
E00002121,app_open,U00368,S0000765,2026-08-10 22:18:00,India,mobile,ios,1.0,recommendation_v2_test,treatment,,,,,
E00002122,search,U00368,S0000765,2026-08-10 22:18:44,India,mobile,ios,1.0,recommendation_v2_test,treatment,sports shoes,,,,
E00002123,app_open,U00368,S0000766,2026-08-07 23:25:00,India,mobile,ios,1.0,recommendation_v2_test,treatment,,,,,
E00002124,app_open,U00369,S0000767,2026-08-10 08:37:00,Germany,mobile,android,1.1,recommendation_v2_test,treatment,,,,,
E00002125,search,U00369,S0000767,2026-08-10 08:37:19,Germany,mobile,android,1.1,recommendation_v2_test,treatment,black tshirt,,,,
E00002126,click,U00369,S0000767,2026-08-10 08:38:28,Germany,mobile,android,1.1,recommendation_v2_test,treatment,black tshirt,P002,,,
E00002127,app_open,U00369,S0000768,2026-08-04 11:19:00,Germany,mobile,android,1.1,recommendation_v2_test,treatment,,,,,
E00002128,search,U00369,S0000768,2026-08-04 11:19:31,Germany,mobile,android,1.1,recommendation_v2_test,treatment,sunscreen,,,,
E00002129,app_open,U00369,S0000769,2026-08-02 16:10:00,Germany,mobile,android,1.1,recommendation_v2_test,treatment,,,,,
E00002130,search,U00369,S0000769,2026-08-02 16:10:50,Germany,mobile,android,1.1,recommendation_v2_test,treatment,black tshirt,,,,
E00002131,click,U00369,S0000769,2026-08-02 16:11:17,Germany,mobile,android,1.1,recommendation_v2_test,treatment,black tshirt,P006,,,
E00002132,app_open,U00369,S0000770,2026-08-08 01:51:00,Germany,mobile,android,1.1,recommendation_v2_test,treatment,,,,,
E00002133,search,U00369,S0000770,2026-08-08 01:51:48,Germany,mobile,android,1.1,recommendation_v2_test,treatment,watch,,,,
E00002134,click,U00369,S0000770,2026-08-08 01:52:50,Germany,mobile,android,1.1,recommendation_v2_test,treatment,watch,P001,,,
E00002135,app_open,U00370,S0000771,2026-08-08 02:40:00,UK,desktop,android,1.0,recommendation_v2_test,treatment,,,,,
E00002136,search,U00370,S0000771,2026-08-08 02:40:44,UK,desktop,android,1.0,recommendation_v2_test,treatment,sports shoes,,,,
E00002137,app_open,U00371,S0000772,2026-08-08 00:21:00,India,mobile,android,1.1,recommendation_v2_test,control,,,,,
E00002138,search,U00371,S0000772,2026-08-08 00:21:38,India,mobile,android,1.1,recommendation_v2_test,control,black tshirt,,,,
E00002139,click,U00371,S0000772,2026-08-08 00:23:16,India,mobile,android,1.1,recommendation_v2_test,control,black tshirt,P006,,,
E00002140,app_open,U00371,S0000773,2026-08-01 07:23:00,India,mobile,android,1.1,recommendation_v2_test,control,,,,,
E00002141,search,U00371,S0000773,2026-08-01 07:23:38,India,mobile,android,1.1,recommendation_v2_test,control,watch,,,,
E00002142,click,U00371,S0000773,2026-08-01 07:24:05,India,mobile,android,1.1,recommendation_v2_test,control,watch,P006,,,
E00002143,app_open,U00372,S0000774,2026-08-03 01:18:00,UK,tablet,web,1.0,recommendation_v2_test,control,,,,,
E00002144,search,U00372,S0000774,2026-08-03 01:18:54,UK,tablet,web,1.0,recommendation_v2_test,control,sunscreen,,,,
E00002145,app_open,U00372,S0000775,2026-08-09 22:15:00,UK,tablet,web,1.0,recommendation_v2_test,control,,,,,
E00002146,search,U00372,S0000775,2026-08-09 22:15:32,UK,tablet,web,1.0,recommendation_v2_test,control,sunscreen,,,,
E00002147,click,U00372,S0000775,2026-08-09 22:16:01,UK,tablet,web,1.0,recommendation_v2_test,control,sunscreen,P001,,,
E00002148,add_to_cart,U00372,S0000775,2026-08-09 22:17:35,UK,tablet,web,1.0,recommendation_v2_test,control,sunscreen,P001,1.0,4801.18,
E00002149,app_open,U00372,S0000776,2026-08-10 11:30:00,UK,tablet,web,1.0,recommendation_v2_test,control,,,,,
E00002150,search,U00372,S0000776,2026-08-10 11:30:46,UK,tablet,web,1.0,recommendation_v2_test,control,sports shoes,,,,
E00002151,click,U00372,S0000776,2026-08-10 11:32:09,UK,tablet,web,1.0,recommendation_v2_test,control,sports shoes,P001,,,
E00002152,app_open,U00372,S0000777,2026-08-08 14:33:00,UK,tablet,web,1.0,recommendation_v2_test,control,,,,,
E00002153,search,U00372,S0000777,2026-08-08 14:33:41,UK,tablet,web,1.0,recommendation_v2_test,control,watch,,,,
E00002154,click,U00372,S0000777,2026-08-08 14:34:25,UK,tablet,web,1.0,recommendation_v2_test,control,watch,P001,,,
E00002155,add_to_cart,U00372,S0000777,2026-08-08 14:36:38,UK,tablet,web,1.0,recommendation_v2_test,control,watch,P001,1.0,1532.97,
E00002156,app_open,U00373,S0000778,2026-08-07 02:40:00,Germany,desktop,web,1.1,recommendation_v2_test,treatment,,,,,
E00002157,search,U00373,S0000778,2026-08-07 02:40:28,Germany,desktop,web,1.1,recommendation_v2_test,treatment,black tshirt,,,,
E00002158,click,U00373,S0000778,2026-08-07 02:40:33,Germany,desktop,web,1.1,recommendation_v2_test,treatment,black tshirt,P002,,,
E00002159,app_open,U00373,S0000779,2026-08-09 06:47:00,Germany,desktop,web,1.1,recommendation_v2_test,treatment,,,,,
E00002160,search,U00373,S0000779,2026-08-09 06:47:21,Germany,desktop,web,1.1,recommendation_v2_test,treatment,sunscreen,,,,
E00002161,app_open,U00374,S0000780,2026-08-01 07:17:00,Germany,tablet,ios,1.1,recommendation_v2_test,treatment,,,,,
E00002162,search,U00374,S0000780,2026-08-01 07:17:59,Germany,tablet,ios,1.1,recommendation_v2_test,treatment,running shoes,,,,
E00002163,click,U00374,S0000780,2026-08-01 07:19:06,Germany,tablet,ios,1.1,recommendation_v2_test,treatment,running shoes,P006,,,
E00002164,add_to_cart,U00374,S0000780,2026-08-01 07:21:52,Germany,tablet,ios,1.1,recommendation_v2_test,treatment,running shoes,P006,1.0,5163.14,
E00002165,purchase,U00374,S0000780,2026-08-01 07:22:35,Germany,tablet,ios,1.1,recommendation_v2_test,treatment,running shoes,P006,1.0,5163.14,O0000051
E00002166,app_open,U00374,S0000781,2026-08-13 06:35:00,Germany,tablet,ios,1.1,recommendation_v2_test,treatment,,,,,
E00002167,search,U00374,S0000781,2026-08-13 06:35:54,Germany,tablet,ios,1.1,recommendation_v2_test,treatment,sunscreen,,,,
E00002168,app_open,U00374,S0000782,2026-08-05 04:44:00,Germany,tablet,ios,1.1,recommendation_v2_test,treatment,,,,,
E00002169,search,U00374,S0000782,2026-08-05 04:44:47,Germany,tablet,ios,1.1,recommendation_v2_test,treatment,black tshirt,,,,
E00002170,click,U00374,S0000782,2026-08-05 04:45:12,Germany,tablet,ios,1.1,recommendation_v2_test,treatment,black tshirt,P003,,,
E00002171,app_open,U00375,S0000783,2026-08-08 16:55:00,India,mobile,web,1.0,recommendation_v2_test,control,,,,,
E00002172,search,U00375,S0000783,2026-08-08 16:55:52,India,mobile,web,1.0,recommendation_v2_test,control,black tshirt,,,,
E00002173,click,U00375,S0000783,2026-08-08 16:56:19,India,mobile,web,1.0,recommendation_v2_test,control,black tshirt,P006,,,
E00002174,add_to_cart,U00375,S0000783,2026-08-08 16:58:43,India,mobile,web,1.0,recommendation_v2_test,control,black tshirt,P006,1.0,1903.59,
E00002175,app_open,U00375,S0000784,2026-08-04 00:17:00,India,mobile,web,1.0,recommendation_v2_test,control,,,,,
E00002176,search,U00375,S0000784,2026-08-04 00:17:20,India,mobile,web,1.0,recommendation_v2_test,control,sunscreen,,,,
E00002177,click,U00375,S0000784,2026-08-04 00:18:21,India,mobile,web,1.0,recommendation_v2_test,control,sunscreen,P003,,,
E00002178,add_to_cart,U00375,S0000784,2026-08-04 00:19:53,India,mobile,web,1.0,recommendation_v2_test,control,sunscreen,P003,1.0,1583.38,
E00002179,app_open,U00375,S0000785,2026-08-03 23:22:00,India,mobile,web,1.0,recommendation_v2_test,control,,,,,
E00002180,app_open,U00376,S0000786,2026-08-13 15:14:00,Germany,tablet,web,1.0,recommendation_v2_test,control,,,,,
E00002181,search,U00376,S0000786,2026-08-13 15:14:08,Germany,tablet,web,1.0,recommendation_v2_test,control,sports shoes,,,,
E00002182,app_open,U00376,S0000787,2026-08-04 15:16:00,Germany,tablet,web,1.0,recommendation_v2_test,control,,,,,
E00002183,search,U00376,S0000787,2026-08-04 15:16:29,Germany,tablet,web,1.0,recommendation_v2_test,control,sunscreen,,,,
E00002184,app_open,U00377,S0000788,2026-08-04 16:42:00,India,desktop,ios,1.1,recommendation_v2_test,treatment,,,,,
E00002185,search,U00377,S0000788,2026-08-04 16:42:47,India,desktop,ios,1.1,recommendation_v2_test,treatment,black tshirt,,,,
E00002186,click,U00377,S0000788,2026-08-04 16:42:58,India,desktop,ios,1.1,recommendation_v2_test,treatment,black tshirt,P005,,,
E00002187,add_to_cart,U00377,S0000788,2026-08-04 16:45:32,India,desktop,ios,1.1,recommendation_v2_test,treatment,black tshirt,P005,1.0,3891.05,
E00002188,app_open,U00377,S0000789,2026-08-11 08:18:00,India,desktop,ios,1.1,recommendation_v2_test,treatment,,,,,
E00002189,app_open,U00377,S0000790,2026-08-09 08:32:00,India,desktop,ios,1.1,recommendation_v2_test,treatment,,,,,
E00002190,search,U00377,S0000790,2026-08-09 08:32:07,India,desktop,ios,1.1,recommendation_v2_test,treatment,running shoes,,,,
E00002191,app_open,U00378,S0000791,2026-08-08 11:42:00,UK,mobile,ios,1.0,recommendation_v2_test,control,,,,,
E00002192,search,U00378,S0000791,2026-08-08 11:42:43,UK,mobile,ios,1.0,recommendation_v2_test,control,watch,,,,
E00002193,app_open,U00379,S0000792,2026-08-01 17:32:00,India,mobile,android,1.1,recommendation_v2_test,control,,,,,
E00002194,search,U00379,S0000792,2026-08-01 17:32:22,India,mobile,android,1.1,recommendation_v2_test,control,black tshirt,,,,
E00002195,app_open,U00379,S0000793,2026-08-07 21:34:00,India,mobile,android,1.1,recommendation_v2_test,control,,,,,
E00002196,search,U00379,S0000793,2026-08-07 21:34:43,India,mobile,android,1.1,recommendation_v2_test,control,sunscreen,,,,
E00002197,app_open,U00379,S0000794,2026-08-08 22:36:00,India,mobile,android,1.1,recommendation_v2_test,control,,,,,
E00002198,search,U00379,S0000794,2026-08-08 22:36:26,India,mobile,android,1.1,recommendation_v2_test,control,running shoes,,,,
E00002199,click,U00379,S0000794,2026-08-08 22:38:21,India,mobile,android,1.1,recommendation_v2_test,control,running shoes,P005,,,
E00002200,app_open,U00379,S0000795,2026-08-05 05:12:00,India,mobile,android,1.1,recommendation_v2_test,control,,,,,
E00002201,search,U00379,S0000795,2026-08-05 05:12:27,India,mobile,android,1.1,recommendation_v2_test,control,sunscreen,,,,
E00002202,app_open,U00380,S0000796,2026-08-14 22:15:00,India,mobile,android,1.1,recommendation_v2_test,control,,,,,
E00002203,search,U00380,S0000796,2026-08-14 22:15:49,India,mobile,android,1.1,recommendation_v2_test,control,sunscreen,,,,
E00002204,click,U00380,S0000796,2026-08-14 22:16:00,India,mobile,android,1.1,recommendation_v2_test,control,sunscreen,P006,,,
E00002205,app_open,U00381,S0000797,2026-08-06 05:10:00,Australia,desktop,web,1.0,recommendation_v2_test,treatment,,,,,
E00002206,app_open,U00381,S0000798,2026-08-13 03:51:00,Australia,desktop,web,1.0,recommendation_v2_test,treatment,,,,,
E00002207,search,U00381,S0000798,2026-08-13 03:51:16,Australia,desktop,web,1.0,recommendation_v2_test,treatment,sunscreen,,,,
E00002208,click,U00381,S0000798,2026-08-13 03:53:06,Australia,desktop,web,1.0,recommendation_v2_test,treatment,sunscreen,P003,,,
E00002209,app_open,U00382,S0000799,2026-08-12 16:15:00,India,desktop,web,1.0,recommendation_v2_test,control,,,,,
E00002210,search,U00382,S0000799,2026-08-12 16:15:51,India,desktop,web,1.0,recommendation_v2_test,control,sunscreen,,,,
E00002211,app_open,U00382,S0000800,2026-08-03 22:28:00,India,desktop,web,1.0,recommendation_v2_test,control,,,,,
E00002212,search,U00382,S0000800,2026-08-03 22:28:30,India,desktop,web,1.0,recommendation_v2_test,control,sports shoes,,,,
E00002213,click,U00382,S0000800,2026-08-03 22:29:46,India,desktop,web,1.0,recommendation_v2_test,control,sports shoes,P004,,,
E00002214,add_to_cart,U00382,S0000800,2026-08-03 22:31:07,India,desktop,web,1.0,recommendation_v2_test,control,sports shoes,P004,1.0,4998.81,
E00002215,app_open,U00382,S0000801,2026-08-06 18:34:00,India,desktop,web,1.0,recommendation_v2_test,control,,,,,
E00002216,search,U00382,S0000801,2026-08-06 18:34:19,India,desktop,web,1.0,recommendation_v2_test,control,running shoes,,,,
E00002217,click,U00382,S0000801,2026-08-06 18:35:53,India,desktop,web,1.0,recommendation_v2_test,control,running shoes,P002,,,
E00002218,add_to_cart,U00382,S0000801,2026-08-06 18:38:13,India,desktop,web,1.0,recommendation_v2_test,control,running shoes,P002,1.0,3300.73,
E00002219,purchase,U00382,S0000801,2026-08-06 18:40:44,India,desktop,web,1.0,recommendation_v2_test,control,running shoes,P002,1.0,3300.73,O0000052
E00002220,app_open,U00383,S0000802,2026-08-14 13:45:00,India,mobile,ios,1.0,recommendation_v2_test,control,,,,,
E00002221,app_open,U00383,S0000803,2026-08-03 19:23:00,India,mobile,ios,1.0,recommendation_v2_test,control,,,,,
E00002222,search,U00383,S0000803,2026-08-03 19:23:28,India,mobile,ios,1.0,recommendation_v2_test,control,watch,,,,
E00002223,app_open,U00383,S0000804,2026-08-01 10:55:00,India,mobile,ios,1.0,recommendation_v2_test,control,,,,,
E00002224,search,U00383,S0000804,2026-08-01 10:55:30,India,mobile,ios,1.0,recommendation_v2_test,control,sports shoes,,,,
E00002225,click,U00383,S0000804,2026-08-01 10:57:18,India,mobile,ios,1.0,recommendation_v2_test,control,sports shoes,P002,,,
E00002226,app_open,U00384,S0000805,2026-08-07 08:57:00,Australia,mobile,web,1.1,recommendation_v2_test,treatment,,,,,
E00002227,search,U00384,S0000805,2026-08-07 08:57:57,Australia,mobile,web,1.1,recommendation_v2_test,treatment,sunscreen,,,,
E00002228,app_open,U00384,S0000806,2026-08-09 04:54:00,Australia,mobile,web,1.1,recommendation_v2_test,treatment,,,,,
E00002229,search,U00384,S0000806,2026-08-09 04:54:53,Australia,mobile,web,1.1,recommendation_v2_test,treatment,running shoes,,,,
E00002230,click,U00384,S0000806,2026-08-09 04:56:05,Australia,mobile,web,1.1,recommendation_v2_test,treatment,running shoes,P004,,,
E00002231,add_to_cart,U00384,S0000806,2026-08-09 04:56:45,Australia,mobile,web,1.1,recommendation_v2_test,treatment,running shoes,P004,1.0,2161.06,
E00002232,app_open,U00384,S0000807,2026-08-10 00:11:00,Australia,mobile,web,1.1,recommendation_v2_test,treatment,,,,,
E00002233,search,U00384,S0000807,2026-08-10 00:11:43,Australia,mobile,web,1.1,recommendation_v2_test,treatment,sunscreen,,,,
E00002234,app_open,U00384,S0000808,2026-08-07 12:43:00,Australia,mobile,web,1.1,recommendation_v2_test,treatment,,,,,
E00002235,search,U00384,S0000808,2026-08-07 12:43:14,Australia,mobile,web,1.1,recommendation_v2_test,treatment,black tshirt,,,,
E00002236,click,U00384,S0000808,2026-08-07 12:44:42,Australia,mobile,web,1.1,recommendation_v2_test,treatment,black tshirt,P005,,,
E00002237,app_open,U00385,S0000809,2026-08-01 23:04:00,Australia,desktop,ios,1.0,recommendation_v2_test,treatment,,,,,
E00002238,search,U00385,S0000809,2026-08-01 23:04:18,Australia,desktop,ios,1.0,recommendation_v2_test,treatment,sports shoes,,,,
E00002239,click,U00385,S0000809,2026-08-01 23:05:13,Australia,desktop,ios,1.0,recommendation_v2_test,treatment,sports shoes,P004,,,
E00002240,app_open,U00386,S0000810,2026-08-02 13:55:00,Germany,mobile,android,1.0,recommendation_v2_test,treatment,,,,,
E00002241,search,U00386,S0000810,2026-08-02 13:55:37,Germany,mobile,android,1.0,recommendation_v2_test,treatment,watch,,,,
E00002242,click,U00386,S0000810,2026-08-02 13:56:03,Germany,mobile,android,1.0,recommendation_v2_test,treatment,watch,P006,,,
E00002243,app_open,U00386,S0000811,2026-08-05 12:16:00,Germany,mobile,android,1.0,recommendation_v2_test,treatment,,,,,
E00002244,search,U00386,S0000811,2026-08-05 12:16:05,Germany,mobile,android,1.0,recommendation_v2_test,treatment,watch,,,,
E00002245,app_open,U00386,S0000812,2026-08-04 07:53:00,Germany,mobile,android,1.0,recommendation_v2_test,treatment,,,,,
E00002246,search,U00386,S0000812,2026-08-04 07:53:33,Germany,mobile,android,1.0,recommendation_v2_test,treatment,black tshirt,,,,
E00002247,click,U00386,S0000812,2026-08-04 07:55:17,Germany,mobile,android,1.0,recommendation_v2_test,treatment,black tshirt,P001,,,
E00002248,app_open,U00387,S0000813,2026-08-04 08:11:00,Germany,desktop,android,1.1,recommendation_v2_test,treatment,,,,,
E00002249,search,U00387,S0000813,2026-08-04 08:11:16,Germany,desktop,android,1.1,recommendation_v2_test,treatment,sunscreen,,,,
E00002250,click,U00387,S0000813,2026-08-04 08:13:10,Germany,desktop,android,1.1,recommendation_v2_test,treatment,sunscreen,P005,,,
E00002251,add_to_cart,U00387,S0000813,2026-08-04 08:15:05,Germany,desktop,android,1.1,recommendation_v2_test,treatment,sunscreen,P005,1.0,665.97,
E00002252,purchase,U00387,S0000813,2026-08-04 08:18:27,Germany,desktop,android,1.1,recommendation_v2_test,treatment,sunscreen,P005,1.0,665.97,O0000053
E00002253,app_open,U00387,S0000814,2026-08-02 19:07:00,Germany,desktop,android,1.1,recommendation_v2_test,treatment,,,,,
E00002254,search,U00387,S0000814,2026-08-02 19:07:53,Germany,desktop,android,1.1,recommendation_v2_test,treatment,running shoes,,,,
E00002255,app_open,U00387,S0000815,2026-08-05 10:46:00,Germany,desktop,android,1.1,recommendation_v2_test,treatment,,,,,
E00002256,search,U00387,S0000815,2026-08-05 10:46:11,Germany,desktop,android,1.1,recommendation_v2_test,treatment,watch,,,,
E00002257,app_open,U00388,S0000816,2026-08-07 11:59:00,India,mobile,web,1.0,recommendation_v2_test,control,,,,,
E00002258,search,U00388,S0000816,2026-08-07 11:59:30,India,mobile,web,1.0,recommendation_v2_test,control,black tshirt,,,,
E00002259,app_open,U00389,S0000817,2026-08-12 07:05:00,Australia,mobile,ios,1.0,recommendation_v2_test,treatment,,,,,
E00002260,search,U00389,S0000817,2026-08-12 07:05:37,Australia,mobile,ios,1.0,recommendation_v2_test,treatment,watch,,,,
E00002261,click,U00389,S0000817,2026-08-12 07:07:03,Australia,mobile,ios,1.0,recommendation_v2_test,treatment,watch,P004,,,
E00002262,app_open,U00389,S0000818,2026-08-04 14:53:00,Australia,mobile,ios,1.0,recommendation_v2_test,treatment,,,,,
E00002263,search,U00389,S0000818,2026-08-04 14:53:05,Australia,mobile,ios,1.0,recommendation_v2_test,treatment,running shoes,,,,
E00002264,app_open,U00389,S0000819,2026-08-09 02:46:00,Australia,mobile,ios,1.0,recommendation_v2_test,treatment,,,,,
E00002265,search,U00389,S0000819,2026-08-09 02:46:48,Australia,mobile,ios,1.0,recommendation_v2_test,treatment,watch,,,,
E00002266,click,U00389,S0000819,2026-08-09 02:47:32,Australia,mobile,ios,1.0,recommendation_v2_test,treatment,watch,P003,,,
E00002267,add_to_cart,U00389,S0000819,2026-08-09 02:49:35,Australia,mobile,ios,1.0,recommendation_v2_test,treatment,watch,P003,1.0,3587.23,
E00002268,app_open,U00389,S0000820,2026-08-11 13:12:00,Australia,mobile,ios,1.0,recommendation_v2_test,treatment,,,,,
E00002269,search,U00389,S0000820,2026-08-11 13:12:42,Australia,mobile,ios,1.0,recommendation_v2_test,treatment,black tshirt,,,,
E00002270,app_open,U00389,S0000821,2026-08-13 10:26:00,Australia,mobile,ios,1.0,recommendation_v2_test,treatment,,,,,
E00002271,search,U00389,S0000821,2026-08-13 10:26:14,Australia,mobile,ios,1.0,recommendation_v2_test,treatment,watch,,,,
E00002272,click,U00389,S0000821,2026-08-13 10:26:53,Australia,mobile,ios,1.0,recommendation_v2_test,treatment,watch,P005,,,
E00002273,app_open,U00390,S0000822,2026-08-06 13:32:00,Germany,tablet,ios,1.0,recommendation_v2_test,control,,,,,
E00002274,search,U00390,S0000822,2026-08-06 13:32:20,Germany,tablet,ios,1.0,recommendation_v2_test,control,black tshirt,,,,
E00002275,click,U00390,S0000822,2026-08-06 13:32:44,Germany,tablet,ios,1.0,recommendation_v2_test,control,black tshirt,P006,,,
E00002276,app_open,U00391,S0000823,2026-08-05 17:01:00,Germany,tablet,ios,1.0,recommendation_v2_test,control,,,,,
E00002277,search,U00391,S0000823,2026-08-05 17:01:19,Germany,tablet,ios,1.0,recommendation_v2_test,control,black tshirt,,,,
E00002278,click,U00391,S0000823,2026-08-05 17:02:05,Germany,tablet,ios,1.0,recommendation_v2_test,control,black tshirt,P003,,,
E00002279,add_to_cart,U00391,S0000823,2026-08-05 17:04:08,Germany,tablet,ios,1.0,recommendation_v2_test,control,black tshirt,P003,1.0,4467.7,
E00002280,app_open,U00391,S0000824,2026-08-06 22:11:00,Germany,tablet,ios,1.0,recommendation_v2_test,control,,,,,
E00002281,app_open,U00391,S0000825,2026-08-12 12:17:00,Germany,tablet,ios,1.0,recommendation_v2_test,control,,,,,
E00002282,search,U00391,S0000825,2026-08-12 12:17:59,Germany,tablet,ios,1.0,recommendation_v2_test,control,watch,,,,
E00002283,click,U00391,S0000825,2026-08-12 12:18:40,Germany,tablet,ios,1.0,recommendation_v2_test,control,watch,P004,,,
E00002284,add_to_cart,U00391,S0000825,2026-08-12 12:21:12,Germany,tablet,ios,1.0,recommendation_v2_test,control,watch,P004,1.0,1377.04,
E00002285,purchase,U00391,S0000825,2026-08-12 12:22:39,Germany,tablet,ios,1.0,recommendation_v2_test,control,watch,P004,1.0,1377.04,O0000054
E00002286,app_open,U00391,S0000826,2026-08-04 23:57:00,Germany,tablet,ios,1.0,recommendation_v2_test,control,,,,,
E00002287,search,U00391,S0000826,2026-08-04 23:57:51,Germany,tablet,ios,1.0,recommendation_v2_test,control,sunscreen,,,,
E00002288,click,U00391,S0000826,2026-08-04 23:58:59,Germany,tablet,ios,1.0,recommendation_v2_test,control,sunscreen,P004,,,
E00002289,add_to_cart,U00391,S0000826,2026-08-05 00:01:31,Germany,tablet,ios,1.0,recommendation_v2_test,control,sunscreen,P004,1.0,5613.92,
E00002290,app_open,U00391,S0000827,2026-08-09 04:26:00,Germany,tablet,ios,1.0,recommendation_v2_test,control,,,,,
E00002291,search,U00391,S0000827,2026-08-09 04:26:16,Germany,tablet,ios,1.0,recommendation_v2_test,control,sports shoes,,,,
E00002292,app_open,U00391,S0000828,2026-08-01 15:15:00,Germany,tablet,ios,1.0,recommendation_v2_test,control,,,,,
E00002293,search,U00391,S0000828,2026-08-01 15:15:18,Germany,tablet,ios,1.0,recommendation_v2_test,control,black tshirt,,,,
E00002294,click,U00391,S0000828,2026-08-01 15:16:55,Germany,tablet,ios,1.0,recommendation_v2_test,control,black tshirt,P004,,,
E00002295,app_open,U00392,S0000829,2026-08-07 07:15:00,India,tablet,android,1.1,recommendation_v2_test,treatment,,,,,
E00002296,search,U00392,S0000829,2026-08-07 07:15:37,India,tablet,android,1.1,recommendation_v2_test,treatment,watch,,,,
E00002297,click,U00392,S0000829,2026-08-07 07:16:20,India,tablet,android,1.1,recommendation_v2_test,treatment,watch,P001,,,
E00002298,app_open,U00393,S0000830,2026-08-11 14:55:00,Australia,desktop,ios,1.0,recommendation_v2_test,treatment,,,,,
E00002299,search,U00393,S0000830,2026-08-11 14:55:18,Australia,desktop,ios,1.0,recommendation_v2_test,treatment,watch,,,,
E00002300,app_open,U00393,S0000831,2026-08-08 20:51:00,Australia,desktop,ios,1.0,recommendation_v2_test,treatment,,,,,
E00002301,search,U00393,S0000831,2026-08-08 20:51:12,Australia,desktop,ios,1.0,recommendation_v2_test,treatment,running shoes,,,,
E00002302,click,U00393,S0000831,2026-08-08 20:51:37,Australia,desktop,ios,1.0,recommendation_v2_test,treatment,running shoes,P006,,,
E00002303,app_open,U00393,S0000832,2026-08-04 19:35:00,Australia,desktop,ios,1.0,recommendation_v2_test,treatment,,,,,
E00002304,search,U00393,S0000832,2026-08-04 19:35:58,Australia,desktop,ios,1.0,recommendation_v2_test,treatment,watch,,,,
E00002305,click,U00393,S0000832,2026-08-04 19:37:07,Australia,desktop,ios,1.0,recommendation_v2_test,treatment,watch,P003,,,
E00002306,add_to_cart,U00393,S0000832,2026-08-04 19:38:03,Australia,desktop,ios,1.0,recommendation_v2_test,treatment,watch,P003,1.0,2185.36,
E00002307,app_open,U00394,S0000833,2026-08-14 19:17:00,Germany,mobile,web,1.1,recommendation_v2_test,control,,,,,
E00002308,search,U00394,S0000833,2026-08-14 19:17:13,Germany,mobile,web,1.1,recommendation_v2_test,control,sports shoes,,,,
E00002309,click,U00394,S0000833,2026-08-14 19:18:18,Germany,mobile,web,1.1,recommendation_v2_test,control,sports shoes,P001,,,
E00002310,add_to_cart,U00394,S0000833,2026-08-14 19:20:07,Germany,mobile,web,1.1,recommendation_v2_test,control,sports shoes,P001,1.0,2112.18,
E00002311,purchase,U00394,S0000833,2026-08-14 19:23:23,Germany,mobile,web,1.1,recommendation_v2_test,control,sports shoes,P001,1.0,2112.18,O0000055
E00002312,app_open,U00395,S0000834,2026-08-14 00:55:00,Germany,mobile,web,1.1,recommendation_v2_test,treatment,,,,,
E00002313,search,U00395,S0000834,2026-08-14 00:55:39,Germany,mobile,web,1.1,recommendation_v2_test,treatment,sunscreen,,,,
E00002314,app_open,U00395,S0000835,2026-08-02 00:22:00,Germany,mobile,web,1.1,recommendation_v2_test,treatment,,,,,
E00002315,search,U00395,S0000835,2026-08-02 00:22:43,Germany,mobile,web,1.1,recommendation_v2_test,treatment,sunscreen,,,,
E00002316,app_open,U00396,S0000836,2026-08-05 04:13:00,UK,mobile,web,1.0,recommendation_v2_test,treatment,,,,,
E00002317,search,U00396,S0000836,2026-08-05 04:13:46,UK,mobile,web,1.0,recommendation_v2_test,treatment,running shoes,,,,
E00002318,click,U00396,S0000836,2026-08-05 04:15:01,UK,mobile,web,1.0,recommendation_v2_test,treatment,running shoes,P002,,,
E00002319,app_open,U00397,S0000837,2026-08-10 03:19:00,Australia,tablet,ios,1.0,recommendation_v2_test,control,,,,,
E00002320,search,U00397,S0000837,2026-08-10 03:19:38,Australia,tablet,ios,1.0,recommendation_v2_test,control,sports shoes,,,,
E00002321,click,U00397,S0000837,2026-08-10 03:21:31,Australia,tablet,ios,1.0,recommendation_v2_test,control,sports shoes,P002,,,
E00002322,app_open,U00397,S0000838,2026-08-05 20:52:00,Australia,tablet,ios,1.0,recommendation_v2_test,control,,,,,
E00002323,search,U00397,S0000838,2026-08-05 20:52:18,Australia,tablet,ios,1.0,recommendation_v2_test,control,running shoes,,,,
E00002324,app_open,U00397,S0000839,2026-08-11 03:02:00,Australia,tablet,ios,1.0,recommendation_v2_test,control,,,,,
E00002325,search,U00397,S0000839,2026-08-11 03:02:05,Australia,tablet,ios,1.0,recommendation_v2_test,control,sports shoes,,,,
E00002326,app_open,U00398,S0000840,2026-08-04 18:22:00,UK,tablet,android,1.0,recommendation_v2_test,treatment,,,,,
E00002327,search,U00398,S0000840,2026-08-04 18:22:17,UK,tablet,android,1.0,recommendation_v2_test,treatment,sunscreen,,,,
E00002328,click,U00398,S0000840,2026-08-04 18:22:37,UK,tablet,android,1.0,recommendation_v2_test,treatment,sunscreen,P003,,,
E00002329,app_open,U00399,S0000841,2026-08-09 19:39:00,UK,mobile,web,1.1,recommendation_v2_test,control,,,,,
E00002330,search,U00399,S0000841,2026-08-09 19:39:34,UK,mobile,web,1.1,recommendation_v2_test,control,sunscreen,,,,
E00002331,app_open,U00399,S0000842,2026-08-06 20:01:00,UK,mobile,web,1.1,recommendation_v2_test,control,,,,,
E00002332,search,U00399,S0000842,2026-08-06 20:01:27,UK,mobile,web,1.1,recommendation_v2_test,control,sports shoes,,,,
E00002333,click,U00399,S0000842,2026-08-06 20:01:56,UK,mobile,web,1.1,recommendation_v2_test,control,sports shoes,P004,,,
E00002334,add_to_cart,U00399,S0000842,2026-08-06 20:02:11,UK,mobile,web,1.1,recommendation_v2_test,control,sports shoes,P004,1.0,4322.56,
E00002335,app_open,U00399,S0000843,2026-08-08 10:54:00,UK,mobile,web,1.1,recommendation_v2_test,control,,,,,
E00002336,search,U00399,S0000843,2026-08-08 10:54:49,UK,mobile,web,1.1,recommendation_v2_test,control,sunscreen,,,,
E00002337,click,U00399,S0000843,2026-08-08 10:56:48,UK,mobile,web,1.1,recommendation_v2_test,control,sunscreen,P004,,,
E00002338,app_open,U00400,S0000844,2026-08-03 08:02:00,Australia,tablet,android,1.0,recommendation_v2_test,treatment,,,,,
E00002339,search,U00400,S0000844,2026-08-03 08:02:10,Australia,tablet,android,1.0,recommendation_v2_test,treatment,watch,,,,
E00002340,app_open,U00401,S0000845,2026-08-11 20:23:00,UK,tablet,android,1.0,recommendation_v2_test,treatment,,,,,
E00002341,search,U00401,S0000845,2026-08-11 20:23:08,UK,tablet,android,1.0,recommendation_v2_test,treatment,sunscreen,,,,
E00002342,click,U00401,S0000845,2026-08-11 20:23:40,UK,tablet,android,1.0,recommendation_v2_test,treatment,sunscreen,P001,,,
E00002343,app_open,U00401,S0000846,2026-08-02 11:07:00,UK,tablet,android,1.0,recommendation_v2_test,treatment,,,,,
E00002344,search,U00401,S0000846,2026-08-02 11:07:57,UK,tablet,android,1.0,recommendation_v2_test,treatment,sunscreen,,,,
E00002345,click,U00401,S0000846,2026-08-02 11:09:29,UK,tablet,android,1.0,recommendation_v2_test,treatment,sunscreen,P002,,,
E00002346,add_to_cart,U00401,S0000846,2026-08-02 11:12:16,UK,tablet,android,1.0,recommendation_v2_test,treatment,sunscreen,P002,1.0,1072.64,
E00002347,app_open,U00401,S0000847,2026-08-03 16:28:00,UK,tablet,android,1.0,recommendation_v2_test,treatment,,,,,
E00002348,search,U00401,S0000847,2026-08-03 16:28:58,UK,tablet,android,1.0,recommendation_v2_test,treatment,black tshirt,,,,
E00002349,click,U00401,S0000847,2026-08-03 16:30:27,UK,tablet,android,1.0,recommendation_v2_test,treatment,black tshirt,P002,,,
E00002350,add_to_cart,U00401,S0000847,2026-08-03 16:32:32,UK,tablet,android,1.0,recommendation_v2_test,treatment,black tshirt,P002,1.0,4952.09,
E00002351,app_open,U00401,S0000848,2026-08-04 17:02:00,UK,tablet,android,1.0,recommendation_v2_test,treatment,,,,,
E00002352,search,U00401,S0000848,2026-08-04 17:02:41,UK,tablet,android,1.0,recommendation_v2_test,treatment,sports shoes,,,,
E00002353,app_open,U00402,S0000849,2026-08-04 12:38:00,UK,tablet,web,1.0,recommendation_v2_test,control,,,,,
E00002354,search,U00402,S0000849,2026-08-04 12:38:44,UK,tablet,web,1.0,recommendation_v2_test,control,running shoes,,,,
E00002355,click,U00402,S0000849,2026-08-04 12:39:22,UK,tablet,web,1.0,recommendation_v2_test,control,running shoes,P005,,,
E00002356,add_to_cart,U00402,S0000849,2026-08-04 12:41:17,UK,tablet,web,1.0,recommendation_v2_test,control,running shoes,P005,1.0,3567.99,
E00002357,app_open,U00402,S0000850,2026-08-13 19:35:00,UK,tablet,web,1.0,recommendation_v2_test,control,,,,,
E00002358,search,U00402,S0000850,2026-08-13 19:35:41,UK,tablet,web,1.0,recommendation_v2_test,control,sports shoes,,,,
E00002359,app_open,U00402,S0000851,2026-08-12 02:26:00,UK,tablet,web,1.0,recommendation_v2_test,control,,,,,
E00002360,search,U00402,S0000851,2026-08-12 02:26:54,UK,tablet,web,1.0,recommendation_v2_test,control,black tshirt,,,,
E00002361,app_open,U00402,S0000852,2026-08-02 15:01:00,UK,tablet,web,1.0,recommendation_v2_test,control,,,,,
E00002362,search,U00402,S0000852,2026-08-02 15:01:14,UK,tablet,web,1.0,recommendation_v2_test,control,sunscreen,,,,
E00002363,app_open,U00402,S0000853,2026-08-13 06:23:00,UK,tablet,web,1.0,recommendation_v2_test,control,,,,,
E00002364,search,U00402,S0000853,2026-08-13 06:23:34,UK,tablet,web,1.0,recommendation_v2_test,control,watch,,,,
E00002365,app_open,U00403,S0000854,2026-08-07 00:54:00,India,mobile,ios,1.0,recommendation_v2_test,treatment,,,,,
E00002366,search,U00403,S0000854,2026-08-07 00:54:42,India,mobile,ios,1.0,recommendation_v2_test,treatment,sports shoes,,,,
E00002367,app_open,U00403,S0000855,2026-08-06 00:02:00,India,mobile,ios,1.0,recommendation_v2_test,treatment,,,,,
E00002368,search,U00403,S0000855,2026-08-06 00:02:10,India,mobile,ios,1.0,recommendation_v2_test,treatment,watch,,,,
E00002369,click,U00403,S0000855,2026-08-06 00:02:35,India,mobile,ios,1.0,recommendation_v2_test,treatment,watch,P006,,,
E00002370,app_open,U00403,S0000856,2026-08-07 08:09:00,India,mobile,ios,1.0,recommendation_v2_test,treatment,,,,,
E00002371,search,U00403,S0000856,2026-08-07 08:09:54,India,mobile,ios,1.0,recommendation_v2_test,treatment,sports shoes,,,,
E00002372,app_open,U00403,S0000857,2026-08-14 19:07:00,India,mobile,ios,1.0,recommendation_v2_test,treatment,,,,,
E00002373,search,U00403,S0000857,2026-08-14 19:07:33,India,mobile,ios,1.0,recommendation_v2_test,treatment,black tshirt,,,,
E00002374,app_open,U00404,S0000858,2026-08-08 06:03:00,Germany,desktop,android,1.0,recommendation_v2_test,control,,,,,
E00002375,search,U00404,S0000858,2026-08-08 06:03:59,Germany,desktop,android,1.0,recommendation_v2_test,control,watch,,,,
E00002376,app_open,U00404,S0000859,2026-08-06 10:19:00,Germany,desktop,android,1.0,recommendation_v2_test,control,,,,,
E00002377,search,U00404,S0000859,2026-08-06 10:19:56,Germany,desktop,android,1.0,recommendation_v2_test,control,sports shoes,,,,
E00002378,click,U00404,S0000859,2026-08-06 10:21:45,Germany,desktop,android,1.0,recommendation_v2_test,control,sports shoes,P002,,,
E00002379,add_to_cart,U00404,S0000859,2026-08-06 10:23:33,Germany,desktop,android,1.0,recommendation_v2_test,control,sports shoes,P002,1.0,1996.65,
E00002380,purchase,U00404,S0000859,2026-08-06 10:27:14,Germany,desktop,android,1.0,recommendation_v2_test,control,sports shoes,P002,1.0,1996.65,O0000056
E00002381,app_open,U00405,S0000860,2026-08-02 10:30:00,UK,desktop,web,1.0,recommendation_v2_test,treatment,,,,,
E00002382,search,U00405,S0000860,2026-08-02 10:30:26,UK,desktop,web,1.0,recommendation_v2_test,treatment,watch,,,,
E00002383,click,U00405,S0000860,2026-08-02 10:32:00,UK,desktop,web,1.0,recommendation_v2_test,treatment,watch,P006,,,
E00002384,app_open,U00405,S0000861,2026-08-11 12:47:00,UK,desktop,web,1.0,recommendation_v2_test,treatment,,,,,
E00002385,search,U00405,S0000861,2026-08-11 12:47:07,UK,desktop,web,1.0,recommendation_v2_test,treatment,running shoes,,,,
E00002386,click,U00405,S0000861,2026-08-11 12:47:25,UK,desktop,web,1.0,recommendation_v2_test,treatment,running shoes,P005,,,
E00002387,app_open,U00406,S0000862,2026-08-11 17:16:00,UK,desktop,web,1.1,recommendation_v2_test,treatment,,,,,
E00002388,search,U00406,S0000862,2026-08-11 17:16:48,UK,desktop,web,1.1,recommendation_v2_test,treatment,watch,,,,
E00002389,click,U00406,S0000862,2026-08-11 17:17:42,UK,desktop,web,1.1,recommendation_v2_test,treatment,watch,P005,,,
E00002390,app_open,U00406,S0000863,2026-08-12 18:44:00,UK,desktop,web,1.1,recommendation_v2_test,treatment,,,,,
E00002391,search,U00406,S0000863,2026-08-12 18:44:38,UK,desktop,web,1.1,recommendation_v2_test,treatment,sports shoes,,,,
E00002392,app_open,U00407,S0000864,2026-08-08 16:20:00,India,mobile,ios,1.1,recommendation_v2_test,treatment,,,,,
E00002393,search,U00407,S0000864,2026-08-08 16:20:16,India,mobile,ios,1.1,recommendation_v2_test,treatment,black tshirt,,,,
E00002394,app_open,U00407,S0000865,2026-08-02 13:52:00,India,mobile,ios,1.1,recommendation_v2_test,treatment,,,,,
E00002395,search,U00407,S0000865,2026-08-02 13:52:42,India,mobile,ios,1.1,recommendation_v2_test,treatment,black tshirt,,,,
E00002396,app_open,U00407,S0000866,2026-08-14 13:17:00,India,mobile,ios,1.1,recommendation_v2_test,treatment,,,,,
E00002397,search,U00407,S0000866,2026-08-14 13:17:33,India,mobile,ios,1.1,recommendation_v2_test,treatment,sports shoes,,,,
E00002398,app_open,U00408,S0000867,2026-08-01 15:13:00,India,tablet,web,1.1,recommendation_v2_test,treatment,,,,,
E00002399,search,U00408,S0000867,2026-08-01 15:13:12,India,tablet,web,1.1,recommendation_v2_test,treatment,watch,,,,
E00002400,app_open,U00408,S0000868,2026-08-13 09:29:00,India,tablet,web,1.1,recommendation_v2_test,treatment,,,,,
E00002401,search,U00408,S0000868,2026-08-13 09:29:14,India,tablet,web,1.1,recommendation_v2_test,treatment,black tshirt,,,,
E00002402,app_open,U00408,S0000869,2026-08-08 11:27:00,India,tablet,web,1.1,recommendation_v2_test,treatment,,,,,
E00002403,search,U00408,S0000869,2026-08-08 11:27:07,India,tablet,web,1.1,recommendation_v2_test,treatment,watch,,,,
E00002404,click,U00408,S0000869,2026-08-08 11:28:56,India,tablet,web,1.1,recommendation_v2_test,treatment,watch,P005,,,
E00002405,app_open,U00409,S0000870,2026-08-09 16:06:00,Australia,mobile,web,1.1,recommendation_v2_test,treatment,,,,,
E00002406,search,U00409,S0000870,2026-08-09 16:06:17,Australia,mobile,web,1.1,recommendation_v2_test,treatment,running shoes,,,,
E00002407,click,U00409,S0000870,2026-08-09 16:07:08,Australia,mobile,web,1.1,recommendation_v2_test,treatment,running shoes,P006,,,
E00002408,app_open,U00409,S0000871,2026-08-05 03:48:00,Australia,mobile,web,1.1,recommendation_v2_test,treatment,,,,,
E00002409,search,U00409,S0000871,2026-08-05 03:48:41,Australia,mobile,web,1.1,recommendation_v2_test,treatment,sports shoes,,,,
E00002410,click,U00409,S0000871,2026-08-05 03:48:51,Australia,mobile,web,1.1,recommendation_v2_test,treatment,sports shoes,P006,,,
E00002411,app_open,U00409,S0000872,2026-08-06 02:50:00,Australia,mobile,web,1.1,recommendation_v2_test,treatment,,,,,
E00002412,search,U00409,S0000872,2026-08-06 02:50:25,Australia,mobile,web,1.1,recommendation_v2_test,treatment,sports shoes,,,,
E00002413,click,U00409,S0000872,2026-08-06 02:51:07,Australia,mobile,web,1.1,recommendation_v2_test,treatment,sports shoes,P002,,,
E00002414,add_to_cart,U00409,S0000872,2026-08-06 02:53:49,Australia,mobile,web,1.1,recommendation_v2_test,treatment,sports shoes,P002,1.0,2798.06,
E00002415,purchase,U00409,S0000872,2026-08-06 02:57:40,Australia,mobile,web,1.1,recommendation_v2_test,treatment,sports shoes,P002,1.0,2798.06,O0000057
E00002416,app_open,U00410,S0000873,2026-08-14 02:53:00,Germany,mobile,ios,1.0,recommendation_v2_test,control,,,,,
E00002417,search,U00410,S0000873,2026-08-14 02:53:39,Germany,mobile,ios,1.0,recommendation_v2_test,control,watch,,,,
E00002418,click,U00410,S0000873,2026-08-14 02:55:23,Germany,mobile,ios,1.0,recommendation_v2_test,control,watch,P006,,,
E00002419,app_open,U00411,S0000874,2026-08-02 23:44:00,India,tablet,android,1.0,recommendation_v2_test,treatment,,,,,
E00002420,search,U00411,S0000874,2026-08-02 23:44:40,India,tablet,android,1.0,recommendation_v2_test,treatment,sunscreen,,,,
E00002421,click,U00411,S0000874,2026-08-02 23:46:26,India,tablet,android,1.0,recommendation_v2_test,treatment,sunscreen,P005,,,
E00002422,app_open,U00411,S0000875,2026-08-14 12:02:00,India,tablet,android,1.0,recommendation_v2_test,treatment,,,,,
E00002423,search,U00411,S0000875,2026-08-14 12:02:29,India,tablet,android,1.0,recommendation_v2_test,treatment,black tshirt,,,,
E00002424,click,U00411,S0000875,2026-08-14 12:04:15,India,tablet,android,1.0,recommendation_v2_test,treatment,black tshirt,P004,,,
E00002425,app_open,U00412,S0000876,2026-08-04 22:10:00,India,desktop,android,1.1,recommendation_v2_test,control,,,,,
E00002426,app_open,U00413,S0000877,2026-08-12 22:02:00,Germany,tablet,web,1.0,recommendation_v2_test,control,,,,,
E00002427,search,U00413,S0000877,2026-08-12 22:02:35,Germany,tablet,web,1.0,recommendation_v2_test,control,black tshirt,,,,
E00002428,app_open,U00414,S0000878,2026-08-02 03:50:00,India,tablet,web,1.1,recommendation_v2_test,control,,,,,
E00002429,search,U00414,S0000878,2026-08-02 03:50:48,India,tablet,web,1.1,recommendation_v2_test,control,sunscreen,,,,
E00002430,click,U00414,S0000878,2026-08-02 03:51:03,India,tablet,web,1.1,recommendation_v2_test,control,sunscreen,P003,,,
E00002431,app_open,U00414,S0000879,2026-08-06 16:11:00,India,tablet,web,1.1,recommendation_v2_test,control,,,,,
E00002432,search,U00414,S0000879,2026-08-06 16:11:20,India,tablet,web,1.1,recommendation_v2_test,control,running shoes,,,,
E00002433,click,U00414,S0000879,2026-08-06 16:12:13,India,tablet,web,1.1,recommendation_v2_test,control,running shoes,P004,,,
E00002434,app_open,U00415,S0000880,2026-08-03 20:27:00,Germany,tablet,android,1.0,recommendation_v2_test,treatment,,,,,
E00002435,search,U00415,S0000880,2026-08-03 20:27:32,Germany,tablet,android,1.0,recommendation_v2_test,treatment,running shoes,,,,
E00002436,click,U00415,S0000880,2026-08-03 20:27:37,Germany,tablet,android,1.0,recommendation_v2_test,treatment,running shoes,P002,,,
E00002437,add_to_cart,U00415,S0000880,2026-08-03 20:28:24,Germany,tablet,android,1.0,recommendation_v2_test,treatment,running shoes,P002,1.0,4845.26,
E00002438,purchase,U00415,S0000880,2026-08-03 20:30:04,Germany,tablet,android,1.0,recommendation_v2_test,treatment,running shoes,P002,1.0,4845.26,O0000058
E00002439,app_open,U00415,S0000881,2026-08-04 13:24:00,Germany,tablet,android,1.0,recommendation_v2_test,treatment,,,,,
E00002440,search,U00415,S0000881,2026-08-04 13:24:24,Germany,tablet,android,1.0,recommendation_v2_test,treatment,running shoes,,,,
E00002441,app_open,U00415,S0000882,2026-08-11 16:39:00,Germany,tablet,android,1.0,recommendation_v2_test,treatment,,,,,
E00002442,search,U00415,S0000882,2026-08-11 16:39:24,Germany,tablet,android,1.0,recommendation_v2_test,treatment,watch,,,,
E00002443,click,U00415,S0000882,2026-08-11 16:40:57,Germany,tablet,android,1.0,recommendation_v2_test,treatment,watch,P003,,,
E00002444,add_to_cart,U00415,S0000882,2026-08-11 16:42:02,Germany,tablet,android,1.0,recommendation_v2_test,treatment,watch,P003,1.0,4444.24,
E00002445,purchase,U00415,S0000882,2026-08-11 16:45:44,Germany,tablet,android,1.0,recommendation_v2_test,treatment,watch,P003,1.0,4444.24,O0000059
E00002446,app_open,U00415,S0000883,2026-08-02 10:04:00,Germany,tablet,android,1.0,recommendation_v2_test,treatment,,,,,
E00002447,search,U00415,S0000883,2026-08-02 10:04:44,Germany,tablet,android,1.0,recommendation_v2_test,treatment,sunscreen,,,,
E00002448,click,U00415,S0000883,2026-08-02 10:05:47,Germany,tablet,android,1.0,recommendation_v2_test,treatment,sunscreen,P001,,,
E00002449,add_to_cart,U00415,S0000883,2026-08-02 10:07:54,Germany,tablet,android,1.0,recommendation_v2_test,treatment,sunscreen,P001,1.0,1304.67,
E00002450,purchase,U00415,S0000883,2026-08-02 10:11:41,Germany,tablet,android,1.0,recommendation_v2_test,treatment,sunscreen,P001,1.0,1304.67,O0000060
E00002451,app_open,U00416,S0000884,2026-08-11 20:14:00,UK,desktop,web,1.1,recommendation_v2_test,treatment,,,,,
E00002452,search,U00416,S0000884,2026-08-11 20:14:34,UK,desktop,web,1.1,recommendation_v2_test,treatment,watch,,,,
E00002453,click,U00416,S0000884,2026-08-11 20:16:06,UK,desktop,web,1.1,recommendation_v2_test,treatment,watch,P002,,,
E00002454,app_open,U00417,S0000885,2026-08-03 19:54:00,UK,desktop,ios,1.0,recommendation_v2_test,treatment,,,,,
E00002455,search,U00417,S0000885,2026-08-03 19:54:12,UK,desktop,ios,1.0,recommendation_v2_test,treatment,running shoes,,,,
E00002456,app_open,U00417,S0000886,2026-08-11 15:57:00,UK,desktop,ios,1.0,recommendation_v2_test,treatment,,,,,
E00002457,search,U00417,S0000886,2026-08-11 15:57:55,UK,desktop,ios,1.0,recommendation_v2_test,treatment,running shoes,,,,
E00002458,app_open,U00417,S0000887,2026-08-12 21:27:00,UK,desktop,ios,1.0,recommendation_v2_test,treatment,,,,,
E00002459,search,U00417,S0000887,2026-08-12 21:27:48,UK,desktop,ios,1.0,recommendation_v2_test,treatment,black tshirt,,,,
E00002460,app_open,U00418,S0000888,2026-08-06 20:08:00,UK,mobile,ios,1.0,recommendation_v2_test,treatment,,,,,
E00002461,search,U00418,S0000888,2026-08-06 20:08:17,UK,mobile,ios,1.0,recommendation_v2_test,treatment,running shoes,,,,
E00002462,click,U00418,S0000888,2026-08-06 20:08:58,UK,mobile,ios,1.0,recommendation_v2_test,treatment,running shoes,P006,,,
E00002463,app_open,U00418,S0000889,2026-08-06 08:39:00,UK,mobile,ios,1.0,recommendation_v2_test,treatment,,,,,
E00002464,search,U00418,S0000889,2026-08-06 08:39:36,UK,mobile,ios,1.0,recommendation_v2_test,treatment,black tshirt,,,,
E00002465,click,U00418,S0000889,2026-08-06 08:40:48,UK,mobile,ios,1.0,recommendation_v2_test,treatment,black tshirt,P003,,,
E00002466,app_open,U00419,S0000890,2026-08-02 06:06:00,Germany,desktop,android,1.1,recommendation_v2_test,control,,,,,
E00002467,search,U00419,S0000890,2026-08-02 06:06:18,Germany,desktop,android,1.1,recommendation_v2_test,control,running shoes,,,,
E00002468,app_open,U00419,S0000891,2026-08-02 05:13:00,Germany,desktop,android,1.1,recommendation_v2_test,control,,,,,
E00002469,search,U00419,S0000891,2026-08-02 05:13:53,Germany,desktop,android,1.1,recommendation_v2_test,control,running shoes,,,,
E00002470,click,U00419,S0000891,2026-08-02 05:14:46,Germany,desktop,android,1.1,recommendation_v2_test,control,running shoes,P002,,,
E00002471,app_open,U00419,S0000892,2026-08-03 23:29:00,Germany,desktop,android,1.1,recommendation_v2_test,control,,,,,
E00002472,search,U00419,S0000892,2026-08-03 23:29:58,Germany,desktop,android,1.1,recommendation_v2_test,control,sunscreen,,,,
E00002473,app_open,U00420,S0000893,2026-08-02 07:32:00,UK,desktop,web,1.0,recommendation_v2_test,treatment,,,,,
E00002474,app_open,U00420,S0000894,2026-08-03 08:43:00,UK,desktop,web,1.0,recommendation_v2_test,treatment,,,,,
E00002475,search,U00420,S0000894,2026-08-03 08:43:30,UK,desktop,web,1.0,recommendation_v2_test,treatment,watch,,,,
E00002476,app_open,U00421,S0000895,2026-08-08 18:27:00,Germany,tablet,ios,1.0,recommendation_v2_test,control,,,,,
E00002477,app_open,U00421,S0000896,2026-08-07 08:05:00,Germany,tablet,ios,1.0,recommendation_v2_test,control,,,,,
E00002478,search,U00421,S0000896,2026-08-07 08:05:50,Germany,tablet,ios,1.0,recommendation_v2_test,control,sports shoes,,,,
E00002479,app_open,U00422,S0000897,2026-08-11 07:30:00,India,tablet,ios,1.1,recommendation_v2_test,control,,,,,
E00002480,app_open,U00423,S0000898,2026-08-14 17:31:00,India,desktop,web,1.1,recommendation_v2_test,control,,,,,
E00002481,search,U00423,S0000898,2026-08-14 17:31:11,India,desktop,web,1.1,recommendation_v2_test,control,sunscreen,,,,
E00002482,click,U00423,S0000898,2026-08-14 17:32:22,India,desktop,web,1.1,recommendation_v2_test,control,sunscreen,P005,,,
E00002483,app_open,U00423,S0000899,2026-08-08 21:56:00,India,desktop,web,1.1,recommendation_v2_test,control,,,,,
E00002484,search,U00423,S0000899,2026-08-08 21:56:56,India,desktop,web,1.1,recommendation_v2_test,control,watch,,,,
E00002485,click,U00423,S0000899,2026-08-08 21:58:00,India,desktop,web,1.1,recommendation_v2_test,control,watch,P002,,,
E00002486,app_open,U00423,S0000900,2026-08-04 13:47:00,India,desktop,web,1.1,recommendation_v2_test,control,,,,,
E00002487,search,U00423,S0000900,2026-08-04 13:47:23,India,desktop,web,1.1,recommendation_v2_test,control,black tshirt,,,,
E00002488,click,U00423,S0000900,2026-08-04 13:48:46,India,desktop,web,1.1,recommendation_v2_test,control,black tshirt,P002,,,
E00002489,add_to_cart,U00423,S0000900,2026-08-04 13:50:16,India,desktop,web,1.1,recommendation_v2_test,control,black tshirt,P002,1.0,1761.37,
E00002490,app_open,U00423,S0000901,2026-08-01 11:42:00,India,desktop,web,1.1,recommendation_v2_test,control,,,,,
E00002491,search,U00423,S0000901,2026-08-01 11:42:35,India,desktop,web,1.1,recommendation_v2_test,control,sunscreen,,,,
E00002492,app_open,U00424,S0000902,2026-08-06 03:16:00,India,tablet,ios,1.0,recommendation_v2_test,control,,,,,
E00002493,search,U00424,S0000902,2026-08-06 03:16:42,India,tablet,ios,1.0,recommendation_v2_test,control,sunscreen,,,,
E00002494,click,U00424,S0000902,2026-08-06 03:17:08,India,tablet,ios,1.0,recommendation_v2_test,control,sunscreen,P003,,,
E00002495,app_open,U00424,S0000903,2026-08-11 07:40:00,India,tablet,ios,1.0,recommendation_v2_test,control,,,,,
E00002496,search,U00424,S0000903,2026-08-11 07:40:16,India,tablet,ios,1.0,recommendation_v2_test,control,running shoes,,,,
E00002497,click,U00424,S0000903,2026-08-11 07:41:01,India,tablet,ios,1.0,recommendation_v2_test,control,running shoes,P006,,,
E00002498,add_to_cart,U00424,S0000903,2026-08-11 07:41:50,India,tablet,ios,1.0,recommendation_v2_test,control,running shoes,P006,1.0,1196.2,
E00002499,app_open,U00425,S0000904,2026-08-06 06:02:00,UK,mobile,web,1.0,recommendation_v2_test,control,,,,,
E00002500,search,U00425,S0000904,2026-08-06 06:02:42,UK,mobile,web,1.0,recommendation_v2_test,control,sunscreen,,,,
E00002501,app_open,U00426,S0000905,2026-08-02 03:06:00,UK,desktop,web,1.0,recommendation_v2_test,control,,,,,
E00002502,search,U00426,S0000905,2026-08-02 03:06:20,UK,desktop,web,1.0,recommendation_v2_test,control,sports shoes,,,,
E00002503,click,U00426,S0000905,2026-08-02 03:07:41,UK,desktop,web,1.0,recommendation_v2_test,control,sports shoes,P003,,,
E00002504,app_open,U00426,S0000906,2026-08-08 12:30:00,UK,desktop,web,1.0,recommendation_v2_test,control,,,,,
E00002505,search,U00426,S0000906,2026-08-08 12:30:43,UK,desktop,web,1.0,recommendation_v2_test,control,watch,,,,
E00002506,app_open,U00426,S0000907,2026-08-13 07:01:00,UK,desktop,web,1.0,recommendation_v2_test,control,,,,,
E00002507,search,U00426,S0000907,2026-08-13 07:01:29,UK,desktop,web,1.0,recommendation_v2_test,control,sunscreen,,,,
E00002508,app_open,U00427,S0000908,2026-08-14 23:38:00,India,mobile,android,1.1,recommendation_v2_test,control,,,,,
E00002509,app_open,U00427,S0000909,2026-08-13 04:23:00,India,mobile,android,1.1,recommendation_v2_test,control,,,,,
E00002510,search,U00427,S0000909,2026-08-13 04:23:07,India,mobile,android,1.1,recommendation_v2_test,control,sports shoes,,,,
E00002511,click,U00427,S0000909,2026-08-13 04:24:03,India,mobile,android,1.1,recommendation_v2_test,control,sports shoes,P004,,,
E00002512,add_to_cart,U00427,S0000909,2026-08-13 04:24:42,India,mobile,android,1.1,recommendation_v2_test,control,sports shoes,P004,1.0,1722.81,
E00002513,app_open,U00427,S0000910,2026-08-01 00:20:00,India,mobile,android,1.1,recommendation_v2_test,control,,,,,
E00002514,search,U00427,S0000910,2026-08-01 00:20:18,India,mobile,android,1.1,recommendation_v2_test,control,watch,,,,
E00002515,click,U00427,S0000910,2026-08-01 00:21:01,India,mobile,android,1.1,recommendation_v2_test,control,watch,P003,,,
E00002516,app_open,U00428,S0000911,2026-08-03 08:10:00,Australia,desktop,web,1.0,recommendation_v2_test,control,,,,,
E00002517,search,U00428,S0000911,2026-08-03 08:10:07,Australia,desktop,web,1.0,recommendation_v2_test,control,black tshirt,,,,
E00002518,app_open,U00429,S0000912,2026-08-03 02:32:00,UK,tablet,android,1.0,recommendation_v2_test,treatment,,,,,
E00002519,app_open,U00429,S0000913,2026-08-02 05:52:00,UK,tablet,android,1.0,recommendation_v2_test,treatment,,,,,
E00002520,search,U00429,S0000913,2026-08-02 05:52:32,UK,tablet,android,1.0,recommendation_v2_test,treatment,black tshirt,,,,
E00002521,click,U00429,S0000913,2026-08-02 05:53:47,UK,tablet,android,1.0,recommendation_v2_test,treatment,black tshirt,P003,,,
E00002522,add_to_cart,U00429,S0000913,2026-08-02 05:54:40,UK,tablet,android,1.0,recommendation_v2_test,treatment,black tshirt,P003,1.0,2294.16,
E00002523,app_open,U00429,S0000914,2026-08-03 19:51:00,UK,tablet,android,1.0,recommendation_v2_test,treatment,,,,,
E00002524,search,U00429,S0000914,2026-08-03 19:51:13,UK,tablet,android,1.0,recommendation_v2_test,treatment,black tshirt,,,,
E00002525,click,U00429,S0000914,2026-08-03 19:51:53,UK,tablet,android,1.0,recommendation_v2_test,treatment,black tshirt,P001,,,
E00002526,add_to_cart,U00429,S0000914,2026-08-03 19:54:47,UK,tablet,android,1.0,recommendation_v2_test,treatment,black tshirt,P001,1.0,2801.08,
E00002527,purchase,U00429,S0000914,2026-08-03 19:57:04,UK,tablet,android,1.0,recommendation_v2_test,treatment,black tshirt,P001,1.0,2801.08,O0000061
E00002528,app_open,U00429,S0000915,2026-08-03 00:59:00,UK,tablet,android,1.0,recommendation_v2_test,treatment,,,,,
E00002529,search,U00429,S0000915,2026-08-03 00:59:51,UK,tablet,android,1.0,recommendation_v2_test,treatment,black tshirt,,,,
E00002530,app_open,U00430,S0000916,2026-08-08 20:55:00,India,tablet,ios,1.0,recommendation_v2_test,treatment,,,,,
E00002531,search,U00430,S0000916,2026-08-08 20:55:39,India,tablet,ios,1.0,recommendation_v2_test,treatment,watch,,,,
E00002532,click,U00430,S0000916,2026-08-08 20:56:38,India,tablet,ios,1.0,recommendation_v2_test,treatment,watch,P006,,,
E00002533,app_open,U00431,S0000917,2026-08-09 13:30:00,UK,desktop,android,1.0,recommendation_v2_test,treatment,,,,,
E00002534,search,U00431,S0000917,2026-08-09 13:30:45,UK,desktop,android,1.0,recommendation_v2_test,treatment,watch,,,,
E00002535,click,U00431,S0000917,2026-08-09 13:31:21,UK,desktop,android,1.0,recommendation_v2_test,treatment,watch,P003,,,
E00002536,add_to_cart,U00431,S0000917,2026-08-09 13:34:14,UK,desktop,android,1.0,recommendation_v2_test,treatment,watch,P003,1.0,860.16,
E00002537,app_open,U00431,S0000918,2026-08-02 07:13:00,UK,desktop,android,1.0,recommendation_v2_test,treatment,,,,,
E00002538,search,U00431,S0000918,2026-08-02 07:13:20,UK,desktop,android,1.0,recommendation_v2_test,treatment,running shoes,,,,
E00002539,click,U00431,S0000918,2026-08-02 07:13:47,UK,desktop,android,1.0,recommendation_v2_test,treatment,running shoes,P003,,,
E00002540,app_open,U00432,S0000919,2026-08-05 03:21:00,Germany,tablet,ios,1.0,recommendation_v2_test,treatment,,,,,
E00002541,search,U00432,S0000919,2026-08-05 03:21:14,Germany,tablet,ios,1.0,recommendation_v2_test,treatment,sunscreen,,,,
E00002542,click,U00432,S0000919,2026-08-05 03:21:57,Germany,tablet,ios,1.0,recommendation_v2_test,treatment,sunscreen,P005,,,
E00002543,app_open,U00432,S0000920,2026-08-11 16:51:00,Germany,tablet,ios,1.0,recommendation_v2_test,treatment,,,,,
E00002544,search,U00432,S0000920,2026-08-11 16:51:52,Germany,tablet,ios,1.0,recommendation_v2_test,treatment,watch,,,,
E00002545,app_open,U00433,S0000921,2026-08-06 23:28:00,Germany,desktop,ios,1.0,recommendation_v2_test,control,,,,,
E00002546,search,U00433,S0000921,2026-08-06 23:28:36,Germany,desktop,ios,1.0,recommendation_v2_test,control,watch,,,,
E00002547,click,U00433,S0000921,2026-08-06 23:29:00,Germany,desktop,ios,1.0,recommendation_v2_test,control,watch,P002,,,
E00002548,app_open,U00433,S0000922,2026-08-14 09:59:00,Germany,desktop,ios,1.0,recommendation_v2_test,control,,,,,
E00002549,search,U00433,S0000922,2026-08-14 09:59:25,Germany,desktop,ios,1.0,recommendation_v2_test,control,black tshirt,,,,
E00002550,click,U00433,S0000922,2026-08-14 09:59:51,Germany,desktop,ios,1.0,recommendation_v2_test,control,black tshirt,P001,,,
E00002551,add_to_cart,U00433,S0000922,2026-08-14 10:00:10,Germany,desktop,ios,1.0,recommendation_v2_test,control,black tshirt,P001,1.0,916.05,
E00002552,app_open,U00434,S0000923,2026-08-12 12:58:00,India,mobile,web,1.1,recommendation_v2_test,control,,,,,
E00002553,search,U00434,S0000923,2026-08-12 12:58:49,India,mobile,web,1.1,recommendation_v2_test,control,sunscreen,,,,
E00002554,app_open,U00434,S0000924,2026-08-02 06:59:00,India,mobile,web,1.1,recommendation_v2_test,control,,,,,
E00002555,search,U00434,S0000924,2026-08-02 06:59:19,India,mobile,web,1.1,recommendation_v2_test,control,watch,,,,
E00002556,app_open,U00434,S0000925,2026-08-02 14:26:00,India,mobile,web,1.1,recommendation_v2_test,control,,,,,
E00002557,app_open,U00434,S0000926,2026-08-02 11:45:00,India,mobile,web,1.1,recommendation_v2_test,control,,,,,
E00002558,search,U00434,S0000926,2026-08-02 11:45:18,India,mobile,web,1.1,recommendation_v2_test,control,sunscreen,,,,
E00002559,click,U00434,S0000926,2026-08-02 11:46:17,India,mobile,web,1.1,recommendation_v2_test,control,sunscreen,P004,,,
E00002560,add_to_cart,U00434,S0000926,2026-08-02 11:47:24,India,mobile,web,1.1,recommendation_v2_test,control,sunscreen,P004,1.0,4653.78,
E00002561,app_open,U00434,S0000927,2026-08-05 07:42:00,India,mobile,web,1.1,recommendation_v2_test,control,,,,,
E00002562,search,U00434,S0000927,2026-08-05 07:42:19,India,mobile,web,1.1,recommendation_v2_test,control,black tshirt,,,,
E00002563,click,U00434,S0000927,2026-08-05 07:42:56,India,mobile,web,1.1,recommendation_v2_test,control,black tshirt,P003,,,
E00002564,add_to_cart,U00434,S0000927,2026-08-05 07:45:31,India,mobile,web,1.1,recommendation_v2_test,control,black tshirt,P003,1.0,4836.24,
E00002565,app_open,U00434,S0000928,2026-08-04 11:07:00,India,mobile,web,1.1,recommendation_v2_test,control,,,,,
E00002566,search,U00434,S0000928,2026-08-04 11:07:39,India,mobile,web,1.1,recommendation_v2_test,control,black tshirt,,,,
E00002567,click,U00434,S0000928,2026-08-04 11:08:21,India,mobile,web,1.1,recommendation_v2_test,control,black tshirt,P006,,,
E00002568,app_open,U00434,S0000929,2026-08-02 08:30:00,India,mobile,web,1.1,recommendation_v2_test,control,,,,,
E00002569,search,U00434,S0000929,2026-08-02 08:30:37,India,mobile,web,1.1,recommendation_v2_test,control,running shoes,,,,
E00002570,app_open,U00435,S0000930,2026-08-01 02:24:00,India,desktop,ios,1.0,recommendation_v2_test,treatment,,,,,
E00002571,search,U00435,S0000930,2026-08-01 02:24:53,India,desktop,ios,1.0,recommendation_v2_test,treatment,black tshirt,,,,
E00002572,click,U00435,S0000930,2026-08-01 02:26:16,India,desktop,ios,1.0,recommendation_v2_test,treatment,black tshirt,P004,,,
E00002573,app_open,U00436,S0000931,2026-08-13 07:28:00,Germany,desktop,ios,1.0,recommendation_v2_test,control,,,,,
E00002574,search,U00436,S0000931,2026-08-13 07:28:42,Germany,desktop,ios,1.0,recommendation_v2_test,control,sunscreen,,,,
E00002575,click,U00436,S0000931,2026-08-13 07:28:48,Germany,desktop,ios,1.0,recommendation_v2_test,control,sunscreen,P003,,,
E00002576,add_to_cart,U00436,S0000931,2026-08-13 07:29:11,Germany,desktop,ios,1.0,recommendation_v2_test,control,sunscreen,P003,1.0,634.29,
E00002577,purchase,U00436,S0000931,2026-08-13 07:34:03,Germany,desktop,ios,1.0,recommendation_v2_test,control,sunscreen,P003,1.0,634.29,O0000062
E00002578,app_open,U00436,S0000932,2026-08-12 16:39:00,Germany,desktop,ios,1.0,recommendation_v2_test,control,,,,,
E00002579,search,U00436,S0000932,2026-08-12 16:39:35,Germany,desktop,ios,1.0,recommendation_v2_test,control,sunscreen,,,,
E00002580,app_open,U00437,S0000933,2026-08-09 22:20:00,India,tablet,ios,1.1,recommendation_v2_test,control,,,,,
E00002581,search,U00437,S0000933,2026-08-09 22:20:47,India,tablet,ios,1.1,recommendation_v2_test,control,sunscreen,,,,
E00002582,app_open,U00438,S0000934,2026-08-08 16:25:00,Germany,mobile,android,1.1,recommendation_v2_test,control,,,,,
E00002583,app_open,U00438,S0000935,2026-08-01 23:24:00,Germany,mobile,android,1.1,recommendation_v2_test,control,,,,,
E00002584,search,U00438,S0000935,2026-08-01 23:24:51,Germany,mobile,android,1.1,recommendation_v2_test,control,running shoes,,,,
E00002585,click,U00438,S0000935,2026-08-01 23:25:50,Germany,mobile,android,1.1,recommendation_v2_test,control,running shoes,P003,,,
E00002586,app_open,U00438,S0000936,2026-08-14 10:40:00,Germany,mobile,android,1.1,recommendation_v2_test,control,,,,,
E00002587,search,U00438,S0000936,2026-08-14 10:40:44,Germany,mobile,android,1.1,recommendation_v2_test,control,sports shoes,,,,
E00002588,click,U00438,S0000936,2026-08-14 10:42:20,Germany,mobile,android,1.1,recommendation_v2_test,control,sports shoes,P004,,,
E00002589,app_open,U00439,S0000937,2026-08-09 21:29:00,Australia,mobile,ios,1.1,recommendation_v2_test,control,,,,,
E00002590,search,U00439,S0000937,2026-08-09 21:29:50,Australia,mobile,ios,1.1,recommendation_v2_test,control,watch,,,,
E00002591,app_open,U00439,S0000938,2026-08-04 22:10:00,Australia,mobile,ios,1.1,recommendation_v2_test,control,,,,,
E00002592,search,U00439,S0000938,2026-08-04 22:10:58,Australia,mobile,ios,1.1,recommendation_v2_test,control,black tshirt,,,,
E00002593,click,U00439,S0000938,2026-08-04 22:12:00,Australia,mobile,ios,1.1,recommendation_v2_test,control,black tshirt,P002,,,
E00002594,app_open,U00440,S0000939,2026-08-14 02:16:00,India,tablet,android,1.0,recommendation_v2_test,control,,,,,
E00002595,app_open,U00441,S0000940,2026-08-06 12:25:00,UK,mobile,ios,1.1,recommendation_v2_test,control,,,,,
E00002596,search,U00441,S0000940,2026-08-06 12:25:51,UK,mobile,ios,1.1,recommendation_v2_test,control,watch,,,,
E00002597,app_open,U00442,S0000941,2026-08-02 05:01:00,India,desktop,ios,1.1,recommendation_v2_test,treatment,,,,,
E00002598,search,U00442,S0000941,2026-08-02 05:01:07,India,desktop,ios,1.1,recommendation_v2_test,treatment,running shoes,,,,
E00002599,click,U00442,S0000941,2026-08-02 05:02:11,India,desktop,ios,1.1,recommendation_v2_test,treatment,running shoes,P001,,,
E00002600,add_to_cart,U00442,S0000941,2026-08-02 05:03:45,India,desktop,ios,1.1,recommendation_v2_test,treatment,running shoes,P001,1.0,4844.12,
E00002601,app_open,U00442,S0000942,2026-08-13 20:12:00,India,desktop,ios,1.1,recommendation_v2_test,treatment,,,,,
E00002602,app_open,U00442,S0000943,2026-08-05 10:16:00,India,desktop,ios,1.1,recommendation_v2_test,treatment,,,,,
E00002603,search,U00442,S0000943,2026-08-05 10:16:24,India,desktop,ios,1.1,recommendation_v2_test,treatment,sunscreen,,,,
E00002604,app_open,U00443,S0000944,2026-08-04 15:39:00,Germany,tablet,web,1.0,recommendation_v2_test,treatment,,,,,
E00002605,search,U00443,S0000944,2026-08-04 15:39:52,Germany,tablet,web,1.0,recommendation_v2_test,treatment,running shoes,,,,
E00002606,click,U00443,S0000944,2026-08-04 15:40:09,Germany,tablet,web,1.0,recommendation_v2_test,treatment,running shoes,P006,,,
E00002607,app_open,U00443,S0000945,2026-08-09 10:20:00,Germany,tablet,web,1.0,recommendation_v2_test,treatment,,,,,
E00002608,search,U00443,S0000945,2026-08-09 10:20:57,Germany,tablet,web,1.0,recommendation_v2_test,treatment,sports shoes,,,,
E00002609,app_open,U00444,S0000946,2026-08-07 04:32:00,Australia,mobile,web,1.0,recommendation_v2_test,control,,,,,
E00002610,search,U00444,S0000946,2026-08-07 04:32:28,Australia,mobile,web,1.0,recommendation_v2_test,control,sunscreen,,,,
E00002611,click,U00444,S0000946,2026-08-07 04:33:57,Australia,mobile,web,1.0,recommendation_v2_test,control,sunscreen,P005,,,
E00002612,add_to_cart,U00444,S0000946,2026-08-07 04:34:44,Australia,mobile,web,1.0,recommendation_v2_test,control,sunscreen,P005,1.0,3762.38,
E00002613,app_open,U00444,S0000947,2026-08-12 16:57:00,Australia,mobile,web,1.0,recommendation_v2_test,control,,,,,
E00002614,search,U00444,S0000947,2026-08-12 16:57:33,Australia,mobile,web,1.0,recommendation_v2_test,control,sports shoes,,,,
E00002615,click,U00444,S0000947,2026-08-12 16:58:56,Australia,mobile,web,1.0,recommendation_v2_test,control,sports shoes,P005,,,
E00002616,add_to_cart,U00444,S0000947,2026-08-12 17:00:02,Australia,mobile,web,1.0,recommendation_v2_test,control,sports shoes,P005,1.0,4154.11,
E00002617,app_open,U00444,S0000948,2026-08-04 11:52:00,Australia,mobile,web,1.0,recommendation_v2_test,control,,,,,
E00002618,search,U00444,S0000948,2026-08-04 11:52:23,Australia,mobile,web,1.0,recommendation_v2_test,control,watch,,,,
E00002619,click,U00444,S0000948,2026-08-04 11:54:07,Australia,mobile,web,1.0,recommendation_v2_test,control,watch,P006,,,
E00002620,app_open,U00445,S0000949,2026-08-12 05:01:00,UK,desktop,web,1.0,recommendation_v2_test,treatment,,,,,
E00002621,search,U00445,S0000949,2026-08-12 05:01:18,UK,desktop,web,1.0,recommendation_v2_test,treatment,sports shoes,,,,
E00002622,app_open,U00445,S0000950,2026-08-11 16:05:00,UK,desktop,web,1.0,recommendation_v2_test,treatment,,,,,
E00002623,search,U00445,S0000950,2026-08-11 16:05:20,UK,desktop,web,1.0,recommendation_v2_test,treatment,watch,,,,
E00002624,click,U00445,S0000950,2026-08-11 16:06:19,UK,desktop,web,1.0,recommendation_v2_test,treatment,watch,P003,,,
E00002625,app_open,U00446,S0000951,2026-08-03 20:22:00,Australia,mobile,ios,1.1,recommendation_v2_test,treatment,,,,,
E00002626,search,U00446,S0000951,2026-08-03 20:22:19,Australia,mobile,ios,1.1,recommendation_v2_test,treatment,watch,,,,
E00002627,app_open,U00447,S0000952,2026-08-05 15:19:00,India,desktop,ios,1.1,recommendation_v2_test,treatment,,,,,
E00002628,search,U00447,S0000952,2026-08-05 15:19:10,India,desktop,ios,1.1,recommendation_v2_test,treatment,sunscreen,,,,
E00002629,click,U00447,S0000952,2026-08-05 15:19:24,India,desktop,ios,1.1,recommendation_v2_test,treatment,sunscreen,P004,,,
E00002630,app_open,U00448,S0000953,2026-08-13 08:05:00,UK,tablet,ios,1.0,recommendation_v2_test,treatment,,,,,
E00002631,search,U00448,S0000953,2026-08-13 08:05:20,UK,tablet,ios,1.0,recommendation_v2_test,treatment,watch,,,,
E00002632,click,U00448,S0000953,2026-08-13 08:06:55,UK,tablet,ios,1.0,recommendation_v2_test,treatment,watch,P006,,,
E00002633,app_open,U00448,S0000954,2026-08-10 11:53:00,UK,tablet,ios,1.0,recommendation_v2_test,treatment,,,,,
E00002634,search,U00448,S0000954,2026-08-10 11:53:50,UK,tablet,ios,1.0,recommendation_v2_test,treatment,running shoes,,,,
E00002635,click,U00448,S0000954,2026-08-10 11:54:19,UK,tablet,ios,1.0,recommendation_v2_test,treatment,running shoes,P003,,,
E00002636,app_open,U00448,S0000955,2026-08-03 07:41:00,UK,tablet,ios,1.0,recommendation_v2_test,treatment,,,,,
E00002637,search,U00448,S0000955,2026-08-03 07:41:42,UK,tablet,ios,1.0,recommendation_v2_test,treatment,black tshirt,,,,
E00002638,click,U00448,S0000955,2026-08-03 07:42:13,UK,tablet,ios,1.0,recommendation_v2_test,treatment,black tshirt,P002,,,
E00002639,add_to_cart,U00448,S0000955,2026-08-03 07:44:28,UK,tablet,ios,1.0,recommendation_v2_test,treatment,black tshirt,P002,1.0,3178.59,
E00002640,app_open,U00449,S0000956,2026-08-08 02:21:00,UK,mobile,web,1.0,recommendation_v2_test,control,,,,,
E00002641,search,U00449,S0000956,2026-08-08 02:21:12,UK,mobile,web,1.0,recommendation_v2_test,control,black tshirt,,,,
E00002642,click,U00449,S0000956,2026-08-08 02:21:59,UK,mobile,web,1.0,recommendation_v2_test,control,black tshirt,P004,,,
E00002643,app_open,U00449,S0000957,2026-08-09 08:09:00,UK,mobile,web,1.0,recommendation_v2_test,control,,,,,
E00002644,search,U00449,S0000957,2026-08-09 08:09:36,UK,mobile,web,1.0,recommendation_v2_test,control,sports shoes,,,,
E00002645,click,U00449,S0000957,2026-08-09 08:11:30,UK,mobile,web,1.0,recommendation_v2_test,control,sports shoes,P003,,,
E00002646,app_open,U00449,S0000958,2026-08-08 18:33:00,UK,mobile,web,1.0,recommendation_v2_test,control,,,,,
E00002647,search,U00449,S0000958,2026-08-08 18:33:53,UK,mobile,web,1.0,recommendation_v2_test,control,sports shoes,,,,
E00002648,app_open,U00449,S0000959,2026-08-05 15:55:00,UK,mobile,web,1.0,recommendation_v2_test,control,,,,,
E00002649,search,U00449,S0000959,2026-08-05 15:55:53,UK,mobile,web,1.0,recommendation_v2_test,control,running shoes,,,,
E00002650,click,U00449,S0000959,2026-08-05 15:56:03,UK,mobile,web,1.0,recommendation_v2_test,control,running shoes,P005,,,
E00002651,app_open,U00450,S0000960,2026-08-05 13:30:00,India,mobile,web,1.0,recommendation_v2_test,treatment,,,,,
E00002652,search,U00450,S0000960,2026-08-05 13:30:14,India,mobile,web,1.0,recommendation_v2_test,treatment,sunscreen,,,,
E00002653,click,U00450,S0000960,2026-08-05 13:31:06,India,mobile,web,1.0,recommendation_v2_test,treatment,sunscreen,P004,,,
E00002654,add_to_cart,U00450,S0000960,2026-08-05 13:33:28,India,mobile,web,1.0,recommendation_v2_test,treatment,sunscreen,P004,1.0,1686.41,
E00002655,app_open,U00450,S0000961,2026-08-03 22:41:00,India,mobile,web,1.0,recommendation_v2_test,treatment,,,,,
E00002656,search,U00450,S0000961,2026-08-03 22:41:25,India,mobile,web,1.0,recommendation_v2_test,treatment,watch,,,,
E00002657,click,U00450,S0000961,2026-08-03 22:42:21,India,mobile,web,1.0,recommendation_v2_test,treatment,watch,P006,,,
E00002658,app_open,U00450,S0000962,2026-08-13 23:05:00,India,mobile,web,1.0,recommendation_v2_test,treatment,,,,,
E00002659,search,U00450,S0000962,2026-08-13 23:05:51,India,mobile,web,1.0,recommendation_v2_test,treatment,sports shoes,,,,
E00002660,click,U00450,S0000962,2026-08-13 23:06:26,India,mobile,web,1.0,recommendation_v2_test,treatment,sports shoes,P003,,,
E00002661,app_open,U00450,S0000963,2026-08-06 15:44:00,India,mobile,web,1.0,recommendation_v2_test,treatment,,,,,
E00002662,search,U00450,S0000963,2026-08-06 15:44:46,India,mobile,web,1.0,recommendation_v2_test,treatment,running shoes,,,,
E00002663,click,U00450,S0000963,2026-08-06 15:45:21,India,mobile,web,1.0,recommendation_v2_test,treatment,running shoes,P004,,,
E00002664,add_to_cart,U00450,S0000963,2026-08-06 15:48:19,India,mobile,web,1.0,recommendation_v2_test,treatment,running shoes,P004,1.0,5152.95,
E00002665,app_open,U00451,S0000964,2026-08-11 23:06:00,Germany,desktop,web,1.1,recommendation_v2_test,control,,,,,
E00002666,search,U00451,S0000964,2026-08-11 23:06:45,Germany,desktop,web,1.1,recommendation_v2_test,control,black tshirt,,,,
E00002667,click,U00451,S0000964,2026-08-11 23:07:58,Germany,desktop,web,1.1,recommendation_v2_test,control,black tshirt,P003,,,
E00002668,app_open,U00451,S0000965,2026-08-02 18:43:00,Germany,desktop,web,1.1,recommendation_v2_test,control,,,,,
E00002669,search,U00451,S0000965,2026-08-02 18:43:54,Germany,desktop,web,1.1,recommendation_v2_test,control,sunscreen,,,,
E00002670,click,U00451,S0000965,2026-08-02 18:45:10,Germany,desktop,web,1.1,recommendation_v2_test,control,sunscreen,P001,,,
E00002671,app_open,U00451,S0000966,2026-08-05 20:26:00,Germany,desktop,web,1.1,recommendation_v2_test,control,,,,,
E00002672,search,U00451,S0000966,2026-08-05 20:26:30,Germany,desktop,web,1.1,recommendation_v2_test,control,watch,,,,
E00002673,click,U00451,S0000966,2026-08-05 20:27:35,Germany,desktop,web,1.1,recommendation_v2_test,control,watch,P005,,,
E00002674,add_to_cart,U00451,S0000966,2026-08-05 20:30:32,Germany,desktop,web,1.1,recommendation_v2_test,control,watch,P005,1.0,3513.34,
E00002675,app_open,U00451,S0000967,2026-08-04 07:23:00,Germany,desktop,web,1.1,recommendation_v2_test,control,,,,,
E00002676,app_open,U00452,S0000968,2026-08-10 10:53:00,UK,desktop,android,1.1,recommendation_v2_test,control,,,,,
E00002677,search,U00452,S0000968,2026-08-10 10:53:43,UK,desktop,android,1.1,recommendation_v2_test,control,black tshirt,,,,
E00002678,click,U00452,S0000968,2026-08-10 10:55:26,UK,desktop,android,1.1,recommendation_v2_test,control,black tshirt,P003,,,
E00002679,app_open,U00453,S0000969,2026-08-04 20:04:00,Australia,tablet,ios,1.1,recommendation_v2_test,treatment,,,,,
E00002680,search,U00453,S0000969,2026-08-04 20:04:50,Australia,tablet,ios,1.1,recommendation_v2_test,treatment,running shoes,,,,
E00002681,app_open,U00454,S0000970,2026-08-12 23:50:00,India,mobile,web,1.1,recommendation_v2_test,treatment,,,,,
E00002682,search,U00454,S0000970,2026-08-12 23:50:27,India,mobile,web,1.1,recommendation_v2_test,treatment,watch,,,,
E00002683,app_open,U00454,S0000971,2026-08-14 06:56:00,India,mobile,web,1.1,recommendation_v2_test,treatment,,,,,
E00002684,search,U00454,S0000971,2026-08-14 06:56:22,India,mobile,web,1.1,recommendation_v2_test,treatment,black tshirt,,,,
E00002685,app_open,U00454,S0000972,2026-08-01 20:38:00,India,mobile,web,1.1,recommendation_v2_test,treatment,,,,,
E00002686,search,U00454,S0000972,2026-08-01 20:38:39,India,mobile,web,1.1,recommendation_v2_test,treatment,sunscreen,,,,
E00002687,click,U00454,S0000972,2026-08-01 20:40:00,India,mobile,web,1.1,recommendation_v2_test,treatment,sunscreen,P003,,,
E00002688,app_open,U00455,S0000973,2026-08-03 13:56:00,Germany,desktop,web,1.1,recommendation_v2_test,control,,,,,
E00002689,search,U00455,S0000973,2026-08-03 13:56:31,Germany,desktop,web,1.1,recommendation_v2_test,control,watch,,,,
E00002690,click,U00455,S0000973,2026-08-03 13:56:53,Germany,desktop,web,1.1,recommendation_v2_test,control,watch,P006,,,
E00002691,app_open,U00455,S0000974,2026-08-08 01:38:00,Germany,desktop,web,1.1,recommendation_v2_test,control,,,,,
E00002692,search,U00455,S0000974,2026-08-08 01:38:46,Germany,desktop,web,1.1,recommendation_v2_test,control,running shoes,,,,
E00002693,click,U00455,S0000974,2026-08-08 01:39:16,Germany,desktop,web,1.1,recommendation_v2_test,control,running shoes,P004,,,
E00002694,add_to_cart,U00455,S0000974,2026-08-08 01:40:41,Germany,desktop,web,1.1,recommendation_v2_test,control,running shoes,P004,1.0,3287.5,
E00002695,app_open,U00456,S0000975,2026-08-05 21:14:00,India,mobile,android,1.1,recommendation_v2_test,control,,,,,
E00002696,search,U00456,S0000975,2026-08-05 21:14:44,India,mobile,android,1.1,recommendation_v2_test,control,running shoes,,,,
E00002697,app_open,U00457,S0000976,2026-08-06 00:47:00,UK,desktop,android,1.0,recommendation_v2_test,treatment,,,,,
E00002698,search,U00457,S0000976,2026-08-06 00:47:05,UK,desktop,android,1.0,recommendation_v2_test,treatment,black tshirt,,,,
E00002699,click,U00457,S0000976,2026-08-06 00:47:50,UK,desktop,android,1.0,recommendation_v2_test,treatment,black tshirt,P005,,,
E00002700,app_open,U00458,S0000977,2026-08-01 10:51:00,Germany,mobile,ios,1.1,recommendation_v2_test,control,,,,,
E00002701,search,U00458,S0000977,2026-08-01 10:51:57,Germany,mobile,ios,1.1,recommendation_v2_test,control,sunscreen,,,,
E00002702,click,U00458,S0000977,2026-08-01 10:52:08,Germany,mobile,ios,1.1,recommendation_v2_test,control,sunscreen,P004,,,
E00002703,app_open,U00458,S0000978,2026-08-10 08:14:00,Germany,mobile,ios,1.1,recommendation_v2_test,control,,,,,
E00002704,search,U00458,S0000978,2026-08-10 08:14:42,Germany,mobile,ios,1.1,recommendation_v2_test,control,black tshirt,,,,
E00002705,click,U00458,S0000978,2026-08-10 08:15:43,Germany,mobile,ios,1.1,recommendation_v2_test,control,black tshirt,P001,,,
E00002706,app_open,U00459,S0000979,2026-08-11 17:03:00,India,tablet,android,1.1,recommendation_v2_test,control,,,,,
E00002707,search,U00459,S0000979,2026-08-11 17:03:34,India,tablet,android,1.1,recommendation_v2_test,control,running shoes,,,,
E00002708,click,U00459,S0000979,2026-08-11 17:05:20,India,tablet,android,1.1,recommendation_v2_test,control,running shoes,P006,,,
E00002709,app_open,U00459,S0000980,2026-08-14 00:07:00,India,tablet,android,1.1,recommendation_v2_test,control,,,,,
E00002710,search,U00459,S0000980,2026-08-14 00:07:19,India,tablet,android,1.1,recommendation_v2_test,control,black tshirt,,,,
E00002711,click,U00459,S0000980,2026-08-14 00:09:08,India,tablet,android,1.1,recommendation_v2_test,control,black tshirt,P004,,,
E00002712,app_open,U00459,S0000981,2026-08-01 01:33:00,India,tablet,android,1.1,recommendation_v2_test,control,,,,,
E00002713,search,U00459,S0000981,2026-08-01 01:33:18,India,tablet,android,1.1,recommendation_v2_test,control,sunscreen,,,,
E00002714,app_open,U00459,S0000982,2026-08-11 01:43:00,India,tablet,android,1.1,recommendation_v2_test,control,,,,,
E00002715,search,U00459,S0000982,2026-08-11 01:43:53,India,tablet,android,1.1,recommendation_v2_test,control,sunscreen,,,,
E00002716,click,U00459,S0000982,2026-08-11 01:45:45,India,tablet,android,1.1,recommendation_v2_test,control,sunscreen,P003,,,
E00002717,add_to_cart,U00459,S0000982,2026-08-11 01:46:36,India,tablet,android,1.1,recommendation_v2_test,control,sunscreen,P003,1.0,1197.25,
E00002718,app_open,U00459,S0000983,2026-08-13 13:55:00,India,tablet,android,1.1,recommendation_v2_test,control,,,,,
E00002719,search,U00459,S0000983,2026-08-13 13:55:19,India,tablet,android,1.1,recommendation_v2_test,control,black tshirt,,,,
E00002720,app_open,U00460,S0000984,2026-08-09 21:55:00,Germany,mobile,android,1.1,recommendation_v2_test,control,,,,,
E00002721,search,U00460,S0000984,2026-08-09 21:55:39,Germany,mobile,android,1.1,recommendation_v2_test,control,watch,,,,
E00002722,click,U00460,S0000984,2026-08-09 21:56:36,Germany,mobile,android,1.1,recommendation_v2_test,control,watch,P003,,,
E00002723,app_open,U00460,S0000985,2026-08-12 18:27:00,Germany,mobile,android,1.1,recommendation_v2_test,control,,,,,
E00002724,search,U00460,S0000985,2026-08-12 18:27:14,Germany,mobile,android,1.1,recommendation_v2_test,control,sports shoes,,,,
E00002725,click,U00460,S0000985,2026-08-12 18:27:33,Germany,mobile,android,1.1,recommendation_v2_test,control,sports shoes,P006,,,
E00002726,app_open,U00460,S0000986,2026-08-03 08:49:00,Germany,mobile,android,1.1,recommendation_v2_test,control,,,,,
E00002727,search,U00460,S0000986,2026-08-03 08:49:18,Germany,mobile,android,1.1,recommendation_v2_test,control,running shoes,,,,
E00002728,click,U00460,S0000986,2026-08-03 08:49:48,Germany,mobile,android,1.1,recommendation_v2_test,control,running shoes,P005,,,
E00002729,app_open,U00461,S0000987,2026-08-11 13:54:00,Australia,tablet,android,1.1,recommendation_v2_test,control,,,,,
E00002730,search,U00461,S0000987,2026-08-11 13:54:48,Australia,tablet,android,1.1,recommendation_v2_test,control,sunscreen,,,,
E00002731,click,U00461,S0000987,2026-08-11 13:55:17,Australia,tablet,android,1.1,recommendation_v2_test,control,sunscreen,P006,,,
E00002732,add_to_cart,U00461,S0000987,2026-08-11 13:56:59,Australia,tablet,android,1.1,recommendation_v2_test,control,sunscreen,P006,1.0,3849.17,
E00002733,purchase,U00461,S0000987,2026-08-11 14:00:31,Australia,tablet,android,1.1,recommendation_v2_test,control,sunscreen,P006,1.0,3849.17,O0000063
E00002734,app_open,U00461,S0000988,2026-08-09 12:15:00,Australia,tablet,android,1.1,recommendation_v2_test,control,,,,,
E00002735,search,U00461,S0000988,2026-08-09 12:15:48,Australia,tablet,android,1.1,recommendation_v2_test,control,watch,,,,
E00002736,click,U00461,S0000988,2026-08-09 12:15:58,Australia,tablet,android,1.1,recommendation_v2_test,control,watch,P002,,,
E00002737,app_open,U00461,S0000989,2026-08-07 14:11:00,Australia,tablet,android,1.1,recommendation_v2_test,control,,,,,
E00002738,search,U00461,S0000989,2026-08-07 14:11:37,Australia,tablet,android,1.1,recommendation_v2_test,control,black tshirt,,,,
E00002739,app_open,U00461,S0000990,2026-08-11 07:32:00,Australia,tablet,android,1.1,recommendation_v2_test,control,,,,,
E00002740,search,U00461,S0000990,2026-08-11 07:32:58,Australia,tablet,android,1.1,recommendation_v2_test,control,sunscreen,,,,
E00002741,click,U00461,S0000990,2026-08-11 07:34:34,Australia,tablet,android,1.1,recommendation_v2_test,control,sunscreen,P002,,,
E00002742,add_to_cart,U00461,S0000990,2026-08-11 07:35:05,Australia,tablet,android,1.1,recommendation_v2_test,control,sunscreen,P002,1.0,3175.82,
E00002743,app_open,U00461,S0000991,2026-08-03 13:03:00,Australia,tablet,android,1.1,recommendation_v2_test,control,,,,,
E00002744,app_open,U00461,S0000992,2026-08-12 16:31:00,Australia,tablet,android,1.1,recommendation_v2_test,control,,,,,
E00002745,search,U00461,S0000992,2026-08-12 16:31:43,Australia,tablet,android,1.1,recommendation_v2_test,control,running shoes,,,,
E00002746,click,U00461,S0000992,2026-08-12 16:33:21,Australia,tablet,android,1.1,recommendation_v2_test,control,running shoes,P002,,,
E00002747,add_to_cart,U00461,S0000992,2026-08-12 16:36:12,Australia,tablet,android,1.1,recommendation_v2_test,control,running shoes,P002,1.0,2828.05,
E00002748,app_open,U00462,S0000993,2026-08-07 17:09:00,India,mobile,web,1.1,recommendation_v2_test,control,,,,,
E00002749,search,U00462,S0000993,2026-08-07 17:09:49,India,mobile,web,1.1,recommendation_v2_test,control,watch,,,,
E00002750,click,U00462,S0000993,2026-08-07 17:11:03,India,mobile,web,1.1,recommendation_v2_test,control,watch,P001,,,
E00002751,app_open,U00463,S0000994,2026-08-09 16:01:00,Germany,tablet,web,1.0,recommendation_v2_test,control,,,,,
E00002752,search,U00463,S0000994,2026-08-09 16:01:29,Germany,tablet,web,1.0,recommendation_v2_test,control,black tshirt,,,,
E00002753,app_open,U00463,S0000995,2026-08-14 16:46:00,Germany,tablet,web,1.0,recommendation_v2_test,control,,,,,
E00002754,search,U00463,S0000995,2026-08-14 16:46:46,Germany,tablet,web,1.0,recommendation_v2_test,control,watch,,,,
E00002755,click,U00463,S0000995,2026-08-14 16:47:31,Germany,tablet,web,1.0,recommendation_v2_test,control,watch,P006,,,
E00002756,app_open,U00463,S0000996,2026-08-07 17:57:00,Germany,tablet,web,1.0,recommendation_v2_test,control,,,,,
E00002757,search,U00463,S0000996,2026-08-07 17:57:50,Germany,tablet,web,1.0,recommendation_v2_test,control,running shoes,,,,
E00002758,app_open,U00463,S0000997,2026-08-04 14:18:00,Germany,tablet,web,1.0,recommendation_v2_test,control,,,,,
E00002759,search,U00463,S0000997,2026-08-04 14:18:39,Germany,tablet,web,1.0,recommendation_v2_test,control,black tshirt,,,,
E00002760,app_open,U00463,S0000998,2026-08-06 15:26:00,Germany,tablet,web,1.0,recommendation_v2_test,control,,,,,
E00002761,search,U00463,S0000998,2026-08-06 15:26:59,Germany,tablet,web,1.0,recommendation_v2_test,control,watch,,,,
E00002762,click,U00463,S0000998,2026-08-06 15:28:27,Germany,tablet,web,1.0,recommendation_v2_test,control,watch,P005,,,
E00002763,app_open,U00464,S0000999,2026-08-06 05:54:00,India,mobile,android,1.0,recommendation_v2_test,treatment,,,,,
E00002764,search,U00464,S0000999,2026-08-06 05:54:39,India,mobile,android,1.0,recommendation_v2_test,treatment,sports shoes,,,,
E00002765,click,U00464,S0000999,2026-08-06 05:55:33,India,mobile,android,1.0,recommendation_v2_test,treatment,sports shoes,P005,,,
E00002766,app_open,U00465,S0001000,2026-08-07 23:48:00,Australia,mobile,web,1.0,recommendation_v2_test,treatment,,,,,
E00002767,search,U00465,S0001000,2026-08-07 23:48:41,Australia,mobile,web,1.0,recommendation_v2_test,treatment,sunscreen,,,,
E00002768,app_open,U00465,S0001001,2026-08-02 03:04:00,Australia,mobile,web,1.0,recommendation_v2_test,treatment,,,,,
E00002769,search,U00465,S0001001,2026-08-02 03:04:16,Australia,mobile,web,1.0,recommendation_v2_test,treatment,black tshirt,,,,
E00002770,click,U00465,S0001001,2026-08-02 03:04:41,Australia,mobile,web,1.0,recommendation_v2_test,treatment,black tshirt,P003,,,
E00002771,app_open,U00465,S0001002,2026-08-11 05:54:00,Australia,mobile,web,1.0,recommendation_v2_test,treatment,,,,,
E00002772,search,U00465,S0001002,2026-08-11 05:54:11,Australia,mobile,web,1.0,recommendation_v2_test,treatment,black tshirt,,,,
E00002773,app_open,U00466,S0001003,2026-08-12 18:35:00,UK,tablet,android,1.0,recommendation_v2_test,control,,,,,
E00002774,search,U00466,S0001003,2026-08-12 18:35:56,UK,tablet,android,1.0,recommendation_v2_test,control,sunscreen,,,,
E00002775,click,U00466,S0001003,2026-08-12 18:36:12,UK,tablet,android,1.0,recommendation_v2_test,control,sunscreen,P001,,,
E00002776,add_to_cart,U00466,S0001003,2026-08-12 18:39:08,UK,tablet,android,1.0,recommendation_v2_test,control,sunscreen,P001,1.0,906.68,
E00002777,purchase,U00466,S0001003,2026-08-12 18:41:39,UK,tablet,android,1.0,recommendation_v2_test,control,sunscreen,P001,1.0,906.68,O0000064
E00002778,app_open,U00466,S0001004,2026-08-09 21:15:00,UK,tablet,android,1.0,recommendation_v2_test,control,,,,,
E00002779,search,U00466,S0001004,2026-08-09 21:15:17,UK,tablet,android,1.0,recommendation_v2_test,control,sports shoes,,,,
E00002780,click,U00466,S0001004,2026-08-09 21:15:44,UK,tablet,android,1.0,recommendation_v2_test,control,sports shoes,P001,,,
E00002781,add_to_cart,U00466,S0001004,2026-08-09 21:16:43,UK,tablet,android,1.0,recommendation_v2_test,control,sports shoes,P001,1.0,2153.61,
E00002782,purchase,U00466,S0001004,2026-08-09 21:17:33,UK,tablet,android,1.0,recommendation_v2_test,control,sports shoes,P001,1.0,2153.61,O0000065
E00002783,app_open,U00467,S0001005,2026-08-10 08:41:00,Australia,desktop,android,1.0,recommendation_v2_test,treatment,,,,,
E00002784,search,U00467,S0001005,2026-08-10 08:41:49,Australia,desktop,android,1.0,recommendation_v2_test,treatment,sports shoes,,,,
E00002785,click,U00467,S0001005,2026-08-10 08:42:40,Australia,desktop,android,1.0,recommendation_v2_test,treatment,sports shoes,P006,,,
E00002786,app_open,U00467,S0001006,2026-08-06 14:48:00,Australia,desktop,android,1.0,recommendation_v2_test,treatment,,,,,
E00002787,search,U00467,S0001006,2026-08-06 14:48:24,Australia,desktop,android,1.0,recommendation_v2_test,treatment,sunscreen,,,,
E00002788,click,U00467,S0001006,2026-08-06 14:50:22,Australia,desktop,android,1.0,recommendation_v2_test,treatment,sunscreen,P002,,,
E00002789,add_to_cart,U00467,S0001006,2026-08-06 14:52:01,Australia,desktop,android,1.0,recommendation_v2_test,treatment,sunscreen,P002,1.0,1904.2,
E00002790,app_open,U00467,S0001007,2026-08-04 01:58:00,Australia,desktop,android,1.0,recommendation_v2_test,treatment,,,,,
E00002791,search,U00467,S0001007,2026-08-04 01:58:41,Australia,desktop,android,1.0,recommendation_v2_test,treatment,sunscreen,,,,
E00002792,click,U00467,S0001007,2026-08-04 02:00:12,Australia,desktop,android,1.0,recommendation_v2_test,treatment,sunscreen,P006,,,
E00002793,add_to_cart,U00467,S0001007,2026-08-04 02:02:53,Australia,desktop,android,1.0,recommendation_v2_test,treatment,sunscreen,P006,1.0,2651.22,
E00002794,purchase,U00467,S0001007,2026-08-04 02:04:41,Australia,desktop,android,1.0,recommendation_v2_test,treatment,sunscreen,P006,1.0,2651.22,O0000066
E00002795,app_open,U00467,S0001008,2026-08-14 01:05:00,Australia,desktop,android,1.0,recommendation_v2_test,treatment,,,,,
E00002796,search,U00467,S0001008,2026-08-14 01:05:56,Australia,desktop,android,1.0,recommendation_v2_test,treatment,watch,,,,
E00002797,click,U00467,S0001008,2026-08-14 01:06:41,Australia,desktop,android,1.0,recommendation_v2_test,treatment,watch,P002,,,
E00002798,app_open,U00468,S0001009,2026-08-07 15:59:00,India,tablet,android,1.1,recommendation_v2_test,treatment,,,,,
E00002799,search,U00468,S0001009,2026-08-07 15:59:46,India,tablet,android,1.1,recommendation_v2_test,treatment,sunscreen,,,,
E00002800,click,U00468,S0001009,2026-08-07 16:00:55,India,tablet,android,1.1,recommendation_v2_test,treatment,sunscreen,P006,,,
E00002801,app_open,U00469,S0001010,2026-08-05 10:16:00,UK,mobile,web,1.0,recommendation_v2_test,treatment,,,,,
E00002802,search,U00469,S0001010,2026-08-05 10:16:23,UK,mobile,web,1.0,recommendation_v2_test,treatment,sunscreen,,,,
E00002803,app_open,U00470,S0001011,2026-08-05 08:10:00,India,mobile,web,1.1,recommendation_v2_test,treatment,,,,,
E00002804,search,U00470,S0001011,2026-08-05 08:10:35,India,mobile,web,1.1,recommendation_v2_test,treatment,running shoes,,,,
E00002805,click,U00470,S0001011,2026-08-05 08:11:52,India,mobile,web,1.1,recommendation_v2_test,treatment,running shoes,P006,,,
E00002806,app_open,U00470,S0001012,2026-08-02 10:25:00,India,mobile,web,1.1,recommendation_v2_test,treatment,,,,,
E00002807,search,U00470,S0001012,2026-08-02 10:25:38,India,mobile,web,1.1,recommendation_v2_test,treatment,sunscreen,,,,
E00002808,app_open,U00470,S0001013,2026-08-08 09:07:00,India,mobile,web,1.1,recommendation_v2_test,treatment,,,,,
E00002809,search,U00470,S0001013,2026-08-08 09:07:16,India,mobile,web,1.1,recommendation_v2_test,treatment,black tshirt,,,,
E00002810,click,U00470,S0001013,2026-08-08 09:09:08,India,mobile,web,1.1,recommendation_v2_test,treatment,black tshirt,P001,,,
E00002811,app_open,U00471,S0001014,2026-08-13 11:40:00,Australia,mobile,ios,1.1,recommendation_v2_test,control,,,,,
E00002812,search,U00471,S0001014,2026-08-13 11:40:07,Australia,mobile,ios,1.1,recommendation_v2_test,control,black tshirt,,,,
E00002813,app_open,U00471,S0001015,2026-08-11 09:00:00,Australia,mobile,ios,1.1,recommendation_v2_test,control,,,,,
E00002814,search,U00471,S0001015,2026-08-11 09:00:16,Australia,mobile,ios,1.1,recommendation_v2_test,control,sunscreen,,,,
E00002815,click,U00471,S0001015,2026-08-11 09:01:37,Australia,mobile,ios,1.1,recommendation_v2_test,control,sunscreen,P003,,,
E00002816,add_to_cart,U00471,S0001015,2026-08-11 09:04:30,Australia,mobile,ios,1.1,recommendation_v2_test,control,sunscreen,P003,1.0,4069.57,
E00002817,app_open,U00472,S0001016,2026-08-12 01:02:00,UK,tablet,web,1.0,recommendation_v2_test,control,,,,,
E00002818,search,U00472,S0001016,2026-08-12 01:02:59,UK,tablet,web,1.0,recommendation_v2_test,control,watch,,,,
E00002819,click,U00472,S0001016,2026-08-12 01:04:57,UK,tablet,web,1.0,recommendation_v2_test,control,watch,P002,,,
E00002820,add_to_cart,U00472,S0001016,2026-08-12 01:06:31,UK,tablet,web,1.0,recommendation_v2_test,control,watch,P002,1.0,2658.5,
E00002821,app_open,U00473,S0001017,2026-08-13 16:51:00,Germany,tablet,web,1.0,recommendation_v2_test,treatment,,,,,
E00002822,app_open,U00473,S0001018,2026-08-03 17:00:00,Germany,tablet,web,1.0,recommendation_v2_test,treatment,,,,,
E00002823,search,U00473,S0001018,2026-08-03 17:00:48,Germany,tablet,web,1.0,recommendation_v2_test,treatment,sunscreen,,,,
E00002824,click,U00473,S0001018,2026-08-03 17:01:23,Germany,tablet,web,1.0,recommendation_v2_test,treatment,sunscreen,P002,,,
E00002825,app_open,U00473,S0001019,2026-08-06 04:55:00,Germany,tablet,web,1.0,recommendation_v2_test,treatment,,,,,
E00002826,search,U00473,S0001019,2026-08-06 04:55:41,Germany,tablet,web,1.0,recommendation_v2_test,treatment,sports shoes,,,,
E00002827,app_open,U00473,S0001020,2026-08-02 11:05:00,Germany,tablet,web,1.0,recommendation_v2_test,treatment,,,,,
E00002828,search,U00473,S0001020,2026-08-02 11:05:58,Germany,tablet,web,1.0,recommendation_v2_test,treatment,sunscreen,,,,
E00002829,click,U00473,S0001020,2026-08-02 11:06:49,Germany,tablet,web,1.0,recommendation_v2_test,treatment,sunscreen,P003,,,
E00002830,app_open,U00474,S0001021,2026-08-09 06:49:00,Australia,tablet,web,1.0,recommendation_v2_test,treatment,,,,,
E00002831,app_open,U00474,S0001022,2026-08-05 18:56:00,Australia,tablet,web,1.0,recommendation_v2_test,treatment,,,,,
E00002832,search,U00474,S0001022,2026-08-05 18:56:43,Australia,tablet,web,1.0,recommendation_v2_test,treatment,black tshirt,,,,
E00002833,click,U00474,S0001022,2026-08-05 18:58:38,Australia,tablet,web,1.0,recommendation_v2_test,treatment,black tshirt,P005,,,
E00002834,add_to_cart,U00474,S0001022,2026-08-05 19:00:35,Australia,tablet,web,1.0,recommendation_v2_test,treatment,black tshirt,P005,1.0,2600.54,
E00002835,app_open,U00475,S0001023,2026-08-09 08:13:00,UK,desktop,ios,1.0,recommendation_v2_test,control,,,,,
E00002836,search,U00475,S0001023,2026-08-09 08:13:44,UK,desktop,ios,1.0,recommendation_v2_test,control,black tshirt,,,,
E00002837,click,U00475,S0001023,2026-08-09 08:15:37,UK,desktop,ios,1.0,recommendation_v2_test,control,black tshirt,P005,,,
E00002838,app_open,U00476,S0001024,2026-08-09 20:54:00,India,mobile,web,1.1,recommendation_v2_test,treatment,,,,,
E00002839,search,U00476,S0001024,2026-08-09 20:54:14,India,mobile,web,1.1,recommendation_v2_test,treatment,running shoes,,,,
E00002840,click,U00476,S0001024,2026-08-09 20:55:51,India,mobile,web,1.1,recommendation_v2_test,treatment,running shoes,P001,,,
E00002841,app_open,U00476,S0001025,2026-08-03 12:28:00,India,mobile,web,1.1,recommendation_v2_test,treatment,,,,,
E00002842,search,U00476,S0001025,2026-08-03 12:28:46,India,mobile,web,1.1,recommendation_v2_test,treatment,black tshirt,,,,
E00002843,app_open,U00476,S0001026,2026-08-10 18:21:00,India,mobile,web,1.1,recommendation_v2_test,treatment,,,,,
E00002844,search,U00476,S0001026,2026-08-10 18:21:40,India,mobile,web,1.1,recommendation_v2_test,treatment,black tshirt,,,,
E00002845,app_open,U00477,S0001027,2026-08-09 01:21:00,Australia,tablet,android,1.0,recommendation_v2_test,control,,,,,
E00002846,search,U00477,S0001027,2026-08-09 01:21:47,Australia,tablet,android,1.0,recommendation_v2_test,control,sunscreen,,,,
E00002847,click,U00477,S0001027,2026-08-09 01:22:54,Australia,tablet,android,1.0,recommendation_v2_test,control,sunscreen,P002,,,
E00002848,add_to_cart,U00477,S0001027,2026-08-09 01:23:31,Australia,tablet,android,1.0,recommendation_v2_test,control,sunscreen,P002,1.0,5437.07,
E00002849,app_open,U00478,S0001028,2026-08-12 07:05:00,UK,tablet,android,1.1,recommendation_v2_test,treatment,,,,,
E00002850,search,U00478,S0001028,2026-08-12 07:05:33,UK,tablet,android,1.1,recommendation_v2_test,treatment,watch,,,,
E00002851,app_open,U00479,S0001029,2026-08-02 00:24:00,Australia,desktop,ios,1.1,recommendation_v2_test,control,,,,,
E00002852,search,U00479,S0001029,2026-08-02 00:24:48,Australia,desktop,ios,1.1,recommendation_v2_test,control,sunscreen,,,,
E00002853,click,U00479,S0001029,2026-08-02 00:25:49,Australia,desktop,ios,1.1,recommendation_v2_test,control,sunscreen,P005,,,
E00002854,app_open,U00480,S0001030,2026-08-02 18:27:00,India,tablet,web,1.0,recommendation_v2_test,treatment,,,,,
E00002855,search,U00480,S0001030,2026-08-02 18:27:19,India,tablet,web,1.0,recommendation_v2_test,treatment,watch,,,,
E00002856,app_open,U00480,S0001031,2026-08-08 22:00:00,India,tablet,web,1.0,recommendation_v2_test,treatment,,,,,
E00002857,search,U00480,S0001031,2026-08-08 22:00:07,India,tablet,web,1.0,recommendation_v2_test,treatment,sports shoes,,,,
E00002858,click,U00480,S0001031,2026-08-08 22:01:14,India,tablet,web,1.0,recommendation_v2_test,treatment,sports shoes,P006,,,
E00002859,app_open,U00480,S0001032,2026-08-06 02:34:00,India,tablet,web,1.0,recommendation_v2_test,treatment,,,,,
E00002860,search,U00480,S0001032,2026-08-06 02:34:05,India,tablet,web,1.0,recommendation_v2_test,treatment,watch,,,,
E00002861,click,U00480,S0001032,2026-08-06 02:36:03,India,tablet,web,1.0,recommendation_v2_test,treatment,watch,P004,,,
E00002862,add_to_cart,U00480,S0001032,2026-08-06 02:37:19,India,tablet,web,1.0,recommendation_v2_test,treatment,watch,P004,1.0,1456.66,
E00002863,purchase,U00480,S0001032,2026-08-06 02:38:56,India,tablet,web,1.0,recommendation_v2_test,treatment,watch,P004,1.0,1456.66,O0000067
E00002864,app_open,U00481,S0001033,2026-08-02 13:44:00,Germany,desktop,android,1.1,recommendation_v2_test,treatment,,,,,
E00002865,search,U00481,S0001033,2026-08-02 13:44:27,Germany,desktop,android,1.1,recommendation_v2_test,treatment,running shoes,,,,
E00002866,click,U00481,S0001033,2026-08-02 13:45:36,Germany,desktop,android,1.1,recommendation_v2_test,treatment,running shoes,P002,,,
E00002867,add_to_cart,U00481,S0001033,2026-08-02 13:46:10,Germany,desktop,android,1.1,recommendation_v2_test,treatment,running shoes,P002,1.0,3452.67,
E00002868,app_open,U00482,S0001034,2026-08-01 09:52:00,India,mobile,ios,1.1,recommendation_v2_test,treatment,,,,,
E00002869,search,U00482,S0001034,2026-08-01 09:52:23,India,mobile,ios,1.1,recommendation_v2_test,treatment,black tshirt,,,,
E00002870,click,U00482,S0001034,2026-08-01 09:53:59,India,mobile,ios,1.1,recommendation_v2_test,treatment,black tshirt,P005,,,
E00002871,add_to_cart,U00482,S0001034,2026-08-01 09:56:46,India,mobile,ios,1.1,recommendation_v2_test,treatment,black tshirt,P005,1.0,4210.77,
E00002872,purchase,U00482,S0001034,2026-08-01 10:01:08,India,mobile,ios,1.1,recommendation_v2_test,treatment,black tshirt,P005,1.0,4210.77,O0000068
E00002873,app_open,U00482,S0001035,2026-08-03 01:41:00,India,mobile,ios,1.1,recommendation_v2_test,treatment,,,,,
E00002874,search,U00482,S0001035,2026-08-03 01:41:23,India,mobile,ios,1.1,recommendation_v2_test,treatment,black tshirt,,,,
E00002875,app_open,U00482,S0001036,2026-08-12 16:35:00,India,mobile,ios,1.1,recommendation_v2_test,treatment,,,,,
E00002876,search,U00482,S0001036,2026-08-12 16:35:33,India,mobile,ios,1.1,recommendation_v2_test,treatment,sports shoes,,,,
E00002877,app_open,U00482,S0001037,2026-08-01 17:20:00,India,mobile,ios,1.1,recommendation_v2_test,treatment,,,,,
E00002878,app_open,U00482,S0001038,2026-08-08 05:20:00,India,mobile,ios,1.1,recommendation_v2_test,treatment,,,,,
E00002879,app_open,U00483,S0001039,2026-08-09 04:07:00,Germany,tablet,web,1.1,recommendation_v2_test,treatment,,,,,
E00002880,app_open,U00483,S0001040,2026-08-05 22:00:00,Germany,tablet,web,1.1,recommendation_v2_test,treatment,,,,,
E00002881,search,U00483,S0001040,2026-08-05 22:00:42,Germany,tablet,web,1.1,recommendation_v2_test,treatment,sports shoes,,,,
E00002882,click,U00483,S0001040,2026-08-05 22:02:38,Germany,tablet,web,1.1,recommendation_v2_test,treatment,sports shoes,P006,,,
E00002883,app_open,U00483,S0001041,2026-08-07 16:10:00,Germany,tablet,web,1.1,recommendation_v2_test,treatment,,,,,
E00002884,search,U00483,S0001041,2026-08-07 16:10:33,Germany,tablet,web,1.1,recommendation_v2_test,treatment,running shoes,,,,
E00002885,app_open,U00483,S0001042,2026-08-04 20:38:00,Germany,tablet,web,1.1,recommendation_v2_test,treatment,,,,,
E00002886,search,U00483,S0001042,2026-08-04 20:38:33,Germany,tablet,web,1.1,recommendation_v2_test,treatment,sports shoes,,,,
E00002887,app_open,U00484,S0001043,2026-08-13 03:01:00,UK,mobile,ios,1.0,recommendation_v2_test,treatment,,,,,
E00002888,search,U00484,S0001043,2026-08-13 03:01:06,UK,mobile,ios,1.0,recommendation_v2_test,treatment,watch,,,,
E00002889,click,U00484,S0001043,2026-08-13 03:02:55,UK,mobile,ios,1.0,recommendation_v2_test,treatment,watch,P003,,,
E00002890,app_open,U00484,S0001044,2026-08-12 00:06:00,UK,mobile,ios,1.0,recommendation_v2_test,treatment,,,,,
E00002891,search,U00484,S0001044,2026-08-12 00:06:46,UK,mobile,ios,1.0,recommendation_v2_test,treatment,sunscreen,,,,
E00002892,click,U00484,S0001044,2026-08-12 00:07:44,UK,mobile,ios,1.0,recommendation_v2_test,treatment,sunscreen,P004,,,
E00002893,app_open,U00485,S0001045,2026-08-03 12:10:00,Australia,mobile,android,1.0,recommendation_v2_test,treatment,,,,,
E00002894,search,U00485,S0001045,2026-08-03 12:10:07,Australia,mobile,android,1.0,recommendation_v2_test,treatment,sports shoes,,,,
E00002895,click,U00485,S0001045,2026-08-03 12:11:51,Australia,mobile,android,1.0,recommendation_v2_test,treatment,sports shoes,P005,,,
E00002896,add_to_cart,U00485,S0001045,2026-08-03 12:12:27,Australia,mobile,android,1.0,recommendation_v2_test,treatment,sports shoes,P005,1.0,2031.03,
E00002897,app_open,U00485,S0001046,2026-08-02 09:31:00,Australia,mobile,android,1.0,recommendation_v2_test,treatment,,,,,
E00002898,search,U00485,S0001046,2026-08-02 09:31:42,Australia,mobile,android,1.0,recommendation_v2_test,treatment,black tshirt,,,,
E00002899,click,U00485,S0001046,2026-08-02 09:33:28,Australia,mobile,android,1.0,recommendation_v2_test,treatment,black tshirt,P004,,,
E00002900,add_to_cart,U00485,S0001046,2026-08-02 09:35:29,Australia,mobile,android,1.0,recommendation_v2_test,treatment,black tshirt,P004,1.0,5728.63,
E00002901,app_open,U00486,S0001047,2026-08-05 13:08:00,Australia,tablet,android,1.0,recommendation_v2_test,control,,,,,
E00002902,search,U00486,S0001047,2026-08-05 13:08:56,Australia,tablet,android,1.0,recommendation_v2_test,control,running shoes,,,,
E00002903,click,U00486,S0001047,2026-08-05 13:10:20,Australia,tablet,android,1.0,recommendation_v2_test,control,running shoes,P003,,,
E00002904,app_open,U00486,S0001048,2026-08-08 05:18:00,Australia,tablet,android,1.0,recommendation_v2_test,control,,,,,
E00002905,search,U00486,S0001048,2026-08-08 05:18:41,Australia,tablet,android,1.0,recommendation_v2_test,control,running shoes,,,,
E00002906,app_open,U00487,S0001049,2026-08-06 04:51:00,India,tablet,web,1.1,recommendation_v2_test,treatment,,,,,
E00002907,search,U00487,S0001049,2026-08-06 04:51:13,India,tablet,web,1.1,recommendation_v2_test,treatment,black tshirt,,,,
E00002908,click,U00487,S0001049,2026-08-06 04:52:59,India,tablet,web,1.1,recommendation_v2_test,treatment,black tshirt,P006,,,
E00002909,app_open,U00488,S0001050,2026-08-01 20:01:00,India,tablet,android,1.1,recommendation_v2_test,control,,,,,
E00002910,search,U00488,S0001050,2026-08-01 20:01:24,India,tablet,android,1.1,recommendation_v2_test,control,sunscreen,,,,
E00002911,app_open,U00488,S0001051,2026-08-13 11:57:00,India,tablet,android,1.1,recommendation_v2_test,control,,,,,
E00002912,search,U00488,S0001051,2026-08-13 11:57:31,India,tablet,android,1.1,recommendation_v2_test,control,running shoes,,,,
E00002913,app_open,U00489,S0001052,2026-08-09 20:36:00,UK,tablet,ios,1.0,recommendation_v2_test,treatment,,,,,
E00002914,search,U00489,S0001052,2026-08-09 20:36:27,UK,tablet,ios,1.0,recommendation_v2_test,treatment,sports shoes,,,,
E00002915,click,U00489,S0001052,2026-08-09 20:37:13,UK,tablet,ios,1.0,recommendation_v2_test,treatment,sports shoes,P005,,,
E00002916,app_open,U00489,S0001053,2026-08-14 04:20:00,UK,tablet,ios,1.0,recommendation_v2_test,treatment,,,,,
E00002917,search,U00489,S0001053,2026-08-14 04:20:12,UK,tablet,ios,1.0,recommendation_v2_test,treatment,watch,,,,
E00002918,click,U00489,S0001053,2026-08-14 04:21:21,UK,tablet,ios,1.0,recommendation_v2_test,treatment,watch,P005,,,
E00002919,add_to_cart,U00489,S0001053,2026-08-14 04:22:30,UK,tablet,ios,1.0,recommendation_v2_test,treatment,watch,P005,1.0,4018.18,
E00002920,purchase,U00489,S0001053,2026-08-14 04:26:03,UK,tablet,ios,1.0,recommendation_v2_test,treatment,watch,P005,1.0,4018.18,O0000069
E00002921,app_open,U00489,S0001054,2026-08-02 02:05:00,UK,tablet,ios,1.0,recommendation_v2_test,treatment,,,,,
E00002922,search,U00489,S0001054,2026-08-02 02:05:10,UK,tablet,ios,1.0,recommendation_v2_test,treatment,running shoes,,,,
E00002923,click,U00489,S0001054,2026-08-02 02:06:38,UK,tablet,ios,1.0,recommendation_v2_test,treatment,running shoes,P005,,,
E00002924,app_open,U00490,S0001055,2026-08-09 21:07:00,Australia,desktop,android,1.0,recommendation_v2_test,treatment,,,,,
E00002925,search,U00490,S0001055,2026-08-09 21:07:28,Australia,desktop,android,1.0,recommendation_v2_test,treatment,black tshirt,,,,
E00002926,click,U00490,S0001055,2026-08-09 21:07:50,Australia,desktop,android,1.0,recommendation_v2_test,treatment,black tshirt,P003,,,
E00002927,app_open,U00490,S0001056,2026-08-14 05:36:00,Australia,desktop,android,1.0,recommendation_v2_test,treatment,,,,,
E00002928,search,U00490,S0001056,2026-08-14 05:36:32,Australia,desktop,android,1.0,recommendation_v2_test,treatment,watch,,,,
E00002929,click,U00490,S0001056,2026-08-14 05:37:48,Australia,desktop,android,1.0,recommendation_v2_test,treatment,watch,P005,,,
E00002930,add_to_cart,U00490,S0001056,2026-08-14 05:39:18,Australia,desktop,android,1.0,recommendation_v2_test,treatment,watch,P005,1.0,2856.04,
E00002931,purchase,U00490,S0001056,2026-08-14 05:44:00,Australia,desktop,android,1.0,recommendation_v2_test,treatment,watch,P005,1.0,2856.04,O0000070
E00002932,app_open,U00491,S0001057,2026-08-05 12:45:00,UK,desktop,ios,1.1,recommendation_v2_test,control,,,,,
E00002933,search,U00491,S0001057,2026-08-05 12:45:39,UK,desktop,ios,1.1,recommendation_v2_test,control,sunscreen,,,,
E00002934,app_open,U00491,S0001058,2026-08-04 21:31:00,UK,desktop,ios,1.1,recommendation_v2_test,control,,,,,
E00002935,search,U00491,S0001058,2026-08-04 21:31:16,UK,desktop,ios,1.1,recommendation_v2_test,control,sunscreen,,,,
E00002936,click,U00491,S0001058,2026-08-04 21:31:48,UK,desktop,ios,1.1,recommendation_v2_test,control,sunscreen,P004,,,
E00002937,app_open,U00492,S0001059,2026-08-07 00:17:00,Australia,desktop,android,1.1,recommendation_v2_test,treatment,,,,,
E00002938,search,U00492,S0001059,2026-08-07 00:17:15,Australia,desktop,android,1.1,recommendation_v2_test,treatment,sports shoes,,,,
E00002939,click,U00492,S0001059,2026-08-07 00:18:59,Australia,desktop,android,1.1,recommendation_v2_test,treatment,sports shoes,P004,,,
E00002940,app_open,U00493,S0001060,2026-08-01 18:36:00,Australia,tablet,ios,1.1,recommendation_v2_test,treatment,,,,,
E00002941,search,U00493,S0001060,2026-08-01 18:36:36,Australia,tablet,ios,1.1,recommendation_v2_test,treatment,sports shoes,,,,
E00002942,click,U00493,S0001060,2026-08-01 18:37:02,Australia,tablet,ios,1.1,recommendation_v2_test,treatment,sports shoes,P003,,,
E00002943,app_open,U00493,S0001061,2026-08-11 18:01:00,Australia,tablet,ios,1.1,recommendation_v2_test,treatment,,,,,
E00002944,search,U00493,S0001061,2026-08-11 18:01:24,Australia,tablet,ios,1.1,recommendation_v2_test,treatment,black tshirt,,,,
E00002945,click,U00493,S0001061,2026-08-11 18:02:56,Australia,tablet,ios,1.1,recommendation_v2_test,treatment,black tshirt,P002,,,
E00002946,add_to_cart,U00493,S0001061,2026-08-11 18:03:38,Australia,tablet,ios,1.1,recommendation_v2_test,treatment,black tshirt,P002,1.0,895.39,
E00002947,app_open,U00494,S0001062,2026-08-06 17:16:00,India,tablet,web,1.1,recommendation_v2_test,control,,,,,
E00002948,search,U00494,S0001062,2026-08-06 17:16:07,India,tablet,web,1.1,recommendation_v2_test,control,black tshirt,,,,
E00002949,app_open,U00495,S0001063,2026-08-12 22:53:00,Germany,desktop,web,1.1,recommendation_v2_test,control,,,,,
E00002950,search,U00495,S0001063,2026-08-12 22:53:49,Germany,desktop,web,1.1,recommendation_v2_test,control,sunscreen,,,,
E00002951,app_open,U00495,S0001064,2026-08-10 17:29:00,Germany,desktop,web,1.1,recommendation_v2_test,control,,,,,
E00002952,search,U00495,S0001064,2026-08-10 17:29:07,Germany,desktop,web,1.1,recommendation_v2_test,control,watch,,,,
E00002953,app_open,U00495,S0001065,2026-08-09 13:10:00,Germany,desktop,web,1.1,recommendation_v2_test,control,,,,,
E00002954,app_open,U00495,S0001066,2026-08-13 21:14:00,Germany,desktop,web,1.1,recommendation_v2_test,control,,,,,
E00002955,search,U00495,S0001066,2026-08-13 21:14:55,Germany,desktop,web,1.1,recommendation_v2_test,control,sunscreen,,,,
E00002956,click,U00495,S0001066,2026-08-13 21:16:51,Germany,desktop,web,1.1,recommendation_v2_test,control,sunscreen,P002,,,
E00002957,add_to_cart,U00495,S0001066,2026-08-13 21:18:23,Germany,desktop,web,1.1,recommendation_v2_test,control,sunscreen,P002,1.0,1796.88,
E00002958,purchase,U00495,S0001066,2026-08-13 21:22:54,Germany,desktop,web,1.1,recommendation_v2_test,control,sunscreen,P002,1.0,1796.88,O0000071
E00002959,app_open,U00496,S0001067,2026-08-10 01:23:00,UK,mobile,web,1.0,recommendation_v2_test,treatment,,,,,
E00002960,search,U00496,S0001067,2026-08-10 01:23:11,UK,mobile,web,1.0,recommendation_v2_test,treatment,watch,,,,
E00002961,app_open,U00496,S0001068,2026-08-14 01:46:00,UK,mobile,web,1.0,recommendation_v2_test,treatment,,,,,
E00002962,app_open,U00496,S0001069,2026-08-08 19:02:00,UK,mobile,web,1.0,recommendation_v2_test,treatment,,,,,
E00002963,search,U00496,S0001069,2026-08-08 19:02:53,UK,mobile,web,1.0,recommendation_v2_test,treatment,running shoes,,,,
E00002964,app_open,U00497,S0001070,2026-08-06 02:52:00,UK,desktop,web,1.0,recommendation_v2_test,treatment,,,,,
E00002965,search,U00497,S0001070,2026-08-06 02:52:23,UK,desktop,web,1.0,recommendation_v2_test,treatment,black tshirt,,,,
E00002966,click,U00497,S0001070,2026-08-06 02:53:28,UK,desktop,web,1.0,recommendation_v2_test,treatment,black tshirt,P005,,,
E00002967,app_open,U00497,S0001071,2026-08-12 10:21:00,UK,desktop,web,1.0,recommendation_v2_test,treatment,,,,,
E00002968,search,U00497,S0001071,2026-08-12 10:21:32,UK,desktop,web,1.0,recommendation_v2_test,treatment,sports shoes,,,,
E00002969,app_open,U00498,S0001072,2026-08-10 22:54:00,Australia,desktop,web,1.1,recommendation_v2_test,treatment,,,,,
E00002970,search,U00498,S0001072,2026-08-10 22:54:38,Australia,desktop,web,1.1,recommendation_v2_test,treatment,black tshirt,,,,
E00002971,app_open,U00498,S0001073,2026-08-02 18:21:00,Australia,desktop,web,1.1,recommendation_v2_test,treatment,,,,,
E00002972,search,U00498,S0001073,2026-08-02 18:21:52,Australia,desktop,web,1.1,recommendation_v2_test,treatment,sports shoes,,,,
E00002973,app_open,U00499,S0001074,2026-08-02 06:39:00,Australia,tablet,android,1.0,recommendation_v2_test,control,,,,,
E00002974,search,U00499,S0001074,2026-08-02 06:39:14,Australia,tablet,android,1.0,recommendation_v2_test,control,sports shoes,,,,
E00002975,click,U00499,S0001074,2026-08-02 06:40:40,Australia,tablet,android,1.0,recommendation_v2_test,control,sports shoes,P005,,,
E00002976,add_to_cart,U00499,S0001074,2026-08-02 06:41:26,Australia,tablet,android,1.0,recommendation_v2_test,control,sports shoes,P005,1.0,3782.73,
E00002977,app_open,U00499,S0001075,2026-08-06 15:41:00,Australia,tablet,android,1.0,recommendation_v2_test,control,,,,,
E00002978,search,U00499,S0001075,2026-08-06 15:41:58,Australia,tablet,android,1.0,recommendation_v2_test,control,sunscreen,,,,
E00002979,click,U00499,S0001075,2026-08-06 15:43:41,Australia,tablet,android,1.0,recommendation_v2_test,control,sunscreen,P003,,,
E00002980,app_open,U00500,S0001076,2026-08-11 19:26:00,Germany,desktop,web,1.1,recommendation_v2_test,treatment,,,,,
E00002981,search,U00500,S0001076,2026-08-11 19:26:40,Germany,desktop,web,1.1,recommendation_v2_test,treatment,watch,,,,
E00002982,click,U00500,S0001076,2026-08-11 19:27:35,Germany,desktop,web,1.1,recommendation_v2_test,treatment,watch,P004,,,
E00002983,app_open,U00501,S0001077,2026-08-14 06:10:00,India,mobile,ios,1.1,recommendation_v2_test,treatment,,,,,
E00002984,search,U00501,S0001077,2026-08-14 06:10:50,India,mobile,ios,1.1,recommendation_v2_test,treatment,watch,,,,
E00002985,click,U00501,S0001077,2026-08-14 06:12:40,India,mobile,ios,1.1,recommendation_v2_test,treatment,watch,P001,,,
E00002986,app_open,U00502,S0001078,2026-08-09 05:14:00,Australia,mobile,ios,1.1,recommendation_v2_test,treatment,,,,,
E00002987,search,U00502,S0001078,2026-08-09 05:14:09,Australia,mobile,ios,1.1,recommendation_v2_test,treatment,black tshirt,,,,
E00002988,click,U00502,S0001078,2026-08-09 05:15:55,Australia,mobile,ios,1.1,recommendation_v2_test,treatment,black tshirt,P003,,,
E00002989,app_open,U00503,S0001079,2026-08-09 16:54:00,Australia,desktop,web,1.0,recommendation_v2_test,control,,,,,
E00002990,search,U00503,S0001079,2026-08-09 16:54:51,Australia,desktop,web,1.0,recommendation_v2_test,control,sports shoes,,,,
E00002991,app_open,U00504,S0001080,2026-08-13 04:56:00,UK,tablet,ios,1.0,recommendation_v2_test,treatment,,,,,
E00002992,search,U00504,S0001080,2026-08-13 04:56:43,UK,tablet,ios,1.0,recommendation_v2_test,treatment,running shoes,,,,
E00002993,click,U00504,S0001080,2026-08-13 04:58:13,UK,tablet,ios,1.0,recommendation_v2_test,treatment,running shoes,P003,,,
E00002994,app_open,U00505,S0001081,2026-08-04 04:51:00,UK,mobile,ios,1.1,recommendation_v2_test,control,,,,,
E00002995,search,U00505,S0001081,2026-08-04 04:51:35,UK,mobile,ios,1.1,recommendation_v2_test,control,watch,,,,
E00002996,app_open,U00506,S0001082,2026-08-02 17:07:00,UK,mobile,web,1.1,recommendation_v2_test,treatment,,,,,
E00002997,app_open,U00506,S0001083,2026-08-11 15:44:00,UK,mobile,web,1.1,recommendation_v2_test,treatment,,,,,
E00002998,search,U00506,S0001083,2026-08-11 15:44:14,UK,mobile,web,1.1,recommendation_v2_test,treatment,watch,,,,
E00002999,click,U00506,S0001083,2026-08-11 15:45:02,UK,mobile,web,1.1,recommendation_v2_test,treatment,watch,P002,,,
E00003000,app_open,U00507,S0001084,2026-08-02 13:00:00,Germany,desktop,ios,1.1,recommendation_v2_test,control,,,,,
E00003001,search,U00507,S0001084,2026-08-02 13:00:41,Germany,desktop,ios,1.1,recommendation_v2_test,control,sports shoes,,,,
E00003002,click,U00507,S0001084,2026-08-02 13:01:49,Germany,desktop,ios,1.1,recommendation_v2_test,control,sports shoes,P002,,,
E00003003,add_to_cart,U00507,S0001084,2026-08-02 13:02:55,Germany,desktop,ios,1.1,recommendation_v2_test,control,sports shoes,P002,1.0,3501.28,
E00003004,app_open,U00507,S0001085,2026-08-07 10:42:00,Germany,desktop,ios,1.1,recommendation_v2_test,control,,,,,
E00003005,search,U00507,S0001085,2026-08-07 10:42:27,Germany,desktop,ios,1.1,recommendation_v2_test,control,watch,,,,
E00003006,click,U00507,S0001085,2026-08-07 10:43:14,Germany,desktop,ios,1.1,recommendation_v2_test,control,watch,P001,,,
E00003007,app_open,U00508,S0001086,2026-08-08 22:11:00,Australia,desktop,android,1.1,recommendation_v2_test,treatment,,,,,
E00003008,search,U00508,S0001086,2026-08-08 22:11:43,Australia,desktop,android,1.1,recommendation_v2_test,treatment,running shoes,,,,
E00003009,click,U00508,S0001086,2026-08-08 22:12:46,Australia,desktop,android,1.1,recommendation_v2_test,treatment,running shoes,P004,,,
E00003010,app_open,U00508,S0001087,2026-08-04 21:19:00,Australia,desktop,android,1.1,recommendation_v2_test,treatment,,,,,
E00003011,search,U00508,S0001087,2026-08-04 21:19:41,Australia,desktop,android,1.1,recommendation_v2_test,treatment,sunscreen,,,,
E00003012,click,U00508,S0001087,2026-08-04 21:19:51,Australia,desktop,android,1.1,recommendation_v2_test,treatment,sunscreen,P003,,,
E00003013,app_open,U00508,S0001088,2026-08-06 09:13:00,Australia,desktop,android,1.1,recommendation_v2_test,treatment,,,,,
E00003014,search,U00508,S0001088,2026-08-06 09:13:07,Australia,desktop,android,1.1,recommendation_v2_test,treatment,watch,,,,
E00003015,app_open,U00509,S0001089,2026-08-10 10:27:00,UK,desktop,android,1.0,recommendation_v2_test,control,,,,,
E00003016,search,U00509,S0001089,2026-08-10 10:27:13,UK,desktop,android,1.0,recommendation_v2_test,control,black tshirt,,,,
E00003017,click,U00509,S0001089,2026-08-10 10:27:25,UK,desktop,android,1.0,recommendation_v2_test,control,black tshirt,P006,,,
E00003018,add_to_cart,U00509,S0001089,2026-08-10 10:28:54,UK,desktop,android,1.0,recommendation_v2_test,control,black tshirt,P006,1.0,1481.99,
E00003019,app_open,U00509,S0001090,2026-08-05 18:01:00,UK,desktop,android,1.0,recommendation_v2_test,control,,,,,
E00003020,search,U00509,S0001090,2026-08-05 18:01:23,UK,desktop,android,1.0,recommendation_v2_test,control,running shoes,,,,
E00003021,click,U00509,S0001090,2026-08-05 18:02:22,UK,desktop,android,1.0,recommendation_v2_test,control,running shoes,P003,,,
E00003022,app_open,U00510,S0001091,2026-08-13 15:10:00,Australia,desktop,android,1.1,recommendation_v2_test,control,,,,,
E00003023,search,U00510,S0001091,2026-08-13 15:10:57,Australia,desktop,android,1.1,recommendation_v2_test,control,sunscreen,,,,
E00003024,click,U00510,S0001091,2026-08-13 15:12:16,Australia,desktop,android,1.1,recommendation_v2_test,control,sunscreen,P004,,,
E00003025,app_open,U00510,S0001092,2026-08-05 17:42:00,Australia,desktop,android,1.1,recommendation_v2_test,control,,,,,
E00003026,search,U00510,S0001092,2026-08-05 17:42:55,Australia,desktop,android,1.1,recommendation_v2_test,control,running shoes,,,,
E00003027,click,U00510,S0001092,2026-08-05 17:43:23,Australia,desktop,android,1.1,recommendation_v2_test,control,running shoes,P001,,,
E00003028,app_open,U00510,S0001093,2026-08-09 15:08:00,Australia,desktop,android,1.1,recommendation_v2_test,control,,,,,
E00003029,search,U00510,S0001093,2026-08-09 15:08:22,Australia,desktop,android,1.1,recommendation_v2_test,control,running shoes,,,,
E00003030,app_open,U00510,S0001094,2026-08-08 16:24:00,Australia,desktop,android,1.1,recommendation_v2_test,control,,,,,
E00003031,search,U00510,S0001094,2026-08-08 16:24:11,Australia,desktop,android,1.1,recommendation_v2_test,control,watch,,,,
E00003032,app_open,U00511,S0001095,2026-08-02 13:22:00,Germany,desktop,android,1.0,recommendation_v2_test,control,,,,,
E00003033,search,U00511,S0001095,2026-08-02 13:22:20,Germany,desktop,android,1.0,recommendation_v2_test,control,sports shoes,,,,
E00003034,app_open,U00512,S0001096,2026-08-11 06:34:00,Germany,tablet,web,1.0,recommendation_v2_test,control,,,,,
E00003035,search,U00512,S0001096,2026-08-11 06:34:45,Germany,tablet,web,1.0,recommendation_v2_test,control,running shoes,,,,
E00003036,click,U00512,S0001096,2026-08-11 06:36:13,Germany,tablet,web,1.0,recommendation_v2_test,control,running shoes,P004,,,
E00003037,app_open,U00512,S0001097,2026-08-12 10:32:00,Germany,tablet,web,1.0,recommendation_v2_test,control,,,,,
E00003038,app_open,U00512,S0001098,2026-08-09 15:59:00,Germany,tablet,web,1.0,recommendation_v2_test,control,,,,,
E00003039,app_open,U00512,S0001099,2026-08-10 18:53:00,Germany,tablet,web,1.0,recommendation_v2_test,control,,,,,
E00003040,search,U00512,S0001099,2026-08-10 18:53:31,Germany,tablet,web,1.0,recommendation_v2_test,control,running shoes,,,,
E00003041,click,U00512,S0001099,2026-08-10 18:54:35,Germany,tablet,web,1.0,recommendation_v2_test,control,running shoes,P004,,,
E00003042,app_open,U00512,S0001100,2026-08-09 06:45:00,Germany,tablet,web,1.0,recommendation_v2_test,control,,,,,
E00003043,search,U00512,S0001100,2026-08-09 06:45:54,Germany,tablet,web,1.0,recommendation_v2_test,control,sunscreen,,,,
E00003044,click,U00512,S0001100,2026-08-09 06:46:36,Germany,tablet,web,1.0,recommendation_v2_test,control,sunscreen,P005,,,
E00003045,add_to_cart,U00512,S0001100,2026-08-09 06:47:20,Germany,tablet,web,1.0,recommendation_v2_test,control,sunscreen,P005,1.0,2849.25,
E00003046,app_open,U00512,S0001101,2026-08-02 08:28:00,Germany,tablet,web,1.0,recommendation_v2_test,control,,,,,
E00003047,search,U00512,S0001101,2026-08-02 08:28:11,Germany,tablet,web,1.0,recommendation_v2_test,control,running shoes,,,,
E00003048,click,U00512,S0001101,2026-08-02 08:28:35,Germany,tablet,web,1.0,recommendation_v2_test,control,running shoes,P002,,,
E00003049,app_open,U00513,S0001102,2026-08-03 15:41:00,Australia,desktop,ios,1.1,recommendation_v2_test,control,,,,,
E00003050,search,U00513,S0001102,2026-08-03 15:41:11,Australia,desktop,ios,1.1,recommendation_v2_test,control,black tshirt,,,,
E00003051,click,U00513,S0001102,2026-08-03 15:41:41,Australia,desktop,ios,1.1,recommendation_v2_test,control,black tshirt,P002,,,
E00003052,app_open,U00513,S0001103,2026-08-01 04:52:00,Australia,desktop,ios,1.1,recommendation_v2_test,control,,,,,
E00003053,search,U00513,S0001103,2026-08-01 04:52:48,Australia,desktop,ios,1.1,recommendation_v2_test,control,black tshirt,,,,
E00003054,app_open,U00513,S0001104,2026-08-04 08:17:00,Australia,desktop,ios,1.1,recommendation_v2_test,control,,,,,
E00003055,search,U00513,S0001104,2026-08-04 08:17:59,Australia,desktop,ios,1.1,recommendation_v2_test,control,running shoes,,,,
E00003056,click,U00513,S0001104,2026-08-04 08:18:51,Australia,desktop,ios,1.1,recommendation_v2_test,control,running shoes,P002,,,
E00003057,app_open,U00514,S0001105,2026-08-02 16:01:00,UK,desktop,ios,1.0,recommendation_v2_test,treatment,,,,,
E00003058,search,U00514,S0001105,2026-08-02 16:01:58,UK,desktop,ios,1.0,recommendation_v2_test,treatment,watch,,,,
E00003059,click,U00514,S0001105,2026-08-02 16:02:16,UK,desktop,ios,1.0,recommendation_v2_test,treatment,watch,P001,,,
E00003060,app_open,U00515,S0001106,2026-08-02 17:54:00,UK,mobile,ios,1.1,recommendation_v2_test,control,,,,,
E00003061,search,U00515,S0001106,2026-08-02 17:54:55,UK,mobile,ios,1.1,recommendation_v2_test,control,sunscreen,,,,
E00003062,app_open,U00515,S0001107,2026-08-09 04:46:00,UK,mobile,ios,1.1,recommendation_v2_test,control,,,,,
E00003063,search,U00515,S0001107,2026-08-09 04:46:08,UK,mobile,ios,1.1,recommendation_v2_test,control,sports shoes,,,,
E00003064,app_open,U00516,S0001108,2026-08-12 05:58:00,India,desktop,android,1.1,recommendation_v2_test,treatment,,,,,
E00003065,search,U00516,S0001108,2026-08-12 05:58:28,India,desktop,android,1.1,recommendation_v2_test,treatment,sunscreen,,,,
E00003066,app_open,U00516,S0001109,2026-08-06 01:38:00,India,desktop,android,1.1,recommendation_v2_test,treatment,,,,,
E00003067,search,U00516,S0001109,2026-08-06 01:38:55,India,desktop,android,1.1,recommendation_v2_test,treatment,sports shoes,,,,
E00003068,click,U00516,S0001109,2026-08-06 01:39:22,India,desktop,android,1.1,recommendation_v2_test,treatment,sports shoes,P003,,,
E00003069,add_to_cart,U00516,S0001109,2026-08-06 01:41:24,India,desktop,android,1.1,recommendation_v2_test,treatment,sports shoes,P003,1.0,4110.69,
E00003070,app_open,U00516,S0001110,2026-08-10 03:39:00,India,desktop,android,1.1,recommendation_v2_test,treatment,,,,,
E00003071,search,U00516,S0001110,2026-08-10 03:39:33,India,desktop,android,1.1,recommendation_v2_test,treatment,running shoes,,,,
E00003072,app_open,U00516,S0001111,2026-08-05 09:33:00,India,desktop,android,1.1,recommendation_v2_test,treatment,,,,,
E00003073,search,U00516,S0001111,2026-08-05 09:33:21,India,desktop,android,1.1,recommendation_v2_test,treatment,watch,,,,
E00003074,click,U00516,S0001111,2026-08-05 09:33:28,India,desktop,android,1.1,recommendation_v2_test,treatment,watch,P005,,,
E00003075,app_open,U00517,S0001112,2026-08-14 02:59:00,UK,mobile,android,1.1,recommendation_v2_test,treatment,,,,,
E00003076,search,U00517,S0001112,2026-08-14 02:59:41,UK,mobile,android,1.1,recommendation_v2_test,treatment,running shoes,,,,
E00003077,click,U00517,S0001112,2026-08-14 03:01:00,UK,mobile,android,1.1,recommendation_v2_test,treatment,running shoes,P006,,,
E00003078,app_open,U00518,S0001113,2026-08-06 05:50:00,Germany,desktop,web,1.0,recommendation_v2_test,treatment,,,,,
E00003079,search,U00518,S0001113,2026-08-06 05:50:47,Germany,desktop,web,1.0,recommendation_v2_test,treatment,running shoes,,,,
E00003080,app_open,U00519,S0001114,2026-08-11 17:09:00,Australia,tablet,ios,1.1,recommendation_v2_test,control,,,,,
E00003081,search,U00519,S0001114,2026-08-11 17:09:14,Australia,tablet,ios,1.1,recommendation_v2_test,control,watch,,,,
E00003082,click,U00519,S0001114,2026-08-11 17:10:25,Australia,tablet,ios,1.1,recommendation_v2_test,control,watch,P004,,,
E00003083,app_open,U00519,S0001115,2026-08-12 01:53:00,Australia,tablet,ios,1.1,recommendation_v2_test,control,,,,,
E00003084,search,U00519,S0001115,2026-08-12 01:53:23,Australia,tablet,ios,1.1,recommendation_v2_test,control,watch,,,,
E00003085,click,U00519,S0001115,2026-08-12 01:54:07,Australia,tablet,ios,1.1,recommendation_v2_test,control,watch,P001,,,
E00003086,app_open,U00520,S0001116,2026-08-09 13:46:00,Germany,tablet,ios,1.0,recommendation_v2_test,treatment,,,,,
E00003087,search,U00520,S0001116,2026-08-09 13:46:56,Germany,tablet,ios,1.0,recommendation_v2_test,treatment,black tshirt,,,,
E00003088,app_open,U00521,S0001117,2026-08-08 09:09:00,UK,desktop,web,1.1,recommendation_v2_test,control,,,,,
E00003089,search,U00521,S0001117,2026-08-08 09:09:49,UK,desktop,web,1.1,recommendation_v2_test,control,black tshirt,,,,
E00003090,click,U00521,S0001117,2026-08-08 09:10:43,UK,desktop,web,1.1,recommendation_v2_test,control,black tshirt,P005,,,
E00003091,app_open,U00522,S0001118,2026-08-02 02:34:00,India,mobile,ios,1.1,recommendation_v2_test,treatment,,,,,
E00003092,search,U00522,S0001118,2026-08-02 02:34:38,India,mobile,ios,1.1,recommendation_v2_test,treatment,sports shoes,,,,
E00003093,click,U00522,S0001118,2026-08-02 02:35:46,India,mobile,ios,1.1,recommendation_v2_test,treatment,sports shoes,P004,,,
E00003094,add_to_cart,U00522,S0001118,2026-08-02 02:36:38,India,mobile,ios,1.1,recommendation_v2_test,treatment,sports shoes,P004,1.0,4324.77,
E00003095,app_open,U00523,S0001119,2026-08-01 21:08:00,UK,tablet,web,1.1,recommendation_v2_test,treatment,,,,,
E00003096,app_open,U00524,S0001120,2026-08-05 09:23:00,India,desktop,android,1.0,recommendation_v2_test,treatment,,,,,
E00003097,search,U00524,S0001120,2026-08-05 09:23:32,India,desktop,android,1.0,recommendation_v2_test,treatment,sunscreen,,,,
E00003098,click,U00524,S0001120,2026-08-05 09:24:45,India,desktop,android,1.0,recommendation_v2_test,treatment,sunscreen,P004,,,
E00003099,app_open,U00524,S0001121,2026-08-05 20:35:00,India,desktop,android,1.0,recommendation_v2_test,treatment,,,,,
E00003100,search,U00524,S0001121,2026-08-05 20:35:06,India,desktop,android,1.0,recommendation_v2_test,treatment,sunscreen,,,,
E00003101,app_open,U00525,S0001122,2026-08-04 23:14:00,UK,tablet,web,1.1,recommendation_v2_test,treatment,,,,,
E00003102,search,U00525,S0001122,2026-08-04 23:14:19,UK,tablet,web,1.1,recommendation_v2_test,treatment,running shoes,,,,
E00003103,app_open,U00526,S0001123,2026-08-09 11:28:00,India,desktop,web,1.1,recommendation_v2_test,control,,,,,
E00003104,search,U00526,S0001123,2026-08-09 11:28:19,India,desktop,web,1.1,recommendation_v2_test,control,black tshirt,,,,
E00003105,app_open,U00527,S0001124,2026-08-14 14:30:00,Australia,mobile,ios,1.0,recommendation_v2_test,treatment,,,,,
E00003106,search,U00527,S0001124,2026-08-14 14:30:08,Australia,mobile,ios,1.0,recommendation_v2_test,treatment,running shoes,,,,
E00003107,app_open,U00528,S0001125,2026-08-04 11:01:00,India,desktop,android,1.0,recommendation_v2_test,control,,,,,
E00003108,search,U00528,S0001125,2026-08-04 11:01:53,India,desktop,android,1.0,recommendation_v2_test,control,running shoes,,,,
E00003109,click,U00528,S0001125,2026-08-04 11:03:40,India,desktop,android,1.0,recommendation_v2_test,control,running shoes,P002,,,
E00003110,app_open,U00528,S0001126,2026-08-14 18:27:00,India,desktop,android,1.0,recommendation_v2_test,control,,,,,
E00003111,search,U00528,S0001126,2026-08-14 18:27:23,India,desktop,android,1.0,recommendation_v2_test,control,sports shoes,,,,
E00003112,click,U00528,S0001126,2026-08-14 18:28:43,India,desktop,android,1.0,recommendation_v2_test,control,sports shoes,P002,,,
E00003113,app_open,U00528,S0001127,2026-08-01 12:35:00,India,desktop,android,1.0,recommendation_v2_test,control,,,,,
E00003114,search,U00528,S0001127,2026-08-01 12:35:29,India,desktop,android,1.0,recommendation_v2_test,control,sunscreen,,,,
E00003115,click,U00528,S0001127,2026-08-01 12:36:15,India,desktop,android,1.0,recommendation_v2_test,control,sunscreen,P006,,,
E00003116,add_to_cart,U00528,S0001127,2026-08-01 12:38:31,India,desktop,android,1.0,recommendation_v2_test,control,sunscreen,P006,1.0,2555.43,
E00003117,app_open,U00528,S0001128,2026-08-02 01:11:00,India,desktop,android,1.0,recommendation_v2_test,control,,,,,
E00003118,search,U00528,S0001128,2026-08-02 01:11:19,India,desktop,android,1.0,recommendation_v2_test,control,watch,,,,
E00003119,click,U00528,S0001128,2026-08-02 01:13:11,India,desktop,android,1.0,recommendation_v2_test,control,watch,P003,,,
E00003120,add_to_cart,U00528,S0001128,2026-08-02 01:14:00,India,desktop,android,1.0,recommendation_v2_test,control,watch,P003,1.0,3256.44,
E00003121,app_open,U00529,S0001129,2026-08-14 12:14:00,Germany,tablet,web,1.1,recommendation_v2_test,control,,,,,
E00003122,search,U00529,S0001129,2026-08-14 12:14:33,Germany,tablet,web,1.1,recommendation_v2_test,control,running shoes,,,,
E00003123,app_open,U00529,S0001130,2026-08-06 12:08:00,Germany,tablet,web,1.1,recommendation_v2_test,control,,,,,
E00003124,search,U00529,S0001130,2026-08-06 12:08:43,Germany,tablet,web,1.1,recommendation_v2_test,control,running shoes,,,,
E00003125,app_open,U00530,S0001131,2026-08-10 23:11:00,Australia,tablet,ios,1.1,recommendation_v2_test,control,,,,,
E00003126,search,U00530,S0001131,2026-08-10 23:11:18,Australia,tablet,ios,1.1,recommendation_v2_test,control,watch,,,,
E00003127,click,U00530,S0001131,2026-08-10 23:13:00,Australia,tablet,ios,1.1,recommendation_v2_test,control,watch,P001,,,
E00003128,app_open,U00531,S0001132,2026-08-11 04:34:00,India,tablet,android,1.0,recommendation_v2_test,treatment,,,,,
E00003129,search,U00531,S0001132,2026-08-11 04:34:41,India,tablet,android,1.0,recommendation_v2_test,treatment,running shoes,,,,
E00003130,click,U00531,S0001132,2026-08-11 04:36:09,India,tablet,android,1.0,recommendation_v2_test,treatment,running shoes,P006,,,
E00003131,add_to_cart,U00531,S0001132,2026-08-11 04:38:14,India,tablet,android,1.0,recommendation_v2_test,treatment,running shoes,P006,1.0,1445.5,
E00003132,app_open,U00531,S0001133,2026-08-03 02:49:00,India,tablet,android,1.0,recommendation_v2_test,treatment,,,,,
E00003133,app_open,U00532,S0001134,2026-08-12 19:11:00,Australia,tablet,android,1.0,recommendation_v2_test,treatment,,,,,
E00003134,search,U00532,S0001134,2026-08-12 19:11:40,Australia,tablet,android,1.0,recommendation_v2_test,treatment,black tshirt,,,,
E00003135,click,U00532,S0001134,2026-08-12 19:11:56,Australia,tablet,android,1.0,recommendation_v2_test,treatment,black tshirt,P003,,,
E00003136,app_open,U00532,S0001135,2026-08-05 07:38:00,Australia,tablet,android,1.0,recommendation_v2_test,treatment,,,,,
E00003137,search,U00532,S0001135,2026-08-05 07:38:55,Australia,tablet,android,1.0,recommendation_v2_test,treatment,sunscreen,,,,
E00003138,app_open,U00533,S0001136,2026-08-14 21:25:00,UK,tablet,web,1.0,recommendation_v2_test,control,,,,,
E00003139,search,U00533,S0001136,2026-08-14 21:25:43,UK,tablet,web,1.0,recommendation_v2_test,control,sunscreen,,,,
E00003140,app_open,U00534,S0001137,2026-08-03 14:59:00,Germany,tablet,ios,1.1,recommendation_v2_test,treatment,,,,,
E00003141,search,U00534,S0001137,2026-08-03 14:59:19,Germany,tablet,ios,1.1,recommendation_v2_test,treatment,black tshirt,,,,
E00003142,click,U00534,S0001137,2026-08-03 15:00:54,Germany,tablet,ios,1.1,recommendation_v2_test,treatment,black tshirt,P001,,,
E00003143,add_to_cart,U00534,S0001137,2026-08-03 15:01:06,Germany,tablet,ios,1.1,recommendation_v2_test,treatment,black tshirt,P001,1.0,1832.75,
E00003144,app_open,U00535,S0001138,2026-08-11 06:27:00,UK,desktop,ios,1.0,recommendation_v2_test,control,,,,,
E00003145,search,U00535,S0001138,2026-08-11 06:27:19,UK,desktop,ios,1.0,recommendation_v2_test,control,sunscreen,,,,
E00003146,click,U00535,S0001138,2026-08-11 06:27:59,UK,desktop,ios,1.0,recommendation_v2_test,control,sunscreen,P002,,,
E00003147,add_to_cart,U00535,S0001138,2026-08-11 06:29:35,UK,desktop,ios,1.0,recommendation_v2_test,control,sunscreen,P002,1.0,2094.02,
E00003148,app_open,U00535,S0001139,2026-08-10 03:40:00,UK,desktop,ios,1.0,recommendation_v2_test,control,,,,,
E00003149,search,U00535,S0001139,2026-08-10 03:40:32,UK,desktop,ios,1.0,recommendation_v2_test,control,running shoes,,,,
E00003150,app_open,U00536,S0001140,2026-08-02 22:10:00,India,desktop,android,1.0,recommendation_v2_test,control,,,,,
E00003151,search,U00536,S0001140,2026-08-02 22:10:16,India,desktop,android,1.0,recommendation_v2_test,control,running shoes,,,,
E00003152,app_open,U00536,S0001141,2026-08-07 02:21:00,India,desktop,android,1.0,recommendation_v2_test,control,,,,,
E00003153,search,U00536,S0001141,2026-08-07 02:21:08,India,desktop,android,1.0,recommendation_v2_test,control,black tshirt,,,,
E00003154,click,U00536,S0001141,2026-08-07 02:22:21,India,desktop,android,1.0,recommendation_v2_test,control,black tshirt,P004,,,
E00003155,app_open,U00537,S0001142,2026-08-05 07:45:00,Germany,tablet,ios,1.1,recommendation_v2_test,control,,,,,
E00003156,search,U00537,S0001142,2026-08-05 07:45:46,Germany,tablet,ios,1.1,recommendation_v2_test,control,black tshirt,,,,
E00003157,click,U00537,S0001142,2026-08-05 07:47:08,Germany,tablet,ios,1.1,recommendation_v2_test,control,black tshirt,P002,,,
E00003158,app_open,U00537,S0001143,2026-08-04 14:35:00,Germany,tablet,ios,1.1,recommendation_v2_test,control,,,,,
E00003159,search,U00537,S0001143,2026-08-04 14:35:33,Germany,tablet,ios,1.1,recommendation_v2_test,control,sports shoes,,,,
E00003160,click,U00537,S0001143,2026-08-04 14:36:08,Germany,tablet,ios,1.1,recommendation_v2_test,control,sports shoes,P003,,,
E00003161,app_open,U00537,S0001144,2026-08-04 06:17:00,Germany,tablet,ios,1.1,recommendation_v2_test,control,,,,,
E00003162,search,U00537,S0001144,2026-08-04 06:17:26,Germany,tablet,ios,1.1,recommendation_v2_test,control,watch,,,,
E00003163,click,U00537,S0001144,2026-08-04 06:17:58,Germany,tablet,ios,1.1,recommendation_v2_test,control,watch,P004,,,
E00003164,app_open,U00537,S0001145,2026-08-04 21:59:00,Germany,tablet,ios,1.1,recommendation_v2_test,control,,,,,
E00003165,search,U00537,S0001145,2026-08-04 21:59:19,Germany,tablet,ios,1.1,recommendation_v2_test,control,running shoes,,,,
E00003166,click,U00537,S0001145,2026-08-04 22:01:15,Germany,tablet,ios,1.1,recommendation_v2_test,control,running shoes,P005,,,
E00003167,app_open,U00538,S0001146,2026-08-04 19:00:00,Australia,tablet,ios,1.0,recommendation_v2_test,treatment,,,,,
E00003168,search,U00538,S0001146,2026-08-04 19:00:31,Australia,tablet,ios,1.0,recommendation_v2_test,treatment,watch,,,,
E00003169,app_open,U00539,S0001147,2026-08-05 01:20:00,India,tablet,ios,1.0,recommendation_v2_test,control,,,,,
E00003170,search,U00539,S0001147,2026-08-05 01:20:08,India,tablet,ios,1.0,recommendation_v2_test,control,sunscreen,,,,
E00003171,click,U00539,S0001147,2026-08-05 01:21:48,India,tablet,ios,1.0,recommendation_v2_test,control,sunscreen,P001,,,
E00003172,app_open,U00540,S0001148,2026-08-13 01:40:00,India,mobile,web,1.1,recommendation_v2_test,control,,,,,
E00003173,search,U00540,S0001148,2026-08-13 01:40:32,India,mobile,web,1.1,recommendation_v2_test,control,watch,,,,
E00003174,click,U00540,S0001148,2026-08-13 01:42:09,India,mobile,web,1.1,recommendation_v2_test,control,watch,P001,,,
E00003175,add_to_cart,U00540,S0001148,2026-08-13 01:43:02,India,mobile,web,1.1,recommendation_v2_test,control,watch,P001,1.0,929.82,
E00003176,app_open,U00541,S0001149,2026-08-11 04:29:00,Australia,tablet,web,1.1,recommendation_v2_test,treatment,,,,,
E00003177,search,U00541,S0001149,2026-08-11 04:29:46,Australia,tablet,web,1.1,recommendation_v2_test,treatment,sunscreen,,,,
E00003178,click,U00541,S0001149,2026-08-11 04:30:43,Australia,tablet,web,1.1,recommendation_v2_test,treatment,sunscreen,P003,,,
E00003179,add_to_cart,U00541,S0001149,2026-08-11 04:31:59,Australia,tablet,web,1.1,recommendation_v2_test,treatment,sunscreen,P003,1.0,4914.57,
E00003180,purchase,U00541,S0001149,2026-08-11 04:36:18,Australia,tablet,web,1.1,recommendation_v2_test,treatment,sunscreen,P003,1.0,4914.57,O0000072
E00003181,app_open,U00541,S0001150,2026-08-13 05:36:00,Australia,tablet,web,1.1,recommendation_v2_test,treatment,,,,,
E00003182,search,U00541,S0001150,2026-08-13 05:36:41,Australia,tablet,web,1.1,recommendation_v2_test,treatment,sports shoes,,,,
E00003183,click,U00541,S0001150,2026-08-13 05:36:49,Australia,tablet,web,1.1,recommendation_v2_test,treatment,sports shoes,P004,,,
E00003184,app_open,U00541,S0001151,2026-08-10 07:25:00,Australia,tablet,web,1.1,recommendation_v2_test,treatment,,,,,
E00003185,search,U00541,S0001151,2026-08-10 07:25:51,Australia,tablet,web,1.1,recommendation_v2_test,treatment,black tshirt,,,,
E00003186,click,U00541,S0001151,2026-08-10 07:26:21,Australia,tablet,web,1.1,recommendation_v2_test,treatment,black tshirt,P004,,,
E00003187,app_open,U00542,S0001152,2026-08-06 21:15:00,India,desktop,ios,1.1,recommendation_v2_test,control,,,,,
E00003188,search,U00542,S0001152,2026-08-06 21:15:50,India,desktop,ios,1.1,recommendation_v2_test,control,watch,,,,
E00003189,click,U00542,S0001152,2026-08-06 21:17:35,India,desktop,ios,1.1,recommendation_v2_test,control,watch,P002,,,
E00003190,app_open,U00542,S0001153,2026-08-10 15:17:00,India,desktop,ios,1.1,recommendation_v2_test,control,,,,,
E00003191,search,U00542,S0001153,2026-08-10 15:17:13,India,desktop,ios,1.1,recommendation_v2_test,control,sports shoes,,,,
E00003192,click,U00542,S0001153,2026-08-10 15:18:53,India,desktop,ios,1.1,recommendation_v2_test,control,sports shoes,P006,,,
E00003193,add_to_cart,U00542,S0001153,2026-08-10 15:20:46,India,desktop,ios,1.1,recommendation_v2_test,control,sports shoes,P006,1.0,1093.85,
E00003194,purchase,U00542,S0001153,2026-08-10 15:23:29,India,desktop,ios,1.1,recommendation_v2_test,control,sports shoes,P006,1.0,1093.85,O0000073
E00003195,app_open,U00543,S0001154,2026-08-06 21:21:00,Australia,tablet,android,1.0,recommendation_v2_test,control,,,,,
E00003196,app_open,U00544,S0001155,2026-08-05 22:19:00,Australia,mobile,android,1.1,recommendation_v2_test,control,,,,,
E00003197,app_open,U00545,S0001156,2026-08-02 15:29:00,Germany,desktop,web,1.1,recommendation_v2_test,treatment,,,,,
E00003198,search,U00545,S0001156,2026-08-02 15:29:32,Germany,desktop,web,1.1,recommendation_v2_test,treatment,watch,,,,
E00003199,click,U00545,S0001156,2026-08-02 15:31:17,Germany,desktop,web,1.1,recommendation_v2_test,treatment,watch,P003,,,
E00003200,app_open,U00545,S0001157,2026-08-11 04:24:00,Germany,desktop,web,1.1,recommendation_v2_test,treatment,,,,,
E00003201,search,U00545,S0001157,2026-08-11 04:24:07,Germany,desktop,web,1.1,recommendation_v2_test,treatment,sunscreen,,,,
E00003202,app_open,U00545,S0001158,2026-08-09 08:18:00,Germany,desktop,web,1.1,recommendation_v2_test,treatment,,,,,
E00003203,search,U00545,S0001158,2026-08-09 08:18:21,Germany,desktop,web,1.1,recommendation_v2_test,treatment,running shoes,,,,
E00003204,click,U00545,S0001158,2026-08-09 08:18:29,Germany,desktop,web,1.1,recommendation_v2_test,treatment,running shoes,P005,,,
E00003205,add_to_cart,U00545,S0001158,2026-08-09 08:19:44,Germany,desktop,web,1.1,recommendation_v2_test,treatment,running shoes,P005,1.0,1838.95,
E00003206,purchase,U00545,S0001158,2026-08-09 08:21:00,Germany,desktop,web,1.1,recommendation_v2_test,treatment,running shoes,P005,1.0,1838.95,O0000074
E00003207,app_open,U00546,S0001159,2026-08-08 22:08:00,UK,tablet,web,1.1,recommendation_v2_test,treatment,,,,,
E00003208,search,U00546,S0001159,2026-08-08 22:08:34,UK,tablet,web,1.1,recommendation_v2_test,treatment,watch,,,,
E00003209,click,U00546,S0001159,2026-08-08 22:08:41,UK,tablet,web,1.1,recommendation_v2_test,treatment,watch,P006,,,
E00003210,app_open,U00546,S0001160,2026-08-01 17:45:00,UK,tablet,web,1.1,recommendation_v2_test,treatment,,,,,
E00003211,app_open,U00547,S0001161,2026-08-12 17:43:00,Australia,mobile,web,1.0,recommendation_v2_test,treatment,,,,,
E00003212,search,U00547,S0001161,2026-08-12 17:43:17,Australia,mobile,web,1.0,recommendation_v2_test,treatment,black tshirt,,,,
E00003213,app_open,U00547,S0001162,2026-08-01 00:27:00,Australia,mobile,web,1.0,recommendation_v2_test,treatment,,,,,
E00003214,search,U00547,S0001162,2026-08-01 00:27:56,Australia,mobile,web,1.0,recommendation_v2_test,treatment,black tshirt,,,,
E00003215,app_open,U00548,S0001163,2026-08-11 18:03:00,Germany,desktop,web,1.0,recommendation_v2_test,control,,,,,
E00003216,search,U00548,S0001163,2026-08-11 18:03:15,Germany,desktop,web,1.0,recommendation_v2_test,control,sunscreen,,,,
E00003217,click,U00548,S0001163,2026-08-11 18:03:27,Germany,desktop,web,1.0,recommendation_v2_test,control,sunscreen,P005,,,
E00003218,app_open,U00548,S0001164,2026-08-02 06:59:00,Germany,desktop,web,1.0,recommendation_v2_test,control,,,,,
E00003219,search,U00548,S0001164,2026-08-02 06:59:29,Germany,desktop,web,1.0,recommendation_v2_test,control,watch,,,,
E00003220,click,U00548,S0001164,2026-08-02 07:00:13,Germany,desktop,web,1.0,recommendation_v2_test,control,watch,P005,,,
E00003221,add_to_cart,U00548,S0001164,2026-08-02 07:02:32,Germany,desktop,web,1.0,recommendation_v2_test,control,watch,P005,1.0,3446.02,
E00003222,purchase,U00548,S0001164,2026-08-02 07:05:58,Germany,desktop,web,1.0,recommendation_v2_test,control,watch,P005,1.0,3446.02,O0000075
E00003223,app_open,U00549,S0001165,2026-08-03 18:08:00,Australia,mobile,android,1.1,recommendation_v2_test,control,,,,,
E00003224,search,U00549,S0001165,2026-08-03 18:08:05,Australia,mobile,android,1.1,recommendation_v2_test,control,running shoes,,,,
E00003225,click,U00549,S0001165,2026-08-03 18:09:07,Australia,mobile,android,1.1,recommendation_v2_test,control,running shoes,P005,,,
E00003226,app_open,U00549,S0001166,2026-08-11 11:33:00,Australia,mobile,android,1.1,recommendation_v2_test,control,,,,,
E00003227,search,U00549,S0001166,2026-08-11 11:33:41,Australia,mobile,android,1.1,recommendation_v2_test,control,sports shoes,,,,
E00003228,click,U00549,S0001166,2026-08-11 11:34:26,Australia,mobile,android,1.1,recommendation_v2_test,control,sports shoes,P001,,,
E00003229,add_to_cart,U00549,S0001166,2026-08-11 11:34:52,Australia,mobile,android,1.1,recommendation_v2_test,control,sports shoes,P001,1.0,854.9,
E00003230,purchase,U00549,S0001166,2026-08-11 11:37:29,Australia,mobile,android,1.1,recommendation_v2_test,control,sports shoes,P001,1.0,854.9,O0000076
E00003231,app_open,U00550,S0001167,2026-08-12 11:02:00,UK,tablet,android,1.0,recommendation_v2_test,control,,,,,
E00003232,search,U00550,S0001167,2026-08-12 11:02:50,UK,tablet,android,1.0,recommendation_v2_test,control,black tshirt,,,,
E00003233,app_open,U00550,S0001168,2026-08-14 23:57:00,UK,tablet,android,1.0,recommendation_v2_test,control,,,,,
E00003234,search,U00550,S0001168,2026-08-14 23:57:52,UK,tablet,android,1.0,recommendation_v2_test,control,running shoes,,,,
E00003235,click,U00550,S0001168,2026-08-14 23:59:24,UK,tablet,android,1.0,recommendation_v2_test,control,running shoes,P004,,,
E00003236,app_open,U00550,S0001169,2026-08-02 11:08:00,UK,tablet,android,1.0,recommendation_v2_test,control,,,,,
E00003237,search,U00550,S0001169,2026-08-02 11:08:57,UK,tablet,android,1.0,recommendation_v2_test,control,sunscreen,,,,
E00003238,click,U00550,S0001169,2026-08-02 11:10:10,UK,tablet,android,1.0,recommendation_v2_test,control,sunscreen,P004,,,
E00003239,add_to_cart,U00550,S0001169,2026-08-02 11:12:58,UK,tablet,android,1.0,recommendation_v2_test,control,sunscreen,P004,1.0,1646.07,
E00003240,app_open,U00550,S0001170,2026-08-09 19:49:00,UK,tablet,android,1.0,recommendation_v2_test,control,,,,,
E00003241,search,U00550,S0001170,2026-08-09 19:49:05,UK,tablet,android,1.0,recommendation_v2_test,control,watch,,,,
E00003242,click,U00550,S0001170,2026-08-09 19:50:36,UK,tablet,android,1.0,recommendation_v2_test,control,watch,P005,,,
E00003243,app_open,U00551,S0001171,2026-08-07 23:08:00,Australia,mobile,android,1.1,recommendation_v2_test,control,,,,,
E00003244,search,U00551,S0001171,2026-08-07 23:08:33,Australia,mobile,android,1.1,recommendation_v2_test,control,sunscreen,,,,
E00003245,click,U00551,S0001171,2026-08-07 23:10:02,Australia,mobile,android,1.1,recommendation_v2_test,control,sunscreen,P002,,,
E00003246,app_open,U00552,S0001172,2026-08-07 10:35:00,UK,tablet,web,1.1,recommendation_v2_test,treatment,,,,,
E00003247,search,U00552,S0001172,2026-08-07 10:35:06,UK,tablet,web,1.1,recommendation_v2_test,treatment,sunscreen,,,,
E00003248,click,U00552,S0001172,2026-08-07 10:35:34,UK,tablet,web,1.1,recommendation_v2_test,treatment,sunscreen,P005,,,
E00003249,app_open,U00552,S0001173,2026-08-02 03:40:00,UK,tablet,web,1.1,recommendation_v2_test,treatment,,,,,
E00003250,search,U00552,S0001173,2026-08-02 03:40:39,UK,tablet,web,1.1,recommendation_v2_test,treatment,running shoes,,,,
E00003251,click,U00552,S0001173,2026-08-02 03:41:18,UK,tablet,web,1.1,recommendation_v2_test,treatment,running shoes,P004,,,
E00003252,app_open,U00552,S0001174,2026-08-10 05:28:00,UK,tablet,web,1.1,recommendation_v2_test,treatment,,,,,
E00003253,search,U00552,S0001174,2026-08-10 05:28:13,UK,tablet,web,1.1,recommendation_v2_test,treatment,running shoes,,,,
E00003254,app_open,U00552,S0001175,2026-08-02 11:16:00,UK,tablet,web,1.1,recommendation_v2_test,treatment,,,,,
E00003255,search,U00552,S0001175,2026-08-02 11:16:11,UK,tablet,web,1.1,recommendation_v2_test,treatment,running shoes,,,,
E00003256,click,U00552,S0001175,2026-08-02 11:16:56,UK,tablet,web,1.1,recommendation_v2_test,treatment,running shoes,P006,,,
E00003257,add_to_cart,U00552,S0001175,2026-08-02 11:18:56,UK,tablet,web,1.1,recommendation_v2_test,treatment,running shoes,P006,1.0,5774.17,
E00003258,app_open,U00553,S0001176,2026-08-07 02:35:00,UK,desktop,web,1.1,recommendation_v2_test,control,,,,,
E00003259,search,U00553,S0001176,2026-08-07 02:35:40,UK,desktop,web,1.1,recommendation_v2_test,control,black tshirt,,,,
E00003260,click,U00553,S0001176,2026-08-07 02:36:55,UK,desktop,web,1.1,recommendation_v2_test,control,black tshirt,P002,,,
E00003261,app_open,U00554,S0001177,2026-08-02 00:42:00,Germany,tablet,ios,1.0,recommendation_v2_test,treatment,,,,,
E00003262,search,U00554,S0001177,2026-08-02 00:42:49,Germany,tablet,ios,1.0,recommendation_v2_test,treatment,sports shoes,,,,
E00003263,app_open,U00554,S0001178,2026-08-08 11:18:00,Germany,tablet,ios,1.0,recommendation_v2_test,treatment,,,,,
E00003264,app_open,U00555,S0001179,2026-08-12 12:41:00,UK,mobile,android,1.1,recommendation_v2_test,control,,,,,
E00003265,search,U00555,S0001179,2026-08-12 12:41:49,UK,mobile,android,1.1,recommendation_v2_test,control,black tshirt,,,,
E00003266,click,U00555,S0001179,2026-08-12 12:43:42,UK,mobile,android,1.1,recommendation_v2_test,control,black tshirt,P003,,,
E00003267,app_open,U00555,S0001180,2026-08-06 00:26:00,UK,mobile,android,1.1,recommendation_v2_test,control,,,,,
E00003268,search,U00555,S0001180,2026-08-06 00:26:08,UK,mobile,android,1.1,recommendation_v2_test,control,black tshirt,,,,
E00003269,click,U00555,S0001180,2026-08-06 00:27:38,UK,mobile,android,1.1,recommendation_v2_test,control,black tshirt,P005,,,
E00003270,app_open,U00556,S0001181,2026-08-07 08:39:00,Germany,desktop,ios,1.1,recommendation_v2_test,control,,,,,
E00003271,search,U00556,S0001181,2026-08-07 08:39:41,Germany,desktop,ios,1.1,recommendation_v2_test,control,sunscreen,,,,
E00003272,app_open,U00556,S0001182,2026-08-08 09:14:00,Germany,desktop,ios,1.1,recommendation_v2_test,control,,,,,
E00003273,search,U00556,S0001182,2026-08-08 09:14:50,Germany,desktop,ios,1.1,recommendation_v2_test,control,sunscreen,,,,
E00003274,click,U00556,S0001182,2026-08-08 09:16:48,Germany,desktop,ios,1.1,recommendation_v2_test,control,sunscreen,P004,,,
E00003275,app_open,U00556,S0001183,2026-08-09 01:01:00,Germany,desktop,ios,1.1,recommendation_v2_test,control,,,,,
E00003276,search,U00556,S0001183,2026-08-09 01:01:46,Germany,desktop,ios,1.1,recommendation_v2_test,control,running shoes,,,,
E00003277,click,U00556,S0001183,2026-08-09 01:03:16,Germany,desktop,ios,1.1,recommendation_v2_test,control,running shoes,P003,,,
E00003278,app_open,U00557,S0001184,2026-08-10 09:03:00,UK,mobile,web,1.0,recommendation_v2_test,treatment,,,,,
E00003279,search,U00557,S0001184,2026-08-10 09:03:26,UK,mobile,web,1.0,recommendation_v2_test,treatment,sunscreen,,,,
E00003280,click,U00557,S0001184,2026-08-10 09:04:09,UK,mobile,web,1.0,recommendation_v2_test,treatment,sunscreen,P001,,,
E00003281,app_open,U00557,S0001185,2026-08-05 01:54:00,UK,mobile,web,1.0,recommendation_v2_test,treatment,,,,,
E00003282,search,U00557,S0001185,2026-08-05 01:54:40,UK,mobile,web,1.0,recommendation_v2_test,treatment,running shoes,,,,
E00003283,app_open,U00558,S0001186,2026-08-13 05:58:00,Australia,tablet,android,1.1,recommendation_v2_test,control,,,,,
E00003284,app_open,U00558,S0001187,2026-08-11 12:02:00,Australia,tablet,android,1.1,recommendation_v2_test,control,,,,,
E00003285,search,U00558,S0001187,2026-08-11 12:02:56,Australia,tablet,android,1.1,recommendation_v2_test,control,black tshirt,,,,
E00003286,click,U00558,S0001187,2026-08-11 12:03:40,Australia,tablet,android,1.1,recommendation_v2_test,control,black tshirt,P005,,,
E00003287,app_open,U00559,S0001188,2026-08-07 16:08:00,Germany,tablet,web,1.0,recommendation_v2_test,treatment,,,,,
E00003288,search,U00559,S0001188,2026-08-07 16:08:39,Germany,tablet,web,1.0,recommendation_v2_test,treatment,watch,,,,
E00003289,click,U00559,S0001188,2026-08-07 16:09:45,Germany,tablet,web,1.0,recommendation_v2_test,treatment,watch,P001,,,
E00003290,add_to_cart,U00559,S0001188,2026-08-07 16:10:52,Germany,tablet,web,1.0,recommendation_v2_test,treatment,watch,P001,1.0,3308.18,
E00003291,app_open,U00560,S0001189,2026-08-09 14:56:00,India,desktop,ios,1.1,recommendation_v2_test,control,,,,,
E00003292,search,U00560,S0001189,2026-08-09 14:56:17,India,desktop,ios,1.1,recommendation_v2_test,control,sunscreen,,,,
E00003293,app_open,U00560,S0001190,2026-08-13 22:45:00,India,desktop,ios,1.1,recommendation_v2_test,control,,,,,
E00003294,search,U00560,S0001190,2026-08-13 22:45:58,India,desktop,ios,1.1,recommendation_v2_test,control,watch,,,,
E00003295,click,U00560,S0001190,2026-08-13 22:47:07,India,desktop,ios,1.1,recommendation_v2_test,control,watch,P003,,,
E00003296,add_to_cart,U00560,S0001190,2026-08-13 22:48:33,India,desktop,ios,1.1,recommendation_v2_test,control,watch,P003,1.0,520.46,
E00003297,purchase,U00560,S0001190,2026-08-13 22:53:32,India,desktop,ios,1.1,recommendation_v2_test,control,watch,P003,1.0,520.46,O0000077
E00003298,app_open,U00560,S0001191,2026-08-04 23:21:00,India,desktop,ios,1.1,recommendation_v2_test,control,,,,,
E00003299,search,U00560,S0001191,2026-08-04 23:21:54,India,desktop,ios,1.1,recommendation_v2_test,control,running shoes,,,,
E00003300,app_open,U00561,S0001192,2026-08-04 00:15:00,UK,tablet,android,1.0,recommendation_v2_test,treatment,,,,,
E00003301,search,U00561,S0001192,2026-08-04 00:15:28,UK,tablet,android,1.0,recommendation_v2_test,treatment,sunscreen,,,,
E00003302,click,U00561,S0001192,2026-08-04 00:16:32,UK,tablet,android,1.0,recommendation_v2_test,treatment,sunscreen,P005,,,
E00003303,app_open,U00561,S0001193,2026-08-12 15:44:00,UK,tablet,android,1.0,recommendation_v2_test,treatment,,,,,
E00003304,search,U00561,S0001193,2026-08-12 15:44:58,UK,tablet,android,1.0,recommendation_v2_test,treatment,watch,,,,
E00003305,app_open,U00561,S0001194,2026-08-03 14:53:00,UK,tablet,android,1.0,recommendation_v2_test,treatment,,,,,
E00003306,search,U00561,S0001194,2026-08-03 14:53:56,UK,tablet,android,1.0,recommendation_v2_test,treatment,running shoes,,,,
E00003307,click,U00561,S0001194,2026-08-03 14:54:18,UK,tablet,android,1.0,recommendation_v2_test,treatment,running shoes,P004,,,
E00003308,add_to_cart,U00561,S0001194,2026-08-03 14:55:52,UK,tablet,android,1.0,recommendation_v2_test,treatment,running shoes,P004,1.0,3654.83,
E00003309,purchase,U00561,S0001194,2026-08-03 14:59:22,UK,tablet,android,1.0,recommendation_v2_test,treatment,running shoes,P004,1.0,3654.83,O0000078
E00003310,app_open,U00561,S0001195,2026-08-09 18:40:00,UK,tablet,android,1.0,recommendation_v2_test,treatment,,,,,
E00003311,search,U00561,S0001195,2026-08-09 18:40:21,UK,tablet,android,1.0,recommendation_v2_test,treatment,running shoes,,,,
E00003312,click,U00561,S0001195,2026-08-09 18:41:04,UK,tablet,android,1.0,recommendation_v2_test,treatment,running shoes,P006,,,
E00003313,app_open,U00561,S0001196,2026-08-09 00:58:00,UK,tablet,android,1.0,recommendation_v2_test,treatment,,,,,
E00003314,search,U00561,S0001196,2026-08-09 00:58:06,UK,tablet,android,1.0,recommendation_v2_test,treatment,watch,,,,
E00003315,app_open,U00562,S0001197,2026-08-14 01:35:00,UK,mobile,ios,1.0,recommendation_v2_test,treatment,,,,,
E00003316,search,U00562,S0001197,2026-08-14 01:35:19,UK,mobile,ios,1.0,recommendation_v2_test,treatment,sunscreen,,,,
E00003317,click,U00562,S0001197,2026-08-14 01:36:16,UK,mobile,ios,1.0,recommendation_v2_test,treatment,sunscreen,P003,,,
E00003318,app_open,U00562,S0001198,2026-08-02 11:40:00,UK,mobile,ios,1.0,recommendation_v2_test,treatment,,,,,
E00003319,search,U00562,S0001198,2026-08-02 11:40:11,UK,mobile,ios,1.0,recommendation_v2_test,treatment,watch,,,,
E00003320,app_open,U00562,S0001199,2026-08-01 16:49:00,UK,mobile,ios,1.0,recommendation_v2_test,treatment,,,,,
E00003321,app_open,U00562,S0001200,2026-08-13 02:46:00,UK,mobile,ios,1.0,recommendation_v2_test,treatment,,,,,
E00003322,app_open,U00563,S0001201,2026-08-12 01:25:00,India,mobile,android,1.1,recommendation_v2_test,treatment,,,,,
E00003323,search,U00563,S0001201,2026-08-12 01:25:51,India,mobile,android,1.1,recommendation_v2_test,treatment,watch,,,,
E00003324,app_open,U00564,S0001202,2026-08-02 19:17:00,UK,desktop,ios,1.0,recommendation_v2_test,treatment,,,,,
E00003325,search,U00564,S0001202,2026-08-02 19:17:16,UK,desktop,ios,1.0,recommendation_v2_test,treatment,sports shoes,,,,
E00003326,click,U00564,S0001202,2026-08-02 19:18:09,UK,desktop,ios,1.0,recommendation_v2_test,treatment,sports shoes,P003,,,
E00003327,add_to_cart,U00564,S0001202,2026-08-02 19:20:44,UK,desktop,ios,1.0,recommendation_v2_test,treatment,sports shoes,P003,1.0,1431.17,
E00003328,purchase,U00564,S0001202,2026-08-02 19:21:10,UK,desktop,ios,1.0,recommendation_v2_test,treatment,sports shoes,P003,1.0,1431.17,O0000079
E00003329,app_open,U00564,S0001203,2026-08-06 23:16:00,UK,desktop,ios,1.0,recommendation_v2_test,treatment,,,,,
E00003330,search,U00564,S0001203,2026-08-06 23:16:18,UK,desktop,ios,1.0,recommendation_v2_test,treatment,watch,,,,
E00003331,click,U00564,S0001203,2026-08-06 23:16:57,UK,desktop,ios,1.0,recommendation_v2_test,treatment,watch,P002,,,
E00003332,app_open,U00564,S0001204,2026-08-09 15:13:00,UK,desktop,ios,1.0,recommendation_v2_test,treatment,,,,,
E00003333,app_open,U00564,S0001205,2026-08-13 12:16:00,UK,desktop,ios,1.0,recommendation_v2_test,treatment,,,,,
E00003334,app_open,U00564,S0001206,2026-08-11 16:15:00,UK,desktop,ios,1.0,recommendation_v2_test,treatment,,,,,
E00003335,search,U00564,S0001206,2026-08-11 16:15:54,UK,desktop,ios,1.0,recommendation_v2_test,treatment,sunscreen,,,,
E00003336,click,U00564,S0001206,2026-08-11 16:17:24,UK,desktop,ios,1.0,recommendation_v2_test,treatment,sunscreen,P006,,,
E00003337,app_open,U00564,S0001207,2026-08-07 20:44:00,UK,desktop,ios,1.0,recommendation_v2_test,treatment,,,,,
E00003338,search,U00564,S0001207,2026-08-07 20:44:29,UK,desktop,ios,1.0,recommendation_v2_test,treatment,sports shoes,,,,
E00003339,click,U00564,S0001207,2026-08-07 20:44:36,UK,desktop,ios,1.0,recommendation_v2_test,treatment,sports shoes,P005,,,
E00003340,app_open,U00565,S0001208,2026-08-14 20:19:00,Australia,mobile,web,1.1,recommendation_v2_test,treatment,,,,,
E00003341,search,U00565,S0001208,2026-08-14 20:19:59,Australia,mobile,web,1.1,recommendation_v2_test,treatment,sports shoes,,,,
E00003342,app_open,U00566,S0001209,2026-08-02 01:33:00,Australia,tablet,android,1.0,recommendation_v2_test,control,,,,,
E00003343,search,U00566,S0001209,2026-08-02 01:33:12,Australia,tablet,android,1.0,recommendation_v2_test,control,running shoes,,,,
E00003344,click,U00566,S0001209,2026-08-02 01:34:27,Australia,tablet,android,1.0,recommendation_v2_test,control,running shoes,P001,,,
E00003345,add_to_cart,U00566,S0001209,2026-08-02 01:35:08,Australia,tablet,android,1.0,recommendation_v2_test,control,running shoes,P001,1.0,1739.07,
E00003346,purchase,U00566,S0001209,2026-08-02 01:37:38,Australia,tablet,android,1.0,recommendation_v2_test,control,running shoes,P001,1.0,1739.07,O0000080
E00003347,app_open,U00566,S0001210,2026-08-02 16:14:00,Australia,tablet,android,1.0,recommendation_v2_test,control,,,,,
E00003348,app_open,U00567,S0001211,2026-08-05 14:33:00,India,mobile,web,1.0,recommendation_v2_test,treatment,,,,,
E00003349,search,U00567,S0001211,2026-08-05 14:33:15,India,mobile,web,1.0,recommendation_v2_test,treatment,sports shoes,,,,
E00003350,app_open,U00568,S0001212,2026-08-09 05:38:00,UK,desktop,web,1.1,recommendation_v2_test,control,,,,,
E00003351,search,U00568,S0001212,2026-08-09 05:38:53,UK,desktop,web,1.1,recommendation_v2_test,control,running shoes,,,,
E00003352,click,U00568,S0001212,2026-08-09 05:39:26,UK,desktop,web,1.1,recommendation_v2_test,control,running shoes,P006,,,
E00003353,app_open,U00568,S0001213,2026-08-09 09:15:00,UK,desktop,web,1.1,recommendation_v2_test,control,,,,,
E00003354,search,U00568,S0001213,2026-08-09 09:15:59,UK,desktop,web,1.1,recommendation_v2_test,control,running shoes,,,,
E00003355,click,U00568,S0001213,2026-08-09 09:16:55,UK,desktop,web,1.1,recommendation_v2_test,control,running shoes,P003,,,
E00003356,app_open,U00569,S0001214,2026-08-06 23:15:00,India,tablet,ios,1.0,recommendation_v2_test,treatment,,,,,
E00003357,search,U00569,S0001214,2026-08-06 23:15:28,India,tablet,ios,1.0,recommendation_v2_test,treatment,watch,,,,
E00003358,click,U00569,S0001214,2026-08-06 23:16:51,India,tablet,ios,1.0,recommendation_v2_test,treatment,watch,P004,,,
E00003359,app_open,U00569,S0001215,2026-08-03 11:57:00,India,tablet,ios,1.0,recommendation_v2_test,treatment,,,,,
E00003360,search,U00569,S0001215,2026-08-03 11:57:21,India,tablet,ios,1.0,recommendation_v2_test,treatment,watch,,,,
E00003361,click,U00569,S0001215,2026-08-03 11:57:39,India,tablet,ios,1.0,recommendation_v2_test,treatment,watch,P005,,,
E00003362,app_open,U00570,S0001216,2026-08-04 09:33:00,UK,desktop,web,1.0,recommendation_v2_test,treatment,,,,,
E00003363,search,U00570,S0001216,2026-08-04 09:33:27,UK,desktop,web,1.0,recommendation_v2_test,treatment,running shoes,,,,
E00003364,click,U00570,S0001216,2026-08-04 09:35:21,UK,desktop,web,1.0,recommendation_v2_test,treatment,running shoes,P001,,,
E00003365,add_to_cart,U00570,S0001216,2026-08-04 09:36:41,UK,desktop,web,1.0,recommendation_v2_test,treatment,running shoes,P001,1.0,5366.7,
E00003366,app_open,U00571,S0001217,2026-08-01 07:42:00,Germany,desktop,android,1.0,recommendation_v2_test,control,,,,,
E00003367,search,U00571,S0001217,2026-08-01 07:42:31,Germany,desktop,android,1.0,recommendation_v2_test,control,sports shoes,,,,
E00003368,app_open,U00571,S0001218,2026-08-02 23:14:00,Germany,desktop,android,1.0,recommendation_v2_test,control,,,,,
E00003369,search,U00571,S0001218,2026-08-02 23:14:20,Germany,desktop,android,1.0,recommendation_v2_test,control,black tshirt,,,,
E00003370,click,U00571,S0001218,2026-08-02 23:15:14,Germany,desktop,android,1.0,recommendation_v2_test,control,black tshirt,P001,,,
E00003371,add_to_cart,U00571,S0001218,2026-08-02 23:16:59,Germany,desktop,android,1.0,recommendation_v2_test,control,black tshirt,P001,1.0,4226.75,
E00003372,purchase,U00571,S0001218,2026-08-02 23:21:17,Germany,desktop,android,1.0,recommendation_v2_test,control,black tshirt,P001,1.0,4226.75,O0000081
E00003373,app_open,U00572,S0001219,2026-08-03 20:24:00,UK,tablet,ios,1.1,recommendation_v2_test,control,,,,,
E00003374,search,U00572,S0001219,2026-08-03 20:24:50,UK,tablet,ios,1.1,recommendation_v2_test,control,sports shoes,,,,
E00003375,click,U00572,S0001219,2026-08-03 20:26:42,UK,tablet,ios,1.1,recommendation_v2_test,control,sports shoes,P005,,,
E00003376,app_open,U00573,S0001220,2026-08-02 03:56:00,Australia,desktop,web,1.1,recommendation_v2_test,treatment,,,,,
E00003377,search,U00573,S0001220,2026-08-02 03:56:35,Australia,desktop,web,1.1,recommendation_v2_test,treatment,watch,,,,
E00003378,click,U00573,S0001220,2026-08-02 03:58:26,Australia,desktop,web,1.1,recommendation_v2_test,treatment,watch,P001,,,
E00003379,app_open,U00573,S0001221,2026-08-03 14:34:00,Australia,desktop,web,1.1,recommendation_v2_test,treatment,,,,,
E00003380,search,U00573,S0001221,2026-08-03 14:34:57,Australia,desktop,web,1.1,recommendation_v2_test,treatment,watch,,,,
E00003381,click,U00573,S0001221,2026-08-03 14:35:04,Australia,desktop,web,1.1,recommendation_v2_test,treatment,watch,P001,,,
E00003382,add_to_cart,U00573,S0001221,2026-08-03 14:38:02,Australia,desktop,web,1.1,recommendation_v2_test,treatment,watch,P001,1.0,4778.31,
E00003383,app_open,U00573,S0001222,2026-08-14 09:37:00,Australia,desktop,web,1.1,recommendation_v2_test,treatment,,,,,
E00003384,search,U00573,S0001222,2026-08-14 09:37:28,Australia,desktop,web,1.1,recommendation_v2_test,treatment,sunscreen,,,,
E00003385,click,U00573,S0001222,2026-08-14 09:38:22,Australia,desktop,web,1.1,recommendation_v2_test,treatment,sunscreen,P004,,,
E00003386,add_to_cart,U00573,S0001222,2026-08-14 09:41:08,Australia,desktop,web,1.1,recommendation_v2_test,treatment,sunscreen,P004,1.0,4388.26,
E00003387,app_open,U00574,S0001223,2026-08-12 00:36:00,Australia,mobile,web,1.0,recommendation_v2_test,control,,,,,
E00003388,search,U00574,S0001223,2026-08-12 00:36:13,Australia,mobile,web,1.0,recommendation_v2_test,control,running shoes,,,,
E00003389,app_open,U00575,S0001224,2026-08-02 18:33:00,Australia,desktop,web,1.0,recommendation_v2_test,treatment,,,,,
E00003390,search,U00575,S0001224,2026-08-02 18:33:23,Australia,desktop,web,1.0,recommendation_v2_test,treatment,sports shoes,,,,
E00003391,click,U00575,S0001224,2026-08-02 18:33:42,Australia,desktop,web,1.0,recommendation_v2_test,treatment,sports shoes,P004,,,
E00003392,app_open,U00575,S0001225,2026-08-12 14:09:00,Australia,desktop,web,1.0,recommendation_v2_test,treatment,,,,,
E00003393,search,U00575,S0001225,2026-08-12 14:09:58,Australia,desktop,web,1.0,recommendation_v2_test,treatment,running shoes,,,,
E00003394,click,U00575,S0001225,2026-08-12 14:11:42,Australia,desktop,web,1.0,recommendation_v2_test,treatment,running shoes,P004,,,
E00003395,app_open,U00576,S0001226,2026-08-12 20:00:00,Australia,mobile,android,1.0,recommendation_v2_test,control,,,,,
E00003396,search,U00576,S0001226,2026-08-12 20:00:32,Australia,mobile,android,1.0,recommendation_v2_test,control,running shoes,,,,
E00003397,app_open,U00577,S0001227,2026-08-02 08:49:00,India,mobile,android,1.0,recommendation_v2_test,control,,,,,
E00003398,search,U00577,S0001227,2026-08-02 08:49:10,India,mobile,android,1.0,recommendation_v2_test,control,sports shoes,,,,
E00003399,click,U00577,S0001227,2026-08-02 08:49:32,India,mobile,android,1.0,recommendation_v2_test,control,sports shoes,P004,,,
E00003400,app_open,U00577,S0001228,2026-08-11 05:32:00,India,mobile,android,1.0,recommendation_v2_test,control,,,,,
E00003401,search,U00577,S0001228,2026-08-11 05:32:10,India,mobile,android,1.0,recommendation_v2_test,control,sports shoes,,,,
E00003402,app_open,U00578,S0001229,2026-08-02 16:26:00,UK,mobile,ios,1.0,recommendation_v2_test,control,,,,,
E00003403,search,U00578,S0001229,2026-08-02 16:26:12,UK,mobile,ios,1.0,recommendation_v2_test,control,running shoes,,,,
E00003404,click,U00578,S0001229,2026-08-02 16:26:29,UK,mobile,ios,1.0,recommendation_v2_test,control,running shoes,P006,,,
E00003405,app_open,U00579,S0001230,2026-08-05 01:22:00,India,mobile,web,1.1,recommendation_v2_test,control,,,,,
E00003406,search,U00579,S0001230,2026-08-05 01:22:51,India,mobile,web,1.1,recommendation_v2_test,control,running shoes,,,,
E00003407,click,U00579,S0001230,2026-08-05 01:23:42,India,mobile,web,1.1,recommendation_v2_test,control,running shoes,P006,,,
E00003408,app_open,U00580,S0001231,2026-08-08 15:22:00,Germany,mobile,ios,1.1,recommendation_v2_test,treatment,,,,,
E00003409,search,U00580,S0001231,2026-08-08 15:22:32,Germany,mobile,ios,1.1,recommendation_v2_test,treatment,running shoes,,,,
E00003410,app_open,U00580,S0001232,2026-08-06 22:54:00,Germany,mobile,ios,1.1,recommendation_v2_test,treatment,,,,,
E00003411,search,U00580,S0001232,2026-08-06 22:54:10,Germany,mobile,ios,1.1,recommendation_v2_test,treatment,sunscreen,,,,
E00003412,click,U00580,S0001232,2026-08-06 22:56:08,Germany,mobile,ios,1.1,recommendation_v2_test,treatment,sunscreen,P001,,,
E00003413,add_to_cart,U00580,S0001232,2026-08-06 22:58:46,Germany,mobile,ios,1.1,recommendation_v2_test,treatment,sunscreen,P001,1.0,844.57,
E00003414,app_open,U00581,S0001233,2026-08-01 23:38:00,India,desktop,ios,1.1,recommendation_v2_test,control,,,,,
E00003415,search,U00581,S0001233,2026-08-01 23:38:20,India,desktop,ios,1.1,recommendation_v2_test,control,black tshirt,,,,
E00003416,click,U00581,S0001233,2026-08-01 23:38:56,India,desktop,ios,1.1,recommendation_v2_test,control,black tshirt,P003,,,
E00003417,app_open,U00581,S0001234,2026-08-04 15:20:00,India,desktop,ios,1.1,recommendation_v2_test,control,,,,,
E00003418,search,U00581,S0001234,2026-08-04 15:20:58,India,desktop,ios,1.1,recommendation_v2_test,control,watch,,,,
E00003419,click,U00581,S0001234,2026-08-04 15:22:33,India,desktop,ios,1.1,recommendation_v2_test,control,watch,P002,,,
E00003420,app_open,U00581,S0001235,2026-08-03 12:26:00,India,desktop,ios,1.1,recommendation_v2_test,control,,,,,
E00003421,app_open,U00582,S0001236,2026-08-08 19:06:00,Germany,desktop,android,1.1,recommendation_v2_test,control,,,,,
E00003422,search,U00582,S0001236,2026-08-08 19:06:22,Germany,desktop,android,1.1,recommendation_v2_test,control,watch,,,,
E00003423,app_open,U00582,S0001237,2026-08-07 08:14:00,Germany,desktop,android,1.1,recommendation_v2_test,control,,,,,
E00003424,search,U00582,S0001237,2026-08-07 08:14:38,Germany,desktop,android,1.1,recommendation_v2_test,control,watch,,,,
E00003425,click,U00582,S0001237,2026-08-07 08:15:31,Germany,desktop,android,1.1,recommendation_v2_test,control,watch,P006,,,
E00003426,add_to_cart,U00582,S0001237,2026-08-07 08:17:53,Germany,desktop,android,1.1,recommendation_v2_test,control,watch,P006,1.0,1597.64,
E00003427,purchase,U00582,S0001237,2026-08-07 08:21:16,Germany,desktop,android,1.1,recommendation_v2_test,control,watch,P006,1.0,1597.64,O0000082
E00003428,app_open,U00583,S0001238,2026-08-13 22:04:00,Germany,tablet,web,1.0,recommendation_v2_test,treatment,,,,,
E00003429,search,U00583,S0001238,2026-08-13 22:04:38,Germany,tablet,web,1.0,recommendation_v2_test,treatment,sports shoes,,,,
E00003430,app_open,U00583,S0001239,2026-08-14 20:54:00,Germany,tablet,web,1.0,recommendation_v2_test,treatment,,,,,
E00003431,search,U00583,S0001239,2026-08-14 20:54:09,Germany,tablet,web,1.0,recommendation_v2_test,treatment,watch,,,,
E00003432,app_open,U00584,S0001240,2026-08-14 16:59:00,UK,mobile,web,1.0,recommendation_v2_test,treatment,,,,,
E00003433,search,U00584,S0001240,2026-08-14 16:59:35,UK,mobile,web,1.0,recommendation_v2_test,treatment,sunscreen,,,,
E00003434,app_open,U00585,S0001241,2026-08-05 14:44:00,Australia,tablet,ios,1.0,recommendation_v2_test,treatment,,,,,
E00003435,search,U00585,S0001241,2026-08-05 14:44:21,Australia,tablet,ios,1.0,recommendation_v2_test,treatment,black tshirt,,,,
E00003436,app_open,U00586,S0001242,2026-08-04 20:30:00,India,desktop,android,1.1,recommendation_v2_test,control,,,,,
E00003437,search,U00586,S0001242,2026-08-04 20:30:10,India,desktop,android,1.1,recommendation_v2_test,control,watch,,,,
E00003438,app_open,U00587,S0001243,2026-08-03 06:15:00,Germany,desktop,ios,1.0,recommendation_v2_test,treatment,,,,,
E00003439,search,U00587,S0001243,2026-08-03 06:15:12,Germany,desktop,ios,1.0,recommendation_v2_test,treatment,black tshirt,,,,
E00003440,click,U00587,S0001243,2026-08-03 06:16:41,Germany,desktop,ios,1.0,recommendation_v2_test,treatment,black tshirt,P002,,,
E00003441,add_to_cart,U00587,S0001243,2026-08-03 06:17:00,Germany,desktop,ios,1.0,recommendation_v2_test,treatment,black tshirt,P002,1.0,1316.67,
E00003442,app_open,U00588,S0001244,2026-08-04 23:55:00,Australia,desktop,web,1.0,recommendation_v2_test,control,,,,,
E00003443,search,U00588,S0001244,2026-08-04 23:55:32,Australia,desktop,web,1.0,recommendation_v2_test,control,black tshirt,,,,
E00003444,click,U00588,S0001244,2026-08-04 23:55:46,Australia,desktop,web,1.0,recommendation_v2_test,control,black tshirt,P002,,,
E00003445,app_open,U00588,S0001245,2026-08-06 14:20:00,Australia,desktop,web,1.0,recommendation_v2_test,control,,,,,
E00003446,search,U00588,S0001245,2026-08-06 14:20:22,Australia,desktop,web,1.0,recommendation_v2_test,control,running shoes,,,,
E00003447,app_open,U00589,S0001246,2026-08-07 22:29:00,India,tablet,web,1.0,recommendation_v2_test,treatment,,,,,
E00003448,search,U00589,S0001246,2026-08-07 22:29:58,India,tablet,web,1.0,recommendation_v2_test,treatment,sunscreen,,,,
E00003449,click,U00589,S0001246,2026-08-07 22:31:56,India,tablet,web,1.0,recommendation_v2_test,treatment,sunscreen,P006,,,
E00003450,app_open,U00590,S0001247,2026-08-11 03:50:00,Germany,desktop,android,1.0,recommendation_v2_test,control,,,,,
E00003451,search,U00590,S0001247,2026-08-11 03:50:52,Germany,desktop,android,1.0,recommendation_v2_test,control,running shoes,,,,
E00003452,click,U00590,S0001247,2026-08-11 03:52:07,Germany,desktop,android,1.0,recommendation_v2_test,control,running shoes,P006,,,
E00003453,app_open,U00590,S0001248,2026-08-05 19:51:00,Germany,desktop,android,1.0,recommendation_v2_test,control,,,,,
E00003454,search,U00590,S0001248,2026-08-05 19:51:16,Germany,desktop,android,1.0,recommendation_v2_test,control,running shoes,,,,
E00003455,click,U00590,S0001248,2026-08-05 19:52:01,Germany,desktop,android,1.0,recommendation_v2_test,control,running shoes,P001,,,
E00003456,add_to_cart,U00590,S0001248,2026-08-05 19:54:13,Germany,desktop,android,1.0,recommendation_v2_test,control,running shoes,P001,1.0,1426.95,
E00003457,app_open,U00590,S0001249,2026-08-11 07:45:00,Germany,desktop,android,1.0,recommendation_v2_test,control,,,,,
E00003458,search,U00590,S0001249,2026-08-11 07:45:22,Germany,desktop,android,1.0,recommendation_v2_test,control,running shoes,,,,
E00003459,click,U00590,S0001249,2026-08-11 07:46:46,Germany,desktop,android,1.0,recommendation_v2_test,control,running shoes,P004,,,
E00003460,add_to_cart,U00590,S0001249,2026-08-11 07:49:42,Germany,desktop,android,1.0,recommendation_v2_test,control,running shoes,P004,1.0,1705.28,
E00003461,purchase,U00590,S0001249,2026-08-11 07:50:55,Germany,desktop,android,1.0,recommendation_v2_test,control,running shoes,P004,1.0,1705.28,O0000083
E00003462,app_open,U00590,S0001250,2026-08-05 03:50:00,Germany,desktop,android,1.0,recommendation_v2_test,control,,,,,
E00003463,search,U00590,S0001250,2026-08-05 03:50:18,Germany,desktop,android,1.0,recommendation_v2_test,control,black tshirt,,,,
E00003464,click,U00590,S0001250,2026-08-05 03:52:03,Germany,desktop,android,1.0,recommendation_v2_test,control,black tshirt,P001,,,
E00003465,add_to_cart,U00590,S0001250,2026-08-05 03:53:55,Germany,desktop,android,1.0,recommendation_v2_test,control,black tshirt,P001,1.0,1024.05,
E00003466,purchase,U00590,S0001250,2026-08-05 03:56:41,Germany,desktop,android,1.0,recommendation_v2_test,control,black tshirt,P001,1.0,1024.05,O0000084
E00003467,app_open,U00590,S0001251,2026-08-01 18:33:00,Germany,desktop,android,1.0,recommendation_v2_test,control,,,,,
E00003468,app_open,U00590,S0001252,2026-08-08 11:09:00,Germany,desktop,android,1.0,recommendation_v2_test,control,,,,,
E00003469,search,U00590,S0001252,2026-08-08 11:09:13,Germany,desktop,android,1.0,recommendation_v2_test,control,black tshirt,,,,
E00003470,click,U00590,S0001252,2026-08-08 11:10:27,Germany,desktop,android,1.0,recommendation_v2_test,control,black tshirt,P006,,,
E00003471,app_open,U00591,S0001253,2026-08-02 15:23:00,Australia,mobile,android,1.1,recommendation_v2_test,control,,,,,
E00003472,search,U00591,S0001253,2026-08-02 15:23:38,Australia,mobile,android,1.1,recommendation_v2_test,control,sports shoes,,,,
E00003473,click,U00591,S0001253,2026-08-02 15:24:43,Australia,mobile,android,1.1,recommendation_v2_test,control,sports shoes,P004,,,
E00003474,add_to_cart,U00591,S0001253,2026-08-02 15:26:46,Australia,mobile,android,1.1,recommendation_v2_test,control,sports shoes,P004,1.0,4249.4,
E00003475,app_open,U00591,S0001254,2026-08-11 05:01:00,Australia,mobile,android,1.1,recommendation_v2_test,control,,,,,
E00003476,search,U00591,S0001254,2026-08-11 05:01:48,Australia,mobile,android,1.1,recommendation_v2_test,control,watch,,,,
E00003477,click,U00591,S0001254,2026-08-11 05:02:02,Australia,mobile,android,1.1,recommendation_v2_test,control,watch,P005,,,
E00003478,app_open,U00592,S0001255,2026-08-13 02:10:00,India,desktop,web,1.0,recommendation_v2_test,control,,,,,
E00003479,search,U00592,S0001255,2026-08-13 02:10:25,India,desktop,web,1.0,recommendation_v2_test,control,watch,,,,
E00003480,app_open,U00592,S0001256,2026-08-06 00:38:00,India,desktop,web,1.0,recommendation_v2_test,control,,,,,
E00003481,search,U00592,S0001256,2026-08-06 00:38:40,India,desktop,web,1.0,recommendation_v2_test,control,sunscreen,,,,
E00003482,app_open,U00592,S0001257,2026-08-09 21:41:00,India,desktop,web,1.0,recommendation_v2_test,control,,,,,
E00003483,search,U00592,S0001257,2026-08-09 21:41:47,India,desktop,web,1.0,recommendation_v2_test,control,sunscreen,,,,
E00003484,app_open,U00593,S0001258,2026-08-13 16:45:00,India,tablet,ios,1.1,recommendation_v2_test,control,,,,,
E00003485,search,U00593,S0001258,2026-08-13 16:45:33,India,tablet,ios,1.1,recommendation_v2_test,control,black tshirt,,,,
E00003486,app_open,U00594,S0001259,2026-08-08 12:46:00,Australia,desktop,ios,1.0,recommendation_v2_test,control,,,,,
E00003487,search,U00594,S0001259,2026-08-08 12:46:52,Australia,desktop,ios,1.0,recommendation_v2_test,control,sports shoes,,,,
E00003488,click,U00594,S0001259,2026-08-08 12:48:26,Australia,desktop,ios,1.0,recommendation_v2_test,control,sports shoes,P006,,,
E00003489,app_open,U00595,S0001260,2026-08-03 09:36:00,UK,desktop,android,1.1,recommendation_v2_test,control,,,,,
E00003490,search,U00595,S0001260,2026-08-03 09:36:25,UK,desktop,android,1.1,recommendation_v2_test,control,sports shoes,,,,
E00003491,app_open,U00595,S0001261,2026-08-09 02:31:00,UK,desktop,android,1.1,recommendation_v2_test,control,,,,,
E00003492,search,U00595,S0001261,2026-08-09 02:31:43,UK,desktop,android,1.1,recommendation_v2_test,control,sports shoes,,,,
E00003493,app_open,U00596,S0001262,2026-08-05 17:42:00,UK,tablet,android,1.1,recommendation_v2_test,control,,,,,
E00003494,search,U00596,S0001262,2026-08-05 17:42:18,UK,tablet,android,1.1,recommendation_v2_test,control,watch,,,,
E00003495,app_open,U00596,S0001263,2026-08-07 07:12:00,UK,tablet,android,1.1,recommendation_v2_test,control,,,,,
E00003496,search,U00596,S0001263,2026-08-07 07:12:17,UK,tablet,android,1.1,recommendation_v2_test,control,running shoes,,,,
E00003497,app_open,U00597,S0001264,2026-08-06 06:20:00,India,desktop,web,1.0,recommendation_v2_test,treatment,,,,,
E00003498,search,U00597,S0001264,2026-08-06 06:20:46,India,desktop,web,1.0,recommendation_v2_test,treatment,watch,,,,
E00003499,click,U00597,S0001264,2026-08-06 06:21:19,India,desktop,web,1.0,recommendation_v2_test,treatment,watch,P004,,,
E00003500,app_open,U00598,S0001265,2026-08-03 06:44:00,Germany,mobile,ios,1.0,recommendation_v2_test,treatment,,,,,
E00003501,search,U00598,S0001265,2026-08-03 06:44:37,Germany,mobile,ios,1.0,recommendation_v2_test,treatment,sunscreen,,,,
E00003502,click,U00598,S0001265,2026-08-03 06:46:10,Germany,mobile,ios,1.0,recommendation_v2_test,treatment,sunscreen,P004,,,
E00003503,add_to_cart,U00598,S0001265,2026-08-03 06:47:26,Germany,mobile,ios,1.0,recommendation_v2_test,treatment,sunscreen,P004,1.0,3832.64,
E00003504,purchase,U00598,S0001265,2026-08-03 06:51:07,Germany,mobile,ios,1.0,recommendation_v2_test,treatment,sunscreen,P004,1.0,3832.64,O0000085
E00003505,app_open,U00598,S0001266,2026-08-11 08:28:00,Germany,mobile,ios,1.0,recommendation_v2_test,treatment,,,,,
E00003506,search,U00598,S0001266,2026-08-11 08:28:43,Germany,mobile,ios,1.0,recommendation_v2_test,treatment,running shoes,,,,
E00003507,click,U00598,S0001266,2026-08-11 08:29:14,Germany,mobile,ios,1.0,recommendation_v2_test,treatment,running shoes,P004,,,
E00003508,app_open,U00599,S0001267,2026-08-01 16:55:00,Germany,tablet,web,1.1,recommendation_v2_test,control,,,,,
E00003509,search,U00599,S0001267,2026-08-01 16:55:24,Germany,tablet,web,1.1,recommendation_v2_test,control,sunscreen,,,,
E00003510,click,U00599,S0001267,2026-08-01 16:57:00,Germany,tablet,web,1.1,recommendation_v2_test,control,sunscreen,P005,,,
E00003511,app_open,U00599,S0001268,2026-08-14 11:49:00,Germany,tablet,web,1.1,recommendation_v2_test,control,,,,,
E00003512,search,U00599,S0001268,2026-08-14 11:49:05,Germany,tablet,web,1.1,recommendation_v2_test,control,watch,,,,
E00003513,app_open,U00600,S0001269,2026-08-12 18:57:00,India,desktop,web,1.1,recommendation_v2_test,treatment,,,,,
E00003514,search,U00600,S0001269,2026-08-12 18:57:41,India,desktop,web,1.1,recommendation_v2_test,treatment,sunscreen,,,,
E00003515,click,U00600,S0001269,2026-08-12 18:57:55,India,desktop,web,1.1,recommendation_v2_test,treatment,sunscreen,P004,,,
E00003516,add_to_cart,U00600,S0001269,2026-08-12 18:58:06,India,desktop,web,1.1,recommendation_v2_test,treatment,sunscreen,P004,1.0,733.12,
E00003517,app_open,U00600,S0001270,2026-08-12 20:09:00,India,desktop,web,1.1,recommendation_v2_test,treatment,,,,,
E00003518,search,U00600,S0001270,2026-08-12 20:09:48,India,desktop,web,1.1,recommendation_v2_test,treatment,sports shoes,,,,
E00003519,app_open,U00600,S0001271,2026-08-11 08:55:00,India,desktop,web,1.1,recommendation_v2_test,treatment,,,,,
E00003520,search,U00600,S0001271,2026-08-11 08:55:32,India,desktop,web,1.1,recommendation_v2_test,treatment,running shoes,,,,
E00003521,click,U00600,S0001271,2026-08-11 08:56:45,India,desktop,web,1.1,recommendation_v2_test,treatment,running shoes,P006,,,
E00003522,app_open,U00601,S0001272,2026-08-06 18:16:00,Germany,tablet,ios,1.1,recommendation_v2_test,treatment,,,,,
E00003523,search,U00601,S0001272,2026-08-06 18:16:53,Germany,tablet,ios,1.1,recommendation_v2_test,treatment,sports shoes,,,,
E00003524,click,U00601,S0001272,2026-08-06 18:17:54,Germany,tablet,ios,1.1,recommendation_v2_test,treatment,sports shoes,P005,,,
E00003525,app_open,U00601,S0001273,2026-08-09 06:27:00,Germany,tablet,ios,1.1,recommendation_v2_test,treatment,,,,,
E00003526,search,U00601,S0001273,2026-08-09 06:27:15,Germany,tablet,ios,1.1,recommendation_v2_test,treatment,black tshirt,,,,
E00003527,click,U00601,S0001273,2026-08-09 06:29:04,Germany,tablet,ios,1.1,recommendation_v2_test,treatment,black tshirt,P001,,,
E00003528,add_to_cart,U00601,S0001273,2026-08-09 06:29:48,Germany,tablet,ios,1.1,recommendation_v2_test,treatment,black tshirt,P001,1.0,3294.34,
E00003529,app_open,U00602,S0001274,2026-08-13 14:30:00,UK,tablet,ios,1.1,recommendation_v2_test,control,,,,,
E00003530,search,U00602,S0001274,2026-08-13 14:30:25,UK,tablet,ios,1.1,recommendation_v2_test,control,running shoes,,,,
E00003531,click,U00602,S0001274,2026-08-13 14:32:03,UK,tablet,ios,1.1,recommendation_v2_test,control,running shoes,P005,,,
E00003532,app_open,U00602,S0001275,2026-08-13 09:29:00,UK,tablet,ios,1.1,recommendation_v2_test,control,,,,,
E00003533,search,U00602,S0001275,2026-08-13 09:29:40,UK,tablet,ios,1.1,recommendation_v2_test,control,black tshirt,,,,
E00003534,click,U00602,S0001275,2026-08-13 09:29:57,UK,tablet,ios,1.1,recommendation_v2_test,control,black tshirt,P006,,,
E00003535,add_to_cart,U00602,S0001275,2026-08-13 09:30:54,UK,tablet,ios,1.1,recommendation_v2_test,control,black tshirt,P006,1.0,1993.69,
E00003536,app_open,U00602,S0001276,2026-08-02 07:47:00,UK,tablet,ios,1.1,recommendation_v2_test,control,,,,,
E00003537,search,U00602,S0001276,2026-08-02 07:47:15,UK,tablet,ios,1.1,recommendation_v2_test,control,watch,,,,
E00003538,click,U00602,S0001276,2026-08-02 07:48:00,UK,tablet,ios,1.1,recommendation_v2_test,control,watch,P005,,,
E00003539,app_open,U00603,S0001277,2026-08-08 22:03:00,UK,mobile,android,1.1,recommendation_v2_test,treatment,,,,,
E00003540,search,U00603,S0001277,2026-08-08 22:03:53,UK,mobile,android,1.1,recommendation_v2_test,treatment,black tshirt,,,,
E00003541,click,U00603,S0001277,2026-08-08 22:04:17,UK,mobile,android,1.1,recommendation_v2_test,treatment,black tshirt,P002,,,
E00003542,app_open,U00603,S0001278,2026-08-07 09:19:00,UK,mobile,android,1.1,recommendation_v2_test,treatment,,,,,
E00003543,search,U00603,S0001278,2026-08-07 09:19:26,UK,mobile,android,1.1,recommendation_v2_test,treatment,watch,,,,
E00003544,click,U00603,S0001278,2026-08-07 09:20:09,UK,mobile,android,1.1,recommendation_v2_test,treatment,watch,P004,,,
E00003545,app_open,U00603,S0001279,2026-08-08 15:32:00,UK,mobile,android,1.1,recommendation_v2_test,treatment,,,,,
E00003546,search,U00603,S0001279,2026-08-08 15:32:07,UK,mobile,android,1.1,recommendation_v2_test,treatment,watch,,,,
E00003547,app_open,U00603,S0001280,2026-08-13 09:52:00,UK,mobile,android,1.1,recommendation_v2_test,treatment,,,,,
E00003548,search,U00603,S0001280,2026-08-13 09:52:30,UK,mobile,android,1.1,recommendation_v2_test,treatment,watch,,,,
E00003549,click,U00603,S0001280,2026-08-13 09:53:52,UK,mobile,android,1.1,recommendation_v2_test,treatment,watch,P003,,,
E00003550,add_to_cart,U00603,S0001280,2026-08-13 09:55:04,UK,mobile,android,1.1,recommendation_v2_test,treatment,watch,P003,1.0,5304.3,
E00003551,app_open,U00604,S0001281,2026-08-02 07:07:00,Australia,tablet,web,1.1,recommendation_v2_test,control,,,,,
E00003552,search,U00604,S0001281,2026-08-02 07:07:05,Australia,tablet,web,1.1,recommendation_v2_test,control,black tshirt,,,,
E00003553,app_open,U00605,S0001282,2026-08-14 22:56:00,UK,desktop,ios,1.1,recommendation_v2_test,control,,,,,
E00003554,search,U00605,S0001282,2026-08-14 22:56:15,UK,desktop,ios,1.1,recommendation_v2_test,control,sports shoes,,,,
E00003555,click,U00605,S0001282,2026-08-14 22:57:28,UK,desktop,ios,1.1,recommendation_v2_test,control,sports shoes,P005,,,
E00003556,app_open,U00605,S0001283,2026-08-12 01:12:00,UK,desktop,ios,1.1,recommendation_v2_test,control,,,,,
E00003557,search,U00605,S0001283,2026-08-12 01:12:36,UK,desktop,ios,1.1,recommendation_v2_test,control,black tshirt,,,,
E00003558,click,U00605,S0001283,2026-08-12 01:13:36,UK,desktop,ios,1.1,recommendation_v2_test,control,black tshirt,P005,,,
E00003559,add_to_cart,U00605,S0001283,2026-08-12 01:16:10,UK,desktop,ios,1.1,recommendation_v2_test,control,black tshirt,P005,1.0,4309.44,
E00003560,app_open,U00605,S0001284,2026-08-11 18:27:00,UK,desktop,ios,1.1,recommendation_v2_test,control,,,,,
E00003561,search,U00605,S0001284,2026-08-11 18:27:43,UK,desktop,ios,1.1,recommendation_v2_test,control,black tshirt,,,,
E00003562,click,U00605,S0001284,2026-08-11 18:27:54,UK,desktop,ios,1.1,recommendation_v2_test,control,black tshirt,P001,,,
E00003563,app_open,U00605,S0001285,2026-08-12 19:23:00,UK,desktop,ios,1.1,recommendation_v2_test,control,,,,,
E00003564,app_open,U00606,S0001286,2026-08-04 09:20:00,UK,mobile,ios,1.0,recommendation_v2_test,control,,,,,
E00003565,search,U00606,S0001286,2026-08-04 09:20:13,UK,mobile,ios,1.0,recommendation_v2_test,control,watch,,,,
E00003566,app_open,U00606,S0001287,2026-08-09 04:55:00,UK,mobile,ios,1.0,recommendation_v2_test,control,,,,,
E00003567,search,U00606,S0001287,2026-08-09 04:55:31,UK,mobile,ios,1.0,recommendation_v2_test,control,sports shoes,,,,
E00003568,app_open,U00606,S0001288,2026-08-08 22:59:00,UK,mobile,ios,1.0,recommendation_v2_test,control,,,,,
E00003569,search,U00606,S0001288,2026-08-08 22:59:43,UK,mobile,ios,1.0,recommendation_v2_test,control,black tshirt,,,,
E00003570,click,U00606,S0001288,2026-08-08 23:01:20,UK,mobile,ios,1.0,recommendation_v2_test,control,black tshirt,P002,,,
E00003571,app_open,U00606,S0001289,2026-08-02 07:05:00,UK,mobile,ios,1.0,recommendation_v2_test,control,,,,,
E00003572,app_open,U00606,S0001290,2026-08-04 10:20:00,UK,mobile,ios,1.0,recommendation_v2_test,control,,,,,
E00003573,search,U00606,S0001290,2026-08-04 10:20:50,UK,mobile,ios,1.0,recommendation_v2_test,control,watch,,,,
E00003574,click,U00606,S0001290,2026-08-04 10:22:43,UK,mobile,ios,1.0,recommendation_v2_test,control,watch,P003,,,
E00003575,app_open,U00606,S0001291,2026-08-05 21:48:00,UK,mobile,ios,1.0,recommendation_v2_test,control,,,,,
E00003576,search,U00606,S0001291,2026-08-05 21:48:19,UK,mobile,ios,1.0,recommendation_v2_test,control,running shoes,,,,
E00003577,app_open,U00606,S0001292,2026-08-05 16:50:00,UK,mobile,ios,1.0,recommendation_v2_test,control,,,,,
E00003578,search,U00606,S0001292,2026-08-05 16:50:25,UK,mobile,ios,1.0,recommendation_v2_test,control,sunscreen,,,,
E00003579,click,U00606,S0001292,2026-08-05 16:52:24,UK,mobile,ios,1.0,recommendation_v2_test,control,sunscreen,P001,,,
E00003580,app_open,U00606,S0001293,2026-08-10 05:18:00,UK,mobile,ios,1.0,recommendation_v2_test,control,,,,,
E00003581,search,U00606,S0001293,2026-08-10 05:18:05,UK,mobile,ios,1.0,recommendation_v2_test,control,sports shoes,,,,
E00003582,click,U00606,S0001293,2026-08-10 05:18:51,UK,mobile,ios,1.0,recommendation_v2_test,control,sports shoes,P006,,,
E00003583,app_open,U00607,S0001294,2026-08-11 10:54:00,UK,tablet,ios,1.0,recommendation_v2_test,treatment,,,,,
E00003584,search,U00607,S0001294,2026-08-11 10:54:30,UK,tablet,ios,1.0,recommendation_v2_test,treatment,sports shoes,,,,
E00003585,click,U00607,S0001294,2026-08-11 10:55:56,UK,tablet,ios,1.0,recommendation_v2_test,treatment,sports shoes,P006,,,
E00003586,app_open,U00608,S0001295,2026-08-12 19:59:00,India,tablet,web,1.1,recommendation_v2_test,control,,,,,
E00003587,search,U00608,S0001295,2026-08-12 19:59:58,India,tablet,web,1.1,recommendation_v2_test,control,sunscreen,,,,
E00003588,app_open,U00609,S0001296,2026-08-13 09:03:00,Australia,desktop,android,1.1,recommendation_v2_test,control,,,,,
E00003589,search,U00609,S0001296,2026-08-13 09:03:25,Australia,desktop,android,1.1,recommendation_v2_test,control,black tshirt,,,,
E00003590,app_open,U00609,S0001297,2026-08-11 16:50:00,Australia,desktop,android,1.1,recommendation_v2_test,control,,,,,
E00003591,search,U00609,S0001297,2026-08-11 16:50:44,Australia,desktop,android,1.1,recommendation_v2_test,control,sports shoes,,,,
E00003592,click,U00609,S0001297,2026-08-11 16:51:53,Australia,desktop,android,1.1,recommendation_v2_test,control,sports shoes,P002,,,
E00003593,app_open,U00609,S0001298,2026-08-04 12:31:00,Australia,desktop,android,1.1,recommendation_v2_test,control,,,,,
E00003594,search,U00609,S0001298,2026-08-04 12:31:45,Australia,desktop,android,1.1,recommendation_v2_test,control,black tshirt,,,,
E00003595,app_open,U00609,S0001299,2026-08-02 09:23:00,Australia,desktop,android,1.1,recommendation_v2_test,control,,,,,
E00003596,search,U00609,S0001299,2026-08-02 09:23:18,Australia,desktop,android,1.1,recommendation_v2_test,control,sports shoes,,,,
E00003597,click,U00609,S0001299,2026-08-02 09:24:30,Australia,desktop,android,1.1,recommendation_v2_test,control,sports shoes,P005,,,
E00003598,app_open,U00609,S0001300,2026-08-10 21:53:00,Australia,desktop,android,1.1,recommendation_v2_test,control,,,,,
E00003599,search,U00609,S0001300,2026-08-10 21:53:51,Australia,desktop,android,1.1,recommendation_v2_test,control,running shoes,,,,
E00003600,click,U00609,S0001300,2026-08-10 21:54:59,Australia,desktop,android,1.1,recommendation_v2_test,control,running shoes,P001,,,
E00003601,app_open,U00609,S0001301,2026-08-11 17:21:00,Australia,desktop,android,1.1,recommendation_v2_test,control,,,,,
E00003602,search,U00609,S0001301,2026-08-11 17:21:49,Australia,desktop,android,1.1,recommendation_v2_test,control,watch,,,,
E00003603,click,U00609,S0001301,2026-08-11 17:23:48,Australia,desktop,android,1.1,recommendation_v2_test,control,watch,P001,,,
E00003604,app_open,U00610,S0001302,2026-08-12 07:17:00,India,tablet,android,1.0,recommendation_v2_test,treatment,,,,,
E00003605,search,U00610,S0001302,2026-08-12 07:17:57,India,tablet,android,1.0,recommendation_v2_test,treatment,black tshirt,,,,
E00003606,app_open,U00611,S0001303,2026-08-14 12:25:00,India,tablet,ios,1.0,recommendation_v2_test,control,,,,,
E00003607,search,U00611,S0001303,2026-08-14 12:25:11,India,tablet,ios,1.0,recommendation_v2_test,control,sports shoes,,,,
E00003608,click,U00611,S0001303,2026-08-14 12:25:33,India,tablet,ios,1.0,recommendation_v2_test,control,sports shoes,P003,,,
E00003609,add_to_cart,U00611,S0001303,2026-08-14 12:27:19,India,tablet,ios,1.0,recommendation_v2_test,control,sports shoes,P003,1.0,4645.83,
E00003610,app_open,U00612,S0001304,2026-08-06 18:04:00,Australia,desktop,ios,1.1,recommendation_v2_test,control,,,,,
E00003611,search,U00612,S0001304,2026-08-06 18:04:47,Australia,desktop,ios,1.1,recommendation_v2_test,control,black tshirt,,,,
E00003612,click,U00612,S0001304,2026-08-06 18:06:46,Australia,desktop,ios,1.1,recommendation_v2_test,control,black tshirt,P003,,,
E00003613,app_open,U00612,S0001305,2026-08-04 17:05:00,Australia,desktop,ios,1.1,recommendation_v2_test,control,,,,,
E00003614,search,U00612,S0001305,2026-08-04 17:05:36,Australia,desktop,ios,1.1,recommendation_v2_test,control,black tshirt,,,,
E00003615,click,U00612,S0001305,2026-08-04 17:07:00,Australia,desktop,ios,1.1,recommendation_v2_test,control,black tshirt,P003,,,
E00003616,app_open,U00612,S0001306,2026-08-05 20:29:00,Australia,desktop,ios,1.1,recommendation_v2_test,control,,,,,
E00003617,search,U00612,S0001306,2026-08-05 20:29:46,Australia,desktop,ios,1.1,recommendation_v2_test,control,sunscreen,,,,
E00003618,click,U00612,S0001306,2026-08-05 20:30:30,Australia,desktop,ios,1.1,recommendation_v2_test,control,sunscreen,P001,,,
E00003619,add_to_cart,U00612,S0001306,2026-08-05 20:32:04,Australia,desktop,ios,1.1,recommendation_v2_test,control,sunscreen,P001,1.0,3220.42,
E00003620,app_open,U00612,S0001307,2026-08-06 22:24:00,Australia,desktop,ios,1.1,recommendation_v2_test,control,,,,,
E00003621,search,U00612,S0001307,2026-08-06 22:24:06,Australia,desktop,ios,1.1,recommendation_v2_test,control,black tshirt,,,,
E00003622,click,U00612,S0001307,2026-08-06 22:25:42,Australia,desktop,ios,1.1,recommendation_v2_test,control,black tshirt,P002,,,
E00003623,add_to_cart,U00612,S0001307,2026-08-06 22:27:19,Australia,desktop,ios,1.1,recommendation_v2_test,control,black tshirt,P002,1.0,5587.35,
E00003624,purchase,U00612,S0001307,2026-08-06 22:30:07,Australia,desktop,ios,1.1,recommendation_v2_test,control,black tshirt,P002,1.0,5587.35,O0000086
E00003625,app_open,U00612,S0001308,2026-08-07 05:48:00,Australia,desktop,ios,1.1,recommendation_v2_test,control,,,,,
E00003626,search,U00612,S0001308,2026-08-07 05:48:59,Australia,desktop,ios,1.1,recommendation_v2_test,control,black tshirt,,,,
E00003627,app_open,U00612,S0001309,2026-08-03 07:41:00,Australia,desktop,ios,1.1,recommendation_v2_test,control,,,,,
E00003628,search,U00612,S0001309,2026-08-03 07:41:17,Australia,desktop,ios,1.1,recommendation_v2_test,control,black tshirt,,,,
E00003629,click,U00612,S0001309,2026-08-03 07:42:42,Australia,desktop,ios,1.1,recommendation_v2_test,control,black tshirt,P001,,,
E00003630,app_open,U00613,S0001310,2026-08-02 09:40:00,India,desktop,web,1.0,recommendation_v2_test,control,,,,,
E00003631,app_open,U00613,S0001311,2026-08-08 20:36:00,India,desktop,web,1.0,recommendation_v2_test,control,,,,,
E00003632,app_open,U00614,S0001312,2026-08-02 06:45:00,India,desktop,web,1.0,recommendation_v2_test,treatment,,,,,
E00003633,search,U00614,S0001312,2026-08-02 06:45:35,India,desktop,web,1.0,recommendation_v2_test,treatment,sports shoes,,,,
E00003634,click,U00614,S0001312,2026-08-02 06:47:28,India,desktop,web,1.0,recommendation_v2_test,treatment,sports shoes,P003,,,
E00003635,add_to_cart,U00614,S0001312,2026-08-02 06:48:35,India,desktop,web,1.0,recommendation_v2_test,treatment,sports shoes,P003,1.0,3716.72,
E00003636,purchase,U00614,S0001312,2026-08-02 06:53:07,India,desktop,web,1.0,recommendation_v2_test,treatment,sports shoes,P003,1.0,3716.72,O0000087
E00003637,app_open,U00614,S0001313,2026-08-05 20:45:00,India,desktop,web,1.0,recommendation_v2_test,treatment,,,,,
E00003638,search,U00614,S0001313,2026-08-05 20:45:51,India,desktop,web,1.0,recommendation_v2_test,treatment,sports shoes,,,,
E00003639,click,U00614,S0001313,2026-08-05 20:47:19,India,desktop,web,1.0,recommendation_v2_test,treatment,sports shoes,P002,,,
E00003640,app_open,U00615,S0001314,2026-08-05 12:08:00,UK,mobile,ios,1.1,recommendation_v2_test,control,,,,,
E00003641,search,U00615,S0001314,2026-08-05 12:08:40,UK,mobile,ios,1.1,recommendation_v2_test,control,watch,,,,
E00003642,app_open,U00615,S0001315,2026-08-06 13:39:00,UK,mobile,ios,1.1,recommendation_v2_test,control,,,,,
E00003643,search,U00615,S0001315,2026-08-06 13:39:25,UK,mobile,ios,1.1,recommendation_v2_test,control,running shoes,,,,
E00003644,app_open,U00615,S0001316,2026-08-11 15:33:00,UK,mobile,ios,1.1,recommendation_v2_test,control,,,,,
E00003645,search,U00615,S0001316,2026-08-11 15:33:20,UK,mobile,ios,1.1,recommendation_v2_test,control,black tshirt,,,,
E00003646,click,U00615,S0001316,2026-08-11 15:35:09,UK,mobile,ios,1.1,recommendation_v2_test,control,black tshirt,P002,,,
E00003647,add_to_cart,U00615,S0001316,2026-08-11 15:37:34,UK,mobile,ios,1.1,recommendation_v2_test,control,black tshirt,P002,1.0,2721.9,
E00003648,app_open,U00616,S0001317,2026-08-11 21:35:00,India,tablet,ios,1.0,recommendation_v2_test,control,,,,,
E00003649,search,U00616,S0001317,2026-08-11 21:35:54,India,tablet,ios,1.0,recommendation_v2_test,control,running shoes,,,,
E00003650,app_open,U00616,S0001318,2026-08-08 05:48:00,India,tablet,ios,1.0,recommendation_v2_test,control,,,,,
E00003651,search,U00616,S0001318,2026-08-08 05:48:17,India,tablet,ios,1.0,recommendation_v2_test,control,black tshirt,,,,
E00003652,click,U00616,S0001318,2026-08-08 05:50:00,India,tablet,ios,1.0,recommendation_v2_test,control,black tshirt,P006,,,
E00003653,app_open,U00616,S0001319,2026-08-09 23:15:00,India,tablet,ios,1.0,recommendation_v2_test,control,,,,,
E00003654,search,U00616,S0001319,2026-08-09 23:15:51,India,tablet,ios,1.0,recommendation_v2_test,control,sports shoes,,,,
E00003655,app_open,U00616,S0001320,2026-08-08 21:24:00,India,tablet,ios,1.0,recommendation_v2_test,control,,,,,
E00003656,app_open,U00616,S0001321,2026-08-07 01:55:00,India,tablet,ios,1.0,recommendation_v2_test,control,,,,,
E00003657,search,U00616,S0001321,2026-08-07 01:55:27,India,tablet,ios,1.0,recommendation_v2_test,control,black tshirt,,,,
E00003658,click,U00616,S0001321,2026-08-07 01:55:50,India,tablet,ios,1.0,recommendation_v2_test,control,black tshirt,P004,,,
E00003659,add_to_cart,U00616,S0001321,2026-08-07 01:58:36,India,tablet,ios,1.0,recommendation_v2_test,control,black tshirt,P004,1.0,2297.83,
E00003660,app_open,U00616,S0001322,2026-08-12 17:42:00,India,tablet,ios,1.0,recommendation_v2_test,control,,,,,
E00003661,search,U00616,S0001322,2026-08-12 17:42:08,India,tablet,ios,1.0,recommendation_v2_test,control,sports shoes,,,,
E00003662,app_open,U00617,S0001323,2026-08-04 07:31:00,India,mobile,android,1.0,recommendation_v2_test,treatment,,,,,
E00003663,search,U00617,S0001323,2026-08-04 07:31:37,India,mobile,android,1.0,recommendation_v2_test,treatment,sports shoes,,,,
E00003664,click,U00617,S0001323,2026-08-04 07:33:27,India,mobile,android,1.0,recommendation_v2_test,treatment,sports shoes,P004,,,
E00003665,app_open,U00617,S0001324,2026-08-07 17:27:00,India,mobile,android,1.0,recommendation_v2_test,treatment,,,,,
E00003666,search,U00617,S0001324,2026-08-07 17:27:11,India,mobile,android,1.0,recommendation_v2_test,treatment,running shoes,,,,
E00003667,app_open,U00617,S0001325,2026-08-02 23:10:00,India,mobile,android,1.0,recommendation_v2_test,treatment,,,,,
E00003668,app_open,U00617,S0001326,2026-08-14 05:21:00,India,mobile,android,1.0,recommendation_v2_test,treatment,,,,,
E00003669,search,U00617,S0001326,2026-08-14 05:21:33,India,mobile,android,1.0,recommendation_v2_test,treatment,sunscreen,,,,
E00003670,click,U00617,S0001326,2026-08-14 05:22:08,India,mobile,android,1.0,recommendation_v2_test,treatment,sunscreen,P006,,,
E00003671,add_to_cart,U00617,S0001326,2026-08-14 05:23:53,India,mobile,android,1.0,recommendation_v2_test,treatment,sunscreen,P006,1.0,2265.84,
E00003672,app_open,U00618,S0001327,2026-08-13 08:42:00,Germany,mobile,web,1.0,recommendation_v2_test,control,,,,,
E00003673,search,U00618,S0001327,2026-08-13 08:42:18,Germany,mobile,web,1.0,recommendation_v2_test,control,black tshirt,,,,
E00003674,app_open,U00619,S0001328,2026-08-12 17:57:00,UK,tablet,android,1.1,recommendation_v2_test,control,,,,,
E00003675,search,U00619,S0001328,2026-08-12 17:57:15,UK,tablet,android,1.1,recommendation_v2_test,control,sports shoes,,,,
E00003676,app_open,U00619,S0001329,2026-08-06 14:29:00,UK,tablet,android,1.1,recommendation_v2_test,control,,,,,
E00003677,search,U00619,S0001329,2026-08-06 14:29:37,UK,tablet,android,1.1,recommendation_v2_test,control,sports shoes,,,,
E00003678,click,U00619,S0001329,2026-08-06 14:30:35,UK,tablet,android,1.1,recommendation_v2_test,control,sports shoes,P002,,,
E00003679,app_open,U00620,S0001330,2026-08-07 08:23:00,Australia,mobile,android,1.0,recommendation_v2_test,treatment,,,,,
E00003680,app_open,U00620,S0001331,2026-08-01 14:12:00,Australia,mobile,android,1.0,recommendation_v2_test,treatment,,,,,
E00003681,search,U00620,S0001331,2026-08-01 14:12:43,Australia,mobile,android,1.0,recommendation_v2_test,treatment,watch,,,,
E00003682,click,U00620,S0001331,2026-08-01 14:14:06,Australia,mobile,android,1.0,recommendation_v2_test,treatment,watch,P002,,,
E00003683,app_open,U00621,S0001332,2026-08-09 00:58:00,Australia,tablet,android,1.0,recommendation_v2_test,control,,,,,
E00003684,search,U00621,S0001332,2026-08-09 00:58:08,Australia,tablet,android,1.0,recommendation_v2_test,control,black tshirt,,,,
E00003685,app_open,U00622,S0001333,2026-08-04 01:02:00,India,tablet,ios,1.0,recommendation_v2_test,control,,,,,
E00003686,search,U00622,S0001333,2026-08-04 01:02:49,India,tablet,ios,1.0,recommendation_v2_test,control,watch,,,,
E00003687,click,U00622,S0001333,2026-08-04 01:04:13,India,tablet,ios,1.0,recommendation_v2_test,control,watch,P001,,,
E00003688,app_open,U00623,S0001334,2026-08-06 17:23:00,UK,mobile,web,1.0,recommendation_v2_test,control,,,,,
E00003689,search,U00623,S0001334,2026-08-06 17:23:55,UK,mobile,web,1.0,recommendation_v2_test,control,running shoes,,,,
E00003690,app_open,U00623,S0001335,2026-08-09 05:40:00,UK,mobile,web,1.0,recommendation_v2_test,control,,,,,
E00003691,search,U00623,S0001335,2026-08-09 05:40:16,UK,mobile,web,1.0,recommendation_v2_test,control,watch,,,,
E00003692,app_open,U00624,S0001336,2026-08-08 23:54:00,UK,desktop,android,1.0,recommendation_v2_test,control,,,,,
E00003693,search,U00624,S0001336,2026-08-08 23:54:57,UK,desktop,android,1.0,recommendation_v2_test,control,sunscreen,,,,
E00003694,click,U00624,S0001336,2026-08-08 23:56:22,UK,desktop,android,1.0,recommendation_v2_test,control,sunscreen,P003,,,
E00003695,app_open,U00624,S0001337,2026-08-11 23:56:00,UK,desktop,android,1.0,recommendation_v2_test,control,,,,,
E00003696,search,U00624,S0001337,2026-08-11 23:56:27,UK,desktop,android,1.0,recommendation_v2_test,control,black tshirt,,,,
E00003697,click,U00624,S0001337,2026-08-11 23:57:24,UK,desktop,android,1.0,recommendation_v2_test,control,black tshirt,P004,,,
E00003698,app_open,U00624,S0001338,2026-08-05 10:01:00,UK,desktop,android,1.0,recommendation_v2_test,control,,,,,
E00003699,search,U00624,S0001338,2026-08-05 10:01:26,UK,desktop,android,1.0,recommendation_v2_test,control,watch,,,,
E00003700,app_open,U00624,S0001339,2026-08-09 10:02:00,UK,desktop,android,1.0,recommendation_v2_test,control,,,,,
E00003701,search,U00624,S0001339,2026-08-09 10:02:30,UK,desktop,android,1.0,recommendation_v2_test,control,black tshirt,,,,
E00003702,click,U00624,S0001339,2026-08-09 10:04:04,UK,desktop,android,1.0,recommendation_v2_test,control,black tshirt,P001,,,
E00003703,app_open,U00624,S0001340,2026-08-02 11:58:00,UK,desktop,android,1.0,recommendation_v2_test,control,,,,,
E00003704,search,U00624,S0001340,2026-08-02 11:58:23,UK,desktop,android,1.0,recommendation_v2_test,control,watch,,,,
E00003705,click,U00624,S0001340,2026-08-02 11:59:10,UK,desktop,android,1.0,recommendation_v2_test,control,watch,P004,,,
E00003706,app_open,U00624,S0001341,2026-08-14 19:07:00,UK,desktop,android,1.0,recommendation_v2_test,control,,,,,
E00003707,search,U00624,S0001341,2026-08-14 19:07:49,UK,desktop,android,1.0,recommendation_v2_test,control,sports shoes,,,,
E00003708,click,U00624,S0001341,2026-08-14 19:09:11,UK,desktop,android,1.0,recommendation_v2_test,control,sports shoes,P003,,,
E00003709,add_to_cart,U00624,S0001341,2026-08-14 19:09:26,UK,desktop,android,1.0,recommendation_v2_test,control,sports shoes,P003,1.0,4950.55,
E00003710,app_open,U00625,S0001342,2026-08-05 14:46:00,Germany,mobile,web,1.0,recommendation_v2_test,treatment,,,,,
E00003711,search,U00625,S0001342,2026-08-05 14:46:39,Germany,mobile,web,1.0,recommendation_v2_test,treatment,watch,,,,
E00003712,click,U00625,S0001342,2026-08-05 14:47:50,Germany,mobile,web,1.0,recommendation_v2_test,treatment,watch,P002,,,
E00003713,app_open,U00626,S0001343,2026-08-11 15:15:00,Germany,mobile,android,1.1,recommendation_v2_test,treatment,,,,,
E00003714,search,U00626,S0001343,2026-08-11 15:15:14,Germany,mobile,android,1.1,recommendation_v2_test,treatment,sports shoes,,,,
E00003715,app_open,U00626,S0001344,2026-08-14 04:40:00,Germany,mobile,android,1.1,recommendation_v2_test,treatment,,,,,
E00003716,search,U00626,S0001344,2026-08-14 04:40:39,Germany,mobile,android,1.1,recommendation_v2_test,treatment,running shoes,,,,
E00003717,click,U00626,S0001344,2026-08-14 04:40:47,Germany,mobile,android,1.1,recommendation_v2_test,treatment,running shoes,P004,,,
E00003718,add_to_cart,U00626,S0001344,2026-08-14 04:42:07,Germany,mobile,android,1.1,recommendation_v2_test,treatment,running shoes,P004,1.0,1177.95,
E00003719,app_open,U00627,S0001345,2026-08-07 17:20:00,India,desktop,android,1.1,recommendation_v2_test,treatment,,,,,
E00003720,search,U00627,S0001345,2026-08-07 17:20:12,India,desktop,android,1.1,recommendation_v2_test,treatment,sports shoes,,,,
E00003721,click,U00627,S0001345,2026-08-07 17:22:02,India,desktop,android,1.1,recommendation_v2_test,treatment,sports shoes,P003,,,
E00003722,add_to_cart,U00627,S0001345,2026-08-07 17:23:18,India,desktop,android,1.1,recommendation_v2_test,treatment,sports shoes,P003,1.0,5374.43,
E00003723,app_open,U00627,S0001346,2026-08-01 20:41:00,India,desktop,android,1.1,recommendation_v2_test,treatment,,,,,
E00003724,app_open,U00628,S0001347,2026-08-02 22:23:00,Germany,tablet,ios,1.1,recommendation_v2_test,control,,,,,
E00003725,search,U00628,S0001347,2026-08-02 22:23:12,Germany,tablet,ios,1.1,recommendation_v2_test,control,black tshirt,,,,
E00003726,app_open,U00628,S0001348,2026-08-02 03:01:00,Germany,tablet,ios,1.1,recommendation_v2_test,control,,,,,
E00003727,search,U00628,S0001348,2026-08-02 03:01:13,Germany,tablet,ios,1.1,recommendation_v2_test,control,sunscreen,,,,
E00003728,click,U00628,S0001348,2026-08-02 03:03:09,Germany,tablet,ios,1.1,recommendation_v2_test,control,sunscreen,P002,,,
E00003729,app_open,U00629,S0001349,2026-08-13 08:13:00,India,mobile,ios,1.0,recommendation_v2_test,treatment,,,,,
E00003730,search,U00629,S0001349,2026-08-13 08:13:11,India,mobile,ios,1.0,recommendation_v2_test,treatment,sunscreen,,,,
E00003731,click,U00629,S0001349,2026-08-13 08:14:05,India,mobile,ios,1.0,recommendation_v2_test,treatment,sunscreen,P004,,,
E00003732,app_open,U00629,S0001350,2026-08-03 14:46:00,India,mobile,ios,1.0,recommendation_v2_test,treatment,,,,,
E00003733,search,U00629,S0001350,2026-08-03 14:46:32,India,mobile,ios,1.0,recommendation_v2_test,treatment,running shoes,,,,
E00003734,click,U00629,S0001350,2026-08-03 14:47:25,India,mobile,ios,1.0,recommendation_v2_test,treatment,running shoes,P005,,,
E00003735,app_open,U00629,S0001351,2026-08-08 02:24:00,India,mobile,ios,1.0,recommendation_v2_test,treatment,,,,,
E00003736,app_open,U00629,S0001352,2026-08-05 15:23:00,India,mobile,ios,1.0,recommendation_v2_test,treatment,,,,,
E00003737,search,U00629,S0001352,2026-08-05 15:23:27,India,mobile,ios,1.0,recommendation_v2_test,treatment,black tshirt,,,,
E00003738,click,U00629,S0001352,2026-08-05 15:23:37,India,mobile,ios,1.0,recommendation_v2_test,treatment,black tshirt,P006,,,
E00003739,app_open,U00629,S0001353,2026-08-10 10:06:00,India,mobile,ios,1.0,recommendation_v2_test,treatment,,,,,
E00003740,search,U00629,S0001353,2026-08-10 10:06:54,India,mobile,ios,1.0,recommendation_v2_test,treatment,black tshirt,,,,
E00003741,app_open,U00629,S0001354,2026-08-14 05:15:00,India,mobile,ios,1.0,recommendation_v2_test,treatment,,,,,
E00003742,search,U00629,S0001354,2026-08-14 05:15:12,India,mobile,ios,1.0,recommendation_v2_test,treatment,sunscreen,,,,
E00003743,click,U00629,S0001354,2026-08-14 05:16:39,India,mobile,ios,1.0,recommendation_v2_test,treatment,sunscreen,P003,,,
E00003744,add_to_cart,U00629,S0001354,2026-08-14 05:19:09,India,mobile,ios,1.0,recommendation_v2_test,treatment,sunscreen,P003,1.0,2041.07,
E00003745,app_open,U00630,S0001355,2026-08-13 05:37:00,UK,desktop,android,1.1,recommendation_v2_test,control,,,,,
E00003746,search,U00630,S0001355,2026-08-13 05:37:12,UK,desktop,android,1.1,recommendation_v2_test,control,sunscreen,,,,
E00003747,click,U00630,S0001355,2026-08-13 05:39:05,UK,desktop,android,1.1,recommendation_v2_test,control,sunscreen,P001,,,
E00003748,add_to_cart,U00630,S0001355,2026-08-13 05:41:26,UK,desktop,android,1.1,recommendation_v2_test,control,sunscreen,P001,1.0,3796.82,
E00003749,app_open,U00630,S0001356,2026-08-04 17:47:00,UK,desktop,android,1.1,recommendation_v2_test,control,,,,,
E00003750,search,U00630,S0001356,2026-08-04 17:47:16,UK,desktop,android,1.1,recommendation_v2_test,control,black tshirt,,,,
E00003751,app_open,U00630,S0001357,2026-08-11 13:35:00,UK,desktop,android,1.1,recommendation_v2_test,control,,,,,
E00003752,search,U00630,S0001357,2026-08-11 13:35:56,UK,desktop,android,1.1,recommendation_v2_test,control,sports shoes,,,,
E00003753,click,U00630,S0001357,2026-08-11 13:36:51,UK,desktop,android,1.1,recommendation_v2_test,control,sports shoes,P005,,,
E00003754,add_to_cart,U00630,S0001357,2026-08-11 13:39:19,UK,desktop,android,1.1,recommendation_v2_test,control,sports shoes,P005,1.0,1186.84,
E00003755,app_open,U00630,S0001358,2026-08-06 22:54:00,UK,desktop,android,1.1,recommendation_v2_test,control,,,,,
E00003756,search,U00630,S0001358,2026-08-06 22:54:31,UK,desktop,android,1.1,recommendation_v2_test,control,sports shoes,,,,
E00003757,app_open,U00631,S0001359,2026-08-12 23:44:00,UK,mobile,android,1.1,recommendation_v2_test,control,,,,,
E00003758,search,U00631,S0001359,2026-08-12 23:44:46,UK,mobile,android,1.1,recommendation_v2_test,control,sunscreen,,,,
E00003759,click,U00631,S0001359,2026-08-12 23:46:37,UK,mobile,android,1.1,recommendation_v2_test,control,sunscreen,P005,,,
E00003760,add_to_cart,U00631,S0001359,2026-08-12 23:48:47,UK,mobile,android,1.1,recommendation_v2_test,control,sunscreen,P005,1.0,4047.45,
E00003761,purchase,U00631,S0001359,2026-08-12 23:52:58,UK,mobile,android,1.1,recommendation_v2_test,control,sunscreen,P005,1.0,4047.45,O0000088
E00003762,app_open,U00632,S0001360,2026-08-03 05:27:00,UK,mobile,android,1.0,recommendation_v2_test,control,,,,,
E00003763,search,U00632,S0001360,2026-08-03 05:27:48,UK,mobile,android,1.0,recommendation_v2_test,control,sunscreen,,,,
E00003764,app_open,U00632,S0001361,2026-08-12 10:25:00,UK,mobile,android,1.0,recommendation_v2_test,control,,,,,
E00003765,search,U00632,S0001361,2026-08-12 10:25:27,UK,mobile,android,1.0,recommendation_v2_test,control,running shoes,,,,
E00003766,click,U00632,S0001361,2026-08-12 10:26:43,UK,mobile,android,1.0,recommendation_v2_test,control,running shoes,P005,,,
E00003767,add_to_cart,U00632,S0001361,2026-08-12 10:27:37,UK,mobile,android,1.0,recommendation_v2_test,control,running shoes,P005,1.0,3647.83,
E00003768,app_open,U00632,S0001362,2026-08-13 15:59:00,UK,mobile,android,1.0,recommendation_v2_test,control,,,,,
E00003769,search,U00632,S0001362,2026-08-13 15:59:41,UK,mobile,android,1.0,recommendation_v2_test,control,watch,,,,
E00003770,click,U00632,S0001362,2026-08-13 16:01:14,UK,mobile,android,1.0,recommendation_v2_test,control,watch,P001,,,
E00003771,app_open,U00633,S0001363,2026-08-10 04:48:00,Australia,tablet,android,1.1,recommendation_v2_test,treatment,,,,,
E00003772,search,U00633,S0001363,2026-08-10 04:48:56,Australia,tablet,android,1.1,recommendation_v2_test,treatment,watch,,,,
E00003773,click,U00633,S0001363,2026-08-10 04:49:03,Australia,tablet,android,1.1,recommendation_v2_test,treatment,watch,P006,,,
E00003774,add_to_cart,U00633,S0001363,2026-08-10 04:49:36,Australia,tablet,android,1.1,recommendation_v2_test,treatment,watch,P006,1.0,676.95,
E00003775,app_open,U00634,S0001364,2026-08-06 16:26:00,India,tablet,android,1.0,recommendation_v2_test,control,,,,,
E00003776,search,U00634,S0001364,2026-08-06 16:26:43,India,tablet,android,1.0,recommendation_v2_test,control,black tshirt,,,,
E00003777,app_open,U00634,S0001365,2026-08-10 16:49:00,India,tablet,android,1.0,recommendation_v2_test,control,,,,,
E00003778,search,U00634,S0001365,2026-08-10 16:49:23,India,tablet,android,1.0,recommendation_v2_test,control,sports shoes,,,,
E00003779,click,U00634,S0001365,2026-08-10 16:50:13,India,tablet,android,1.0,recommendation_v2_test,control,sports shoes,P005,,,
E00003780,app_open,U00635,S0001366,2026-08-12 23:36:00,UK,tablet,ios,1.1,recommendation_v2_test,control,,,,,
E00003781,search,U00635,S0001366,2026-08-12 23:36:32,UK,tablet,ios,1.1,recommendation_v2_test,control,sunscreen,,,,
E00003782,app_open,U00636,S0001367,2026-08-13 12:01:00,UK,mobile,android,1.1,recommendation_v2_test,treatment,,,,,
E00003783,search,U00636,S0001367,2026-08-13 12:01:18,UK,mobile,android,1.1,recommendation_v2_test,treatment,black tshirt,,,,
E00003784,app_open,U00636,S0001368,2026-08-02 00:03:00,UK,mobile,android,1.1,recommendation_v2_test,treatment,,,,,
E00003785,search,U00636,S0001368,2026-08-02 00:03:14,UK,mobile,android,1.1,recommendation_v2_test,treatment,black tshirt,,,,
E00003786,app_open,U00636,S0001369,2026-08-09 15:46:00,UK,mobile,android,1.1,recommendation_v2_test,treatment,,,,,
E00003787,app_open,U00637,S0001370,2026-08-11 03:09:00,Germany,tablet,web,1.0,recommendation_v2_test,treatment,,,,,
E00003788,search,U00637,S0001370,2026-08-11 03:09:25,Germany,tablet,web,1.0,recommendation_v2_test,treatment,sunscreen,,,,
E00003789,click,U00637,S0001370,2026-08-11 03:10:07,Germany,tablet,web,1.0,recommendation_v2_test,treatment,sunscreen,P001,,,
E00003790,app_open,U00637,S0001371,2026-08-09 07:09:00,Germany,tablet,web,1.0,recommendation_v2_test,treatment,,,,,
E00003791,search,U00637,S0001371,2026-08-09 07:09:33,Germany,tablet,web,1.0,recommendation_v2_test,treatment,sports shoes,,,,
E00003792,app_open,U00637,S0001372,2026-08-12 12:45:00,Germany,tablet,web,1.0,recommendation_v2_test,treatment,,,,,
E00003793,search,U00637,S0001372,2026-08-12 12:45:41,Germany,tablet,web,1.0,recommendation_v2_test,treatment,sunscreen,,,,
E00003794,click,U00637,S0001372,2026-08-12 12:47:00,Germany,tablet,web,1.0,recommendation_v2_test,treatment,sunscreen,P006,,,
E00003795,add_to_cart,U00637,S0001372,2026-08-12 12:47:36,Germany,tablet,web,1.0,recommendation_v2_test,treatment,sunscreen,P006,1.0,1029.15,
E00003796,app_open,U00637,S0001373,2026-08-03 06:47:00,Germany,tablet,web,1.0,recommendation_v2_test,treatment,,,,,
E00003797,search,U00637,S0001373,2026-08-03 06:47:38,Germany,tablet,web,1.0,recommendation_v2_test,treatment,running shoes,,,,
E00003798,click,U00637,S0001373,2026-08-03 06:49:36,Germany,tablet,web,1.0,recommendation_v2_test,treatment,running shoes,P004,,,
E00003799,app_open,U00637,S0001374,2026-08-12 18:41:00,Germany,tablet,web,1.0,recommendation_v2_test,treatment,,,,,
E00003800,search,U00637,S0001374,2026-08-12 18:41:58,Germany,tablet,web,1.0,recommendation_v2_test,treatment,sports shoes,,,,
E00003801,click,U00637,S0001374,2026-08-12 18:43:44,Germany,tablet,web,1.0,recommendation_v2_test,treatment,sports shoes,P005,,,
E00003802,add_to_cart,U00637,S0001374,2026-08-12 18:45:56,Germany,tablet,web,1.0,recommendation_v2_test,treatment,sports shoes,P005,1.0,3547.34,
E00003803,purchase,U00637,S0001374,2026-08-12 18:48:36,Germany,tablet,web,1.0,recommendation_v2_test,treatment,sports shoes,P005,1.0,3547.34,O0000089
E00003804,app_open,U00637,S0001375,2026-08-05 02:05:00,Germany,tablet,web,1.0,recommendation_v2_test,treatment,,,,,
E00003805,app_open,U00638,S0001376,2026-08-01 10:09:00,Australia,mobile,web,1.1,recommendation_v2_test,treatment,,,,,
E00003806,search,U00638,S0001376,2026-08-01 10:09:38,Australia,mobile,web,1.1,recommendation_v2_test,treatment,black tshirt,,,,
E00003807,app_open,U00639,S0001377,2026-08-07 20:08:00,UK,mobile,ios,1.0,recommendation_v2_test,treatment,,,,,
E00003808,search,U00639,S0001377,2026-08-07 20:08:21,UK,mobile,ios,1.0,recommendation_v2_test,treatment,sunscreen,,,,
E00003809,click,U00639,S0001377,2026-08-07 20:10:12,UK,mobile,ios,1.0,recommendation_v2_test,treatment,sunscreen,P005,,,
E00003810,app_open,U00640,S0001378,2026-08-02 06:27:00,Australia,desktop,android,1.1,recommendation_v2_test,treatment,,,,,
E00003811,search,U00640,S0001378,2026-08-02 06:27:58,Australia,desktop,android,1.1,recommendation_v2_test,treatment,running shoes,,,,
E00003812,click,U00640,S0001378,2026-08-02 06:28:30,Australia,desktop,android,1.1,recommendation_v2_test,treatment,running shoes,P006,,,
E00003813,add_to_cart,U00640,S0001378,2026-08-02 06:29:03,Australia,desktop,android,1.1,recommendation_v2_test,treatment,running shoes,P006,1.0,3166.75,
E00003814,app_open,U00640,S0001379,2026-08-04 20:35:00,Australia,desktop,android,1.1,recommendation_v2_test,treatment,,,,,
E00003815,search,U00640,S0001379,2026-08-04 20:35:59,Australia,desktop,android,1.1,recommendation_v2_test,treatment,running shoes,,,,
E00003816,app_open,U00640,S0001380,2026-08-04 07:47:00,Australia,desktop,android,1.1,recommendation_v2_test,treatment,,,,,
E00003817,search,U00640,S0001380,2026-08-04 07:47:29,Australia,desktop,android,1.1,recommendation_v2_test,treatment,sports shoes,,,,
E00003818,app_open,U00640,S0001381,2026-08-10 11:11:00,Australia,desktop,android,1.1,recommendation_v2_test,treatment,,,,,
E00003819,search,U00640,S0001381,2026-08-10 11:11:12,Australia,desktop,android,1.1,recommendation_v2_test,treatment,sports shoes,,,,
E00003820,click,U00640,S0001381,2026-08-10 11:11:31,Australia,desktop,android,1.1,recommendation_v2_test,treatment,sports shoes,P002,,,
E00003821,app_open,U00641,S0001382,2026-08-07 01:53:00,Germany,tablet,android,1.1,recommendation_v2_test,treatment,,,,,
E00003822,search,U00641,S0001382,2026-08-07 01:53:53,Germany,tablet,android,1.1,recommendation_v2_test,treatment,sunscreen,,,,
E00003823,click,U00641,S0001382,2026-08-07 01:55:06,Germany,tablet,android,1.1,recommendation_v2_test,treatment,sunscreen,P002,,,
E00003824,app_open,U00641,S0001383,2026-08-11 21:46:00,Germany,tablet,android,1.1,recommendation_v2_test,treatment,,,,,
E00003825,search,U00641,S0001383,2026-08-11 21:46:15,Germany,tablet,android,1.1,recommendation_v2_test,treatment,watch,,,,
E00003826,app_open,U00641,S0001384,2026-08-13 17:49:00,Germany,tablet,android,1.1,recommendation_v2_test,treatment,,,,,
E00003827,search,U00641,S0001384,2026-08-13 17:49:19,Germany,tablet,android,1.1,recommendation_v2_test,treatment,watch,,,,
E00003828,app_open,U00642,S0001385,2026-08-08 08:10:00,Australia,desktop,android,1.0,recommendation_v2_test,treatment,,,,,
E00003829,search,U00642,S0001385,2026-08-08 08:10:58,Australia,desktop,android,1.0,recommendation_v2_test,treatment,sports shoes,,,,
E00003830,app_open,U00643,S0001386,2026-08-05 07:58:00,Germany,desktop,android,1.1,recommendation_v2_test,treatment,,,,,
E00003831,search,U00643,S0001386,2026-08-05 07:58:35,Germany,desktop,android,1.1,recommendation_v2_test,treatment,sports shoes,,,,
E00003832,click,U00643,S0001386,2026-08-05 07:59:00,Germany,desktop,android,1.1,recommendation_v2_test,treatment,sports shoes,P003,,,
E00003833,app_open,U00644,S0001387,2026-08-09 15:29:00,Australia,tablet,android,1.0,recommendation_v2_test,control,,,,,
E00003834,search,U00644,S0001387,2026-08-09 15:29:13,Australia,tablet,android,1.0,recommendation_v2_test,control,sunscreen,,,,
E00003835,click,U00644,S0001387,2026-08-09 15:30:31,Australia,tablet,android,1.0,recommendation_v2_test,control,sunscreen,P005,,,
E00003836,add_to_cart,U00644,S0001387,2026-08-09 15:31:17,Australia,tablet,android,1.0,recommendation_v2_test,control,sunscreen,P005,1.0,5110.59,
E00003837,app_open,U00644,S0001388,2026-08-13 03:54:00,Australia,tablet,android,1.0,recommendation_v2_test,control,,,,,
E00003838,search,U00644,S0001388,2026-08-13 03:54:45,Australia,tablet,android,1.0,recommendation_v2_test,control,watch,,,,
E00003839,click,U00644,S0001388,2026-08-13 03:55:26,Australia,tablet,android,1.0,recommendation_v2_test,control,watch,P001,,,
E00003840,app_open,U00644,S0001389,2026-08-13 15:25:00,Australia,tablet,android,1.0,recommendation_v2_test,control,,,,,
E00003841,search,U00644,S0001389,2026-08-13 15:25:40,Australia,tablet,android,1.0,recommendation_v2_test,control,black tshirt,,,,
E00003842,app_open,U00645,S0001390,2026-08-02 06:51:00,Australia,mobile,ios,1.1,recommendation_v2_test,control,,,,,
E00003843,search,U00645,S0001390,2026-08-02 06:51:54,Australia,mobile,ios,1.1,recommendation_v2_test,control,sports shoes,,,,
E00003844,app_open,U00646,S0001391,2026-08-12 10:28:00,Australia,tablet,web,1.1,recommendation_v2_test,treatment,,,,,
E00003845,search,U00646,S0001391,2026-08-12 10:28:09,Australia,tablet,web,1.1,recommendation_v2_test,treatment,watch,,,,
E00003846,click,U00646,S0001391,2026-08-12 10:30:08,Australia,tablet,web,1.1,recommendation_v2_test,treatment,watch,P006,,,
E00003847,add_to_cart,U00646,S0001391,2026-08-12 10:32:36,Australia,tablet,web,1.1,recommendation_v2_test,treatment,watch,P006,1.0,2423.53,
E00003848,app_open,U00647,S0001392,2026-08-04 15:29:00,India,desktop,android,1.0,recommendation_v2_test,treatment,,,,,
E00003849,app_open,U00647,S0001393,2026-08-07 22:42:00,India,desktop,android,1.0,recommendation_v2_test,treatment,,,,,
E00003850,search,U00647,S0001393,2026-08-07 22:42:05,India,desktop,android,1.0,recommendation_v2_test,treatment,watch,,,,
E00003851,click,U00647,S0001393,2026-08-07 22:43:24,India,desktop,android,1.0,recommendation_v2_test,treatment,watch,P002,,,
E00003852,app_open,U00647,S0001394,2026-08-03 07:36:00,India,desktop,android,1.0,recommendation_v2_test,treatment,,,,,
E00003853,search,U00647,S0001394,2026-08-03 07:36:22,India,desktop,android,1.0,recommendation_v2_test,treatment,black tshirt,,,,
E00003854,click,U00647,S0001394,2026-08-03 07:37:21,India,desktop,android,1.0,recommendation_v2_test,treatment,black tshirt,P001,,,
E00003855,add_to_cart,U00647,S0001394,2026-08-03 07:39:33,India,desktop,android,1.0,recommendation_v2_test,treatment,black tshirt,P001,1.0,4000.54,
E00003856,app_open,U00648,S0001395,2026-08-13 14:00:00,India,mobile,ios,1.1,recommendation_v2_test,treatment,,,,,
E00003857,search,U00648,S0001395,2026-08-13 14:00:52,India,mobile,ios,1.1,recommendation_v2_test,treatment,running shoes,,,,
E00003858,app_open,U00648,S0001396,2026-08-07 02:02:00,India,mobile,ios,1.1,recommendation_v2_test,treatment,,,,,
E00003859,search,U00648,S0001396,2026-08-07 02:02:16,India,mobile,ios,1.1,recommendation_v2_test,treatment,sports shoes,,,,
E00003860,app_open,U00648,S0001397,2026-08-05 16:48:00,India,mobile,ios,1.1,recommendation_v2_test,treatment,,,,,
E00003861,search,U00648,S0001397,2026-08-05 16:48:50,India,mobile,ios,1.1,recommendation_v2_test,treatment,sunscreen,,,,
E00003862,click,U00648,S0001397,2026-08-05 16:49:57,India,mobile,ios,1.1,recommendation_v2_test,treatment,sunscreen,P001,,,
E00003863,app_open,U00648,S0001398,2026-08-02 15:45:00,India,mobile,ios,1.1,recommendation_v2_test,treatment,,,,,
E00003864,search,U00648,S0001398,2026-08-02 15:45:05,India,mobile,ios,1.1,recommendation_v2_test,treatment,running shoes,,,,
E00003865,click,U00648,S0001398,2026-08-02 15:45:13,India,mobile,ios,1.1,recommendation_v2_test,treatment,running shoes,P004,,,
E00003866,app_open,U00648,S0001399,2026-08-07 08:16:00,India,mobile,ios,1.1,recommendation_v2_test,treatment,,,,,
E00003867,search,U00648,S0001399,2026-08-07 08:16:42,India,mobile,ios,1.1,recommendation_v2_test,treatment,sunscreen,,,,
E00003868,click,U00648,S0001399,2026-08-07 08:17:56,India,mobile,ios,1.1,recommendation_v2_test,treatment,sunscreen,P006,,,
E00003869,app_open,U00649,S0001400,2026-08-11 01:05:00,Germany,tablet,web,1.1,recommendation_v2_test,treatment,,,,,
E00003870,search,U00649,S0001400,2026-08-11 01:05:45,Germany,tablet,web,1.1,recommendation_v2_test,treatment,watch,,,,
E00003871,click,U00649,S0001400,2026-08-11 01:06:28,Germany,tablet,web,1.1,recommendation_v2_test,treatment,watch,P005,,,
E00003872,app_open,U00650,S0001401,2026-08-01 03:55:00,Australia,desktop,android,1.0,recommendation_v2_test,treatment,,,,,
E00003873,search,U00650,S0001401,2026-08-01 03:55:34,Australia,desktop,android,1.0,recommendation_v2_test,treatment,watch,,,,
E00003874,click,U00650,S0001401,2026-08-01 03:57:28,Australia,desktop,android,1.0,recommendation_v2_test,treatment,watch,P005,,,
E00003875,app_open,U00650,S0001402,2026-08-05 17:52:00,Australia,desktop,android,1.0,recommendation_v2_test,treatment,,,,,
E00003876,search,U00650,S0001402,2026-08-05 17:52:12,Australia,desktop,android,1.0,recommendation_v2_test,treatment,watch,,,,
E00003877,app_open,U00651,S0001403,2026-08-11 08:21:00,India,tablet,ios,1.1,recommendation_v2_test,control,,,,,
E00003878,search,U00651,S0001403,2026-08-11 08:21:38,India,tablet,ios,1.1,recommendation_v2_test,control,black tshirt,,,,
E00003879,click,U00651,S0001403,2026-08-11 08:23:11,India,tablet,ios,1.1,recommendation_v2_test,control,black tshirt,P006,,,
E00003880,app_open,U00651,S0001404,2026-08-09 22:31:00,India,tablet,ios,1.1,recommendation_v2_test,control,,,,,
E00003881,search,U00651,S0001404,2026-08-09 22:31:24,India,tablet,ios,1.1,recommendation_v2_test,control,sunscreen,,,,
E00003882,click,U00651,S0001404,2026-08-09 22:33:19,India,tablet,ios,1.1,recommendation_v2_test,control,sunscreen,P003,,,
E00003883,app_open,U00651,S0001405,2026-08-09 04:35:00,India,tablet,ios,1.1,recommendation_v2_test,control,,,,,
E00003884,search,U00651,S0001405,2026-08-09 04:35:25,India,tablet,ios,1.1,recommendation_v2_test,control,sunscreen,,,,
E00003885,app_open,U00652,S0001406,2026-08-01 10:08:00,UK,tablet,android,1.0,recommendation_v2_test,control,,,,,
E00003886,search,U00652,S0001406,2026-08-01 10:08:34,UK,tablet,android,1.0,recommendation_v2_test,control,watch,,,,
E00003887,click,U00652,S0001406,2026-08-01 10:09:04,UK,tablet,android,1.0,recommendation_v2_test,control,watch,P003,,,
E00003888,add_to_cart,U00652,S0001406,2026-08-01 10:11:26,UK,tablet,android,1.0,recommendation_v2_test,control,watch,P003,1.0,4919.62,
E00003889,app_open,U00652,S0001407,2026-08-02 17:35:00,UK,tablet,android,1.0,recommendation_v2_test,control,,,,,
E00003890,search,U00652,S0001407,2026-08-02 17:35:43,UK,tablet,android,1.0,recommendation_v2_test,control,running shoes,,,,
E00003891,app_open,U00652,S0001408,2026-08-04 10:51:00,UK,tablet,android,1.0,recommendation_v2_test,control,,,,,
E00003892,search,U00652,S0001408,2026-08-04 10:51:48,UK,tablet,android,1.0,recommendation_v2_test,control,black tshirt,,,,
E00003893,click,U00652,S0001408,2026-08-04 10:52:21,UK,tablet,android,1.0,recommendation_v2_test,control,black tshirt,P005,,,
E00003894,add_to_cart,U00652,S0001408,2026-08-04 10:54:41,UK,tablet,android,1.0,recommendation_v2_test,control,black tshirt,P005,1.0,5549.11,
E00003895,purchase,U00652,S0001408,2026-08-04 10:58:56,UK,tablet,android,1.0,recommendation_v2_test,control,black tshirt,P005,1.0,5549.11,O0000090
E00003896,app_open,U00652,S0001409,2026-08-08 20:16:00,UK,tablet,android,1.0,recommendation_v2_test,control,,,,,
E00003897,search,U00652,S0001409,2026-08-08 20:16:45,UK,tablet,android,1.0,recommendation_v2_test,control,sunscreen,,,,
E00003898,click,U00652,S0001409,2026-08-08 20:17:00,UK,tablet,android,1.0,recommendation_v2_test,control,sunscreen,P005,,,
E00003899,app_open,U00653,S0001410,2026-08-06 23:29:00,India,mobile,android,1.1,recommendation_v2_test,control,,,,,
E00003900,search,U00653,S0001410,2026-08-06 23:29:41,India,mobile,android,1.1,recommendation_v2_test,control,watch,,,,
E00003901,click,U00653,S0001410,2026-08-06 23:30:39,India,mobile,android,1.1,recommendation_v2_test,control,watch,P004,,,
E00003902,app_open,U00653,S0001411,2026-08-02 23:44:00,India,mobile,android,1.1,recommendation_v2_test,control,,,,,
E00003903,app_open,U00653,S0001412,2026-08-09 01:02:00,India,mobile,android,1.1,recommendation_v2_test,control,,,,,
E00003904,search,U00653,S0001412,2026-08-09 01:02:15,India,mobile,android,1.1,recommendation_v2_test,control,sunscreen,,,,
E00003905,app_open,U00653,S0001413,2026-08-01 07:59:00,India,mobile,android,1.1,recommendation_v2_test,control,,,,,
E00003906,search,U00653,S0001413,2026-08-01 07:59:19,India,mobile,android,1.1,recommendation_v2_test,control,sunscreen,,,,
E00003907,click,U00653,S0001413,2026-08-01 08:00:03,India,mobile,android,1.1,recommendation_v2_test,control,sunscreen,P001,,,
E00003908,app_open,U00653,S0001414,2026-08-01 11:32:00,India,mobile,android,1.1,recommendation_v2_test,control,,,,,
E00003909,search,U00653,S0001414,2026-08-01 11:32:37,India,mobile,android,1.1,recommendation_v2_test,control,sports shoes,,,,
E00003910,click,U00653,S0001414,2026-08-01 11:33:29,India,mobile,android,1.1,recommendation_v2_test,control,sports shoes,P001,,,
E00003911,app_open,U00654,S0001415,2026-08-07 11:35:00,India,mobile,ios,1.0,recommendation_v2_test,treatment,,,,,
E00003912,search,U00654,S0001415,2026-08-07 11:35:25,India,mobile,ios,1.0,recommendation_v2_test,treatment,black tshirt,,,,
E00003913,click,U00654,S0001415,2026-08-07 11:36:11,India,mobile,ios,1.0,recommendation_v2_test,treatment,black tshirt,P006,,,
E00003914,app_open,U00654,S0001416,2026-08-11 02:02:00,India,mobile,ios,1.0,recommendation_v2_test,treatment,,,,,
E00003915,search,U00654,S0001416,2026-08-11 02:02:08,India,mobile,ios,1.0,recommendation_v2_test,treatment,running shoes,,,,
E00003916,click,U00654,S0001416,2026-08-11 02:03:41,India,mobile,ios,1.0,recommendation_v2_test,treatment,running shoes,P006,,,
E00003917,app_open,U00654,S0001417,2026-08-08 02:12:00,India,mobile,ios,1.0,recommendation_v2_test,treatment,,,,,
E00003918,search,U00654,S0001417,2026-08-08 02:12:37,India,mobile,ios,1.0,recommendation_v2_test,treatment,sports shoes,,,,
E00003919,click,U00654,S0001417,2026-08-08 02:13:13,India,mobile,ios,1.0,recommendation_v2_test,treatment,sports shoes,P003,,,
E00003920,app_open,U00655,S0001418,2026-08-05 09:19:00,Australia,tablet,android,1.1,recommendation_v2_test,treatment,,,,,
E00003921,search,U00655,S0001418,2026-08-05 09:19:53,Australia,tablet,android,1.1,recommendation_v2_test,treatment,running shoes,,,,
E00003922,click,U00655,S0001418,2026-08-05 09:21:11,Australia,tablet,android,1.1,recommendation_v2_test,treatment,running shoes,P003,,,
E00003923,add_to_cart,U00655,S0001418,2026-08-05 09:21:27,Australia,tablet,android,1.1,recommendation_v2_test,treatment,running shoes,P003,1.0,1652.76,
E00003924,app_open,U00656,S0001419,2026-08-12 14:20:00,Germany,tablet,android,1.0,recommendation_v2_test,control,,,,,
E00003925,search,U00656,S0001419,2026-08-12 14:20:42,Germany,tablet,android,1.0,recommendation_v2_test,control,watch,,,,
E00003926,click,U00656,S0001419,2026-08-12 14:22:25,Germany,tablet,android,1.0,recommendation_v2_test,control,watch,P003,,,
E00003927,app_open,U00657,S0001420,2026-08-11 05:48:00,Germany,desktop,ios,1.0,recommendation_v2_test,control,,,,,
E00003928,search,U00657,S0001420,2026-08-11 05:48:18,Germany,desktop,ios,1.0,recommendation_v2_test,control,sunscreen,,,,
E00003929,app_open,U00658,S0001421,2026-08-09 03:38:00,Australia,desktop,android,1.1,recommendation_v2_test,treatment,,,,,
E00003930,search,U00658,S0001421,2026-08-09 03:38:29,Australia,desktop,android,1.1,recommendation_v2_test,treatment,black tshirt,,,,
E00003931,click,U00658,S0001421,2026-08-09 03:39:36,Australia,desktop,android,1.1,recommendation_v2_test,treatment,black tshirt,P004,,,
E00003932,app_open,U00659,S0001422,2026-08-01 16:45:00,UK,desktop,ios,1.1,recommendation_v2_test,treatment,,,,,
E00003933,search,U00659,S0001422,2026-08-01 16:45:31,UK,desktop,ios,1.1,recommendation_v2_test,treatment,sunscreen,,,,
E00003934,click,U00659,S0001422,2026-08-01 16:47:04,UK,desktop,ios,1.1,recommendation_v2_test,treatment,sunscreen,P005,,,
E00003935,add_to_cart,U00659,S0001422,2026-08-01 16:48:52,UK,desktop,ios,1.1,recommendation_v2_test,treatment,sunscreen,P005,1.0,4705.51,
E00003936,purchase,U00659,S0001422,2026-08-01 16:49:35,UK,desktop,ios,1.1,recommendation_v2_test,treatment,sunscreen,P005,1.0,4705.51,O0000091
E00003937,app_open,U00659,S0001423,2026-08-11 18:45:00,UK,desktop,ios,1.1,recommendation_v2_test,treatment,,,,,
E00003938,search,U00659,S0001423,2026-08-11 18:45:35,UK,desktop,ios,1.1,recommendation_v2_test,treatment,running shoes,,,,
E00003939,app_open,U00659,S0001424,2026-08-07 20:25:00,UK,desktop,ios,1.1,recommendation_v2_test,treatment,,,,,
E00003940,search,U00659,S0001424,2026-08-07 20:25:59,UK,desktop,ios,1.1,recommendation_v2_test,treatment,watch,,,,
E00003941,click,U00659,S0001424,2026-08-07 20:26:23,UK,desktop,ios,1.1,recommendation_v2_test,treatment,watch,P004,,,
E00003942,app_open,U00659,S0001425,2026-08-13 09:58:00,UK,desktop,ios,1.1,recommendation_v2_test,treatment,,,,,
E00003943,search,U00659,S0001425,2026-08-13 09:58:08,UK,desktop,ios,1.1,recommendation_v2_test,treatment,sports shoes,,,,
E00003944,click,U00659,S0001425,2026-08-13 09:58:17,UK,desktop,ios,1.1,recommendation_v2_test,treatment,sports shoes,P006,,,
E00003945,app_open,U00660,S0001426,2026-08-13 08:57:00,India,tablet,ios,1.1,recommendation_v2_test,control,,,,,
E00003946,search,U00660,S0001426,2026-08-13 08:57:40,India,tablet,ios,1.1,recommendation_v2_test,control,sunscreen,,,,
E00003947,app_open,U00660,S0001427,2026-08-05 02:28:00,India,tablet,ios,1.1,recommendation_v2_test,control,,,,,
E00003948,search,U00660,S0001427,2026-08-05 02:28:40,India,tablet,ios,1.1,recommendation_v2_test,control,watch,,,,
E00003949,click,U00660,S0001427,2026-08-05 02:29:31,India,tablet,ios,1.1,recommendation_v2_test,control,watch,P003,,,
E00003950,app_open,U00661,S0001428,2026-08-14 05:20:00,India,tablet,ios,1.0,recommendation_v2_test,treatment,,,,,
E00003951,search,U00661,S0001428,2026-08-14 05:20:18,India,tablet,ios,1.0,recommendation_v2_test,treatment,running shoes,,,,
E00003952,app_open,U00662,S0001429,2026-08-01 05:43:00,UK,mobile,web,1.0,recommendation_v2_test,control,,,,,
E00003953,search,U00662,S0001429,2026-08-01 05:43:41,UK,mobile,web,1.0,recommendation_v2_test,control,running shoes,,,,
E00003954,click,U00662,S0001429,2026-08-01 05:45:19,UK,mobile,web,1.0,recommendation_v2_test,control,running shoes,P005,,,
E00003955,app_open,U00662,S0001430,2026-08-10 09:57:00,UK,mobile,web,1.0,recommendation_v2_test,control,,,,,
E00003956,search,U00662,S0001430,2026-08-10 09:57:15,UK,mobile,web,1.0,recommendation_v2_test,control,running shoes,,,,
E00003957,app_open,U00662,S0001431,2026-08-06 02:17:00,UK,mobile,web,1.0,recommendation_v2_test,control,,,,,
E00003958,search,U00662,S0001431,2026-08-06 02:17:06,UK,mobile,web,1.0,recommendation_v2_test,control,black tshirt,,,,
E00003959,click,U00662,S0001431,2026-08-06 02:17:17,UK,mobile,web,1.0,recommendation_v2_test,control,black tshirt,P006,,,
E00003960,app_open,U00663,S0001432,2026-08-03 21:59:00,India,tablet,web,1.1,recommendation_v2_test,control,,,,,
E00003961,search,U00663,S0001432,2026-08-03 21:59:14,India,tablet,web,1.1,recommendation_v2_test,control,sunscreen,,,,
E00003962,app_open,U00664,S0001433,2026-08-07 11:40:00,UK,mobile,android,1.1,recommendation_v2_test,treatment,,,,,
E00003963,search,U00664,S0001433,2026-08-07 11:40:28,UK,mobile,android,1.1,recommendation_v2_test,treatment,running shoes,,,,
E00003964,app_open,U00665,S0001434,2026-08-14 17:26:00,UK,mobile,web,1.0,recommendation_v2_test,control,,,,,
E00003965,search,U00665,S0001434,2026-08-14 17:26:14,UK,mobile,web,1.0,recommendation_v2_test,control,watch,,,,
E00003966,click,U00665,S0001434,2026-08-14 17:27:59,UK,mobile,web,1.0,recommendation_v2_test,control,watch,P003,,,
E00003967,add_to_cart,U00665,S0001434,2026-08-14 17:29:20,UK,mobile,web,1.0,recommendation_v2_test,control,watch,P003,1.0,1792.28,
E00003968,purchase,U00665,S0001434,2026-08-14 17:30:17,UK,mobile,web,1.0,recommendation_v2_test,control,watch,P003,1.0,1792.28,O0000092
E00003969,app_open,U00665,S0001435,2026-08-08 23:26:00,UK,mobile,web,1.0,recommendation_v2_test,control,,,,,
E00003970,search,U00665,S0001435,2026-08-08 23:26:45,UK,mobile,web,1.0,recommendation_v2_test,control,running shoes,,,,
E00003971,app_open,U00666,S0001436,2026-08-12 20:11:00,India,tablet,web,1.0,recommendation_v2_test,control,,,,,
E00003972,app_open,U00666,S0001437,2026-08-06 17:59:00,India,tablet,web,1.0,recommendation_v2_test,control,,,,,
E00003973,search,U00666,S0001437,2026-08-06 17:59:36,India,tablet,web,1.0,recommendation_v2_test,control,sunscreen,,,,
E00003974,app_open,U00666,S0001438,2026-08-07 14:31:00,India,tablet,web,1.0,recommendation_v2_test,control,,,,,
E00003975,app_open,U00666,S0001439,2026-08-07 17:20:00,India,tablet,web,1.0,recommendation_v2_test,control,,,,,
E00003976,search,U00666,S0001439,2026-08-07 17:20:40,India,tablet,web,1.0,recommendation_v2_test,control,sunscreen,,,,
E00003977,app_open,U00666,S0001440,2026-08-11 19:48:00,India,tablet,web,1.0,recommendation_v2_test,control,,,,,
E00003978,search,U00666,S0001440,2026-08-11 19:48:23,India,tablet,web,1.0,recommendation_v2_test,control,running shoes,,,,
E00003979,click,U00666,S0001440,2026-08-11 19:50:05,India,tablet,web,1.0,recommendation_v2_test,control,running shoes,P001,,,
E00003980,app_open,U00667,S0001441,2026-08-08 08:19:00,India,tablet,ios,1.0,recommendation_v2_test,treatment,,,,,
E00003981,search,U00667,S0001441,2026-08-08 08:19:53,India,tablet,ios,1.0,recommendation_v2_test,treatment,running shoes,,,,
E00003982,click,U00667,S0001441,2026-08-08 08:20:11,India,tablet,ios,1.0,recommendation_v2_test,treatment,running shoes,P006,,,
E00003983,app_open,U00668,S0001442,2026-08-02 07:14:00,India,desktop,ios,1.1,recommendation_v2_test,treatment,,,,,
E00003984,search,U00668,S0001442,2026-08-02 07:14:32,India,desktop,ios,1.1,recommendation_v2_test,treatment,black tshirt,,,,
E00003985,click,U00668,S0001442,2026-08-02 07:15:12,India,desktop,ios,1.1,recommendation_v2_test,treatment,black tshirt,P006,,,
E00003986,app_open,U00668,S0001443,2026-08-10 10:22:00,India,desktop,ios,1.1,recommendation_v2_test,treatment,,,,,
E00003987,search,U00668,S0001443,2026-08-10 10:22:13,India,desktop,ios,1.1,recommendation_v2_test,treatment,sunscreen,,,,
E00003988,click,U00668,S0001443,2026-08-10 10:23:51,India,desktop,ios,1.1,recommendation_v2_test,treatment,sunscreen,P003,,,
E00003989,app_open,U00669,S0001444,2026-08-07 00:45:00,India,desktop,web,1.1,recommendation_v2_test,control,,,,,
E00003990,search,U00669,S0001444,2026-08-07 00:45:52,India,desktop,web,1.1,recommendation_v2_test,control,watch,,,,
E00003991,app_open,U00669,S0001445,2026-08-14 18:09:00,India,desktop,web,1.1,recommendation_v2_test,control,,,,,
E00003992,search,U00669,S0001445,2026-08-14 18:09:49,India,desktop,web,1.1,recommendation_v2_test,control,watch,,,,
E00003993,app_open,U00669,S0001446,2026-08-06 06:06:00,India,desktop,web,1.1,recommendation_v2_test,control,,,,,
E00003994,search,U00669,S0001446,2026-08-06 06:06:41,India,desktop,web,1.1,recommendation_v2_test,control,sports shoes,,,,
E00003995,click,U00669,S0001446,2026-08-06 06:08:27,India,desktop,web,1.1,recommendation_v2_test,control,sports shoes,P003,,,
E00003996,app_open,U00670,S0001447,2026-08-13 20:18:00,UK,tablet,web,1.1,recommendation_v2_test,treatment,,,,,
E00003997,app_open,U00671,S0001448,2026-08-10 09:23:00,Australia,mobile,ios,1.0,recommendation_v2_test,treatment,,,,,
E00003998,search,U00671,S0001448,2026-08-10 09:23:27,Australia,mobile,ios,1.0,recommendation_v2_test,treatment,sunscreen,,,,
E00003999,app_open,U00672,S0001449,2026-08-01 12:16:00,UK,desktop,ios,1.1,recommendation_v2_test,treatment,,,,,
E00004000,search,U00672,S0001449,2026-08-01 12:16:53,UK,desktop,ios,1.1,recommendation_v2_test,treatment,running shoes,,,,
E00004001,click,U00672,S0001449,2026-08-01 12:17:36,UK,desktop,ios,1.1,recommendation_v2_test,treatment,running shoes,P005,,,
E00004002,app_open,U00673,S0001450,2026-08-06 19:38:00,Australia,mobile,android,1.0,recommendation_v2_test,control,,,,,
E00004003,search,U00673,S0001450,2026-08-06 19:38:11,Australia,mobile,android,1.0,recommendation_v2_test,control,watch,,,,
E00004004,click,U00673,S0001450,2026-08-06 19:40:08,Australia,mobile,android,1.0,recommendation_v2_test,control,watch,P004,,,
E00004005,app_open,U00673,S0001451,2026-08-12 04:14:00,Australia,mobile,android,1.0,recommendation_v2_test,control,,,,,
E00004006,search,U00673,S0001451,2026-08-12 04:14:40,Australia,mobile,android,1.0,recommendation_v2_test,control,sports shoes,,,,
E00004007,app_open,U00673,S0001452,2026-08-12 19:29:00,Australia,mobile,android,1.0,recommendation_v2_test,control,,,,,
E00004008,app_open,U00673,S0001453,2026-08-14 10:53:00,Australia,mobile,android,1.0,recommendation_v2_test,control,,,,,
E00004009,app_open,U00673,S0001454,2026-08-13 21:18:00,Australia,mobile,android,1.0,recommendation_v2_test,control,,,,,
E00004010,search,U00673,S0001454,2026-08-13 21:18:39,Australia,mobile,android,1.0,recommendation_v2_test,control,watch,,,,
E00004011,click,U00673,S0001454,2026-08-13 21:19:55,Australia,mobile,android,1.0,recommendation_v2_test,control,watch,P003,,,
E00004012,app_open,U00673,S0001455,2026-08-10 17:10:00,Australia,mobile,android,1.0,recommendation_v2_test,control,,,,,
E00004013,search,U00673,S0001455,2026-08-10 17:10:09,Australia,mobile,android,1.0,recommendation_v2_test,control,sunscreen,,,,
E00004014,click,U00673,S0001455,2026-08-10 17:11:16,Australia,mobile,android,1.0,recommendation_v2_test,control,sunscreen,P004,,,
E00004015,add_to_cart,U00673,S0001455,2026-08-10 17:13:13,Australia,mobile,android,1.0,recommendation_v2_test,control,sunscreen,P004,1.0,4681.82,
E00004016,app_open,U00673,S0001456,2026-08-05 20:03:00,Australia,mobile,android,1.0,recommendation_v2_test,control,,,,,
E00004017,search,U00673,S0001456,2026-08-05 20:03:11,Australia,mobile,android,1.0,recommendation_v2_test,control,running shoes,,,,
E00004018,click,U00673,S0001456,2026-08-05 20:04:07,Australia,mobile,android,1.0,recommendation_v2_test,control,running shoes,P002,,,
E00004019,app_open,U00674,S0001457,2026-08-05 04:00:00,Germany,mobile,ios,1.1,recommendation_v2_test,control,,,,,
E00004020,search,U00674,S0001457,2026-08-05 04:00:54,Germany,mobile,ios,1.1,recommendation_v2_test,control,watch,,,,
E00004021,app_open,U00674,S0001458,2026-08-09 00:54:00,Germany,mobile,ios,1.1,recommendation_v2_test,control,,,,,
E00004022,search,U00674,S0001458,2026-08-09 00:54:18,Germany,mobile,ios,1.1,recommendation_v2_test,control,sports shoes,,,,
E00004023,app_open,U00675,S0001459,2026-08-06 16:28:00,India,tablet,ios,1.0,recommendation_v2_test,control,,,,,
E00004024,search,U00675,S0001459,2026-08-06 16:28:19,India,tablet,ios,1.0,recommendation_v2_test,control,black tshirt,,,,
E00004025,click,U00675,S0001459,2026-08-06 16:30:05,India,tablet,ios,1.0,recommendation_v2_test,control,black tshirt,P003,,,
E00004026,app_open,U00676,S0001460,2026-08-07 21:50:00,Germany,desktop,ios,1.0,recommendation_v2_test,control,,,,,
E00004027,search,U00676,S0001460,2026-08-07 21:50:34,Germany,desktop,ios,1.0,recommendation_v2_test,control,watch,,,,
E00004028,click,U00676,S0001460,2026-08-07 21:50:44,Germany,desktop,ios,1.0,recommendation_v2_test,control,watch,P001,,,
E00004029,app_open,U00677,S0001461,2026-08-01 03:04:00,India,mobile,android,1.1,recommendation_v2_test,treatment,,,,,
E00004030,search,U00677,S0001461,2026-08-01 03:04:20,India,mobile,android,1.1,recommendation_v2_test,treatment,black tshirt,,,,
E00004031,click,U00677,S0001461,2026-08-01 03:05:33,India,mobile,android,1.1,recommendation_v2_test,treatment,black tshirt,P005,,,
E00004032,app_open,U00677,S0001462,2026-08-08 17:31:00,India,mobile,android,1.1,recommendation_v2_test,treatment,,,,,
E00004033,search,U00677,S0001462,2026-08-08 17:31:09,India,mobile,android,1.1,recommendation_v2_test,treatment,running shoes,,,,
E00004034,app_open,U00678,S0001463,2026-08-06 11:58:00,Germany,tablet,web,1.1,recommendation_v2_test,control,,,,,
E00004035,search,U00678,S0001463,2026-08-06 11:58:38,Germany,tablet,web,1.1,recommendation_v2_test,control,sunscreen,,,,
E00004036,click,U00678,S0001463,2026-08-06 12:00:00,Germany,tablet,web,1.1,recommendation_v2_test,control,sunscreen,P004,,,
E00004037,add_to_cart,U00678,S0001463,2026-08-06 12:00:19,Germany,tablet,web,1.1,recommendation_v2_test,control,sunscreen,P004,1.0,4654.14,
E00004038,app_open,U00679,S0001464,2026-08-04 10:47:00,Australia,mobile,ios,1.1,recommendation_v2_test,control,,,,,
E00004039,search,U00679,S0001464,2026-08-04 10:47:10,Australia,mobile,ios,1.1,recommendation_v2_test,control,running shoes,,,,
E00004040,app_open,U00679,S0001465,2026-08-06 23:04:00,Australia,mobile,ios,1.1,recommendation_v2_test,control,,,,,
E00004041,search,U00679,S0001465,2026-08-06 23:04:57,Australia,mobile,ios,1.1,recommendation_v2_test,control,black tshirt,,,,
E00004042,click,U00679,S0001465,2026-08-06 23:06:54,Australia,mobile,ios,1.1,recommendation_v2_test,control,black tshirt,P002,,,
E00004043,app_open,U00680,S0001466,2026-08-12 19:09:00,Australia,tablet,web,1.0,recommendation_v2_test,treatment,,,,,
E00004044,search,U00680,S0001466,2026-08-12 19:09:24,Australia,tablet,web,1.0,recommendation_v2_test,treatment,watch,,,,
E00004045,click,U00680,S0001466,2026-08-12 19:09:45,Australia,tablet,web,1.0,recommendation_v2_test,treatment,watch,P002,,,
E00004046,add_to_cart,U00680,S0001466,2026-08-12 19:10:13,Australia,tablet,web,1.0,recommendation_v2_test,treatment,watch,P002,1.0,1873.93,
E00004047,purchase,U00680,S0001466,2026-08-12 19:14:00,Australia,tablet,web,1.0,recommendation_v2_test,treatment,watch,P002,1.0,1873.93,O0000093
E00004048,app_open,U00681,S0001467,2026-08-04 04:39:00,Australia,mobile,ios,1.1,recommendation_v2_test,control,,,,,
E00004049,search,U00681,S0001467,2026-08-04 04:39:10,Australia,mobile,ios,1.1,recommendation_v2_test,control,black tshirt,,,,
E00004050,app_open,U00682,S0001468,2026-08-07 20:18:00,Australia,tablet,ios,1.1,recommendation_v2_test,treatment,,,,,
E00004051,app_open,U00682,S0001469,2026-08-12 21:26:00,Australia,tablet,ios,1.1,recommendation_v2_test,treatment,,,,,
E00004052,search,U00682,S0001469,2026-08-12 21:26:07,Australia,tablet,ios,1.1,recommendation_v2_test,treatment,black tshirt,,,,
E00004053,click,U00682,S0001469,2026-08-12 21:26:37,Australia,tablet,ios,1.1,recommendation_v2_test,treatment,black tshirt,P002,,,
E00004054,app_open,U00683,S0001470,2026-08-14 19:39:00,Australia,desktop,web,1.0,recommendation_v2_test,treatment,,,,,
E00004055,search,U00683,S0001470,2026-08-14 19:39:14,Australia,desktop,web,1.0,recommendation_v2_test,treatment,watch,,,,
E00004056,click,U00683,S0001470,2026-08-14 19:39:56,Australia,desktop,web,1.0,recommendation_v2_test,treatment,watch,P002,,,
E00004057,app_open,U00683,S0001471,2026-08-14 07:15:00,Australia,desktop,web,1.0,recommendation_v2_test,treatment,,,,,
E00004058,search,U00683,S0001471,2026-08-14 07:15:46,Australia,desktop,web,1.0,recommendation_v2_test,treatment,watch,,,,
E00004059,app_open,U00683,S0001472,2026-08-02 02:15:00,Australia,desktop,web,1.0,recommendation_v2_test,treatment,,,,,
E00004060,search,U00683,S0001472,2026-08-02 02:15:37,Australia,desktop,web,1.0,recommendation_v2_test,treatment,black tshirt,,,,
E00004061,click,U00683,S0001472,2026-08-02 02:16:24,Australia,desktop,web,1.0,recommendation_v2_test,treatment,black tshirt,P006,,,
E00004062,app_open,U00683,S0001473,2026-08-10 18:43:00,Australia,desktop,web,1.0,recommendation_v2_test,treatment,,,,,
E00004063,search,U00683,S0001473,2026-08-10 18:43:41,Australia,desktop,web,1.0,recommendation_v2_test,treatment,watch,,,,
E00004064,click,U00683,S0001473,2026-08-10 18:45:24,Australia,desktop,web,1.0,recommendation_v2_test,treatment,watch,P003,,,
E00004065,app_open,U00683,S0001474,2026-08-10 18:00:00,Australia,desktop,web,1.0,recommendation_v2_test,treatment,,,,,
E00004066,search,U00683,S0001474,2026-08-10 18:00:18,Australia,desktop,web,1.0,recommendation_v2_test,treatment,sports shoes,,,,
E00004067,click,U00683,S0001474,2026-08-10 18:01:40,Australia,desktop,web,1.0,recommendation_v2_test,treatment,sports shoes,P001,,,
E00004068,app_open,U00684,S0001475,2026-08-09 12:01:00,Germany,mobile,ios,1.1,recommendation_v2_test,control,,,,,
E00004069,search,U00684,S0001475,2026-08-09 12:01:40,Germany,mobile,ios,1.1,recommendation_v2_test,control,black tshirt,,,,
E00004070,app_open,U00684,S0001476,2026-08-14 12:01:00,Germany,mobile,ios,1.1,recommendation_v2_test,control,,,,,
E00004071,search,U00684,S0001476,2026-08-14 12:01:22,Germany,mobile,ios,1.1,recommendation_v2_test,control,sports shoes,,,,
E00004072,click,U00684,S0001476,2026-08-14 12:02:52,Germany,mobile,ios,1.1,recommendation_v2_test,control,sports shoes,P005,,,
E00004073,add_to_cart,U00684,S0001476,2026-08-14 12:04:14,Germany,mobile,ios,1.1,recommendation_v2_test,control,sports shoes,P005,1.0,4743.27,
E00004074,app_open,U00684,S0001477,2026-08-10 05:25:00,Germany,mobile,ios,1.1,recommendation_v2_test,control,,,,,
E00004075,search,U00684,S0001477,2026-08-10 05:25:54,Germany,mobile,ios,1.1,recommendation_v2_test,control,sports shoes,,,,
E00004076,app_open,U00685,S0001478,2026-08-01 15:28:00,UK,tablet,ios,1.0,recommendation_v2_test,control,,,,,
E00004077,search,U00685,S0001478,2026-08-01 15:28:05,UK,tablet,ios,1.0,recommendation_v2_test,control,sunscreen,,,,
E00004078,app_open,U00685,S0001479,2026-08-02 11:27:00,UK,tablet,ios,1.0,recommendation_v2_test,control,,,,,
E00004079,search,U00685,S0001479,2026-08-02 11:27:08,UK,tablet,ios,1.0,recommendation_v2_test,control,watch,,,,
E00004080,click,U00685,S0001479,2026-08-02 11:27:47,UK,tablet,ios,1.0,recommendation_v2_test,control,watch,P005,,,
E00004081,add_to_cart,U00685,S0001479,2026-08-02 11:29:35,UK,tablet,ios,1.0,recommendation_v2_test,control,watch,P005,1.0,4647.92,
E00004082,app_open,U00685,S0001480,2026-08-13 20:48:00,UK,tablet,ios,1.0,recommendation_v2_test,control,,,,,
E00004083,search,U00685,S0001480,2026-08-13 20:48:13,UK,tablet,ios,1.0,recommendation_v2_test,control,sunscreen,,,,
E00004084,click,U00685,S0001480,2026-08-13 20:49:39,UK,tablet,ios,1.0,recommendation_v2_test,control,sunscreen,P003,,,
E00004085,add_to_cart,U00685,S0001480,2026-08-13 20:52:10,UK,tablet,ios,1.0,recommendation_v2_test,control,sunscreen,P003,1.0,1587.17,
E00004086,app_open,U00686,S0001481,2026-08-03 11:18:00,UK,desktop,web,1.0,recommendation_v2_test,control,,,,,
E00004087,app_open,U00686,S0001482,2026-08-03 10:32:00,UK,desktop,web,1.0,recommendation_v2_test,control,,,,,
E00004088,search,U00686,S0001482,2026-08-03 10:32:59,UK,desktop,web,1.0,recommendation_v2_test,control,sports shoes,,,,
E00004089,click,U00686,S0001482,2026-08-03 10:34:56,UK,desktop,web,1.0,recommendation_v2_test,control,sports shoes,P001,,,
E00004090,app_open,U00687,S0001483,2026-08-05 04:22:00,Germany,desktop,android,1.1,recommendation_v2_test,treatment,,,,,
E00004091,search,U00687,S0001483,2026-08-05 04:22:52,Germany,desktop,android,1.1,recommendation_v2_test,treatment,sunscreen,,,,
E00004092,click,U00687,S0001483,2026-08-05 04:23:15,Germany,desktop,android,1.1,recommendation_v2_test,treatment,sunscreen,P006,,,
E00004093,app_open,U00688,S0001484,2026-08-12 17:52:00,India,desktop,web,1.0,recommendation_v2_test,control,,,,,
E00004094,search,U00688,S0001484,2026-08-12 17:52:24,India,desktop,web,1.0,recommendation_v2_test,control,watch,,,,
E00004095,click,U00688,S0001484,2026-08-12 17:53:24,India,desktop,web,1.0,recommendation_v2_test,control,watch,P002,,,
E00004096,add_to_cart,U00688,S0001484,2026-08-12 17:56:13,India,desktop,web,1.0,recommendation_v2_test,control,watch,P002,1.0,4774.07,
E00004097,app_open,U00688,S0001485,2026-08-14 17:22:00,India,desktop,web,1.0,recommendation_v2_test,control,,,,,
E00004098,app_open,U00689,S0001486,2026-08-08 02:37:00,UK,mobile,web,1.0,recommendation_v2_test,control,,,,,
E00004099,search,U00689,S0001486,2026-08-08 02:37:09,UK,mobile,web,1.0,recommendation_v2_test,control,sunscreen,,,,
E00004100,app_open,U00689,S0001487,2026-08-06 02:56:00,UK,mobile,web,1.0,recommendation_v2_test,control,,,,,
E00004101,search,U00689,S0001487,2026-08-06 02:56:49,UK,mobile,web,1.0,recommendation_v2_test,control,black tshirt,,,,
E00004102,click,U00689,S0001487,2026-08-06 02:57:19,UK,mobile,web,1.0,recommendation_v2_test,control,black tshirt,P002,,,
E00004103,app_open,U00689,S0001488,2026-08-08 09:34:00,UK,mobile,web,1.0,recommendation_v2_test,control,,,,,
E00004104,search,U00689,S0001488,2026-08-08 09:34:40,UK,mobile,web,1.0,recommendation_v2_test,control,sunscreen,,,,
E00004105,click,U00689,S0001488,2026-08-08 09:35:53,UK,mobile,web,1.0,recommendation_v2_test,control,sunscreen,P002,,,
E00004106,app_open,U00690,S0001489,2026-08-12 13:02:00,India,desktop,android,1.1,recommendation_v2_test,control,,,,,
E00004107,search,U00690,S0001489,2026-08-12 13:02:08,India,desktop,android,1.1,recommendation_v2_test,control,sports shoes,,,,
E00004108,click,U00690,S0001489,2026-08-12 13:02:23,India,desktop,android,1.1,recommendation_v2_test,control,sports shoes,P002,,,
E00004109,app_open,U00690,S0001490,2026-08-04 14:35:00,India,desktop,android,1.1,recommendation_v2_test,control,,,,,
E00004110,search,U00690,S0001490,2026-08-04 14:35:09,India,desktop,android,1.1,recommendation_v2_test,control,sports shoes,,,,
E00004111,app_open,U00691,S0001491,2026-08-12 02:25:00,India,tablet,web,1.1,recommendation_v2_test,treatment,,,,,
E00004112,search,U00691,S0001491,2026-08-12 02:25:19,India,tablet,web,1.1,recommendation_v2_test,treatment,watch,,,,
E00004113,app_open,U00692,S0001492,2026-08-04 13:34:00,Germany,tablet,android,1.1,recommendation_v2_test,treatment,,,,,
E00004114,search,U00692,S0001492,2026-08-04 13:34:05,Germany,tablet,android,1.1,recommendation_v2_test,treatment,watch,,,,
E00004115,click,U00692,S0001492,2026-08-04 13:34:33,Germany,tablet,android,1.1,recommendation_v2_test,treatment,watch,P004,,,
E00004116,app_open,U00693,S0001493,2026-08-02 23:29:00,UK,desktop,ios,1.1,recommendation_v2_test,treatment,,,,,
E00004117,search,U00693,S0001493,2026-08-02 23:29:14,UK,desktop,ios,1.1,recommendation_v2_test,treatment,sunscreen,,,,
E00004118,click,U00693,S0001493,2026-08-02 23:31:09,UK,desktop,ios,1.1,recommendation_v2_test,treatment,sunscreen,P004,,,
E00004119,app_open,U00694,S0001494,2026-08-01 03:52:00,India,tablet,android,1.1,recommendation_v2_test,control,,,,,
E00004120,search,U00694,S0001494,2026-08-01 03:52:54,India,tablet,android,1.1,recommendation_v2_test,control,watch,,,,
E00004121,app_open,U00694,S0001495,2026-08-02 02:18:00,India,tablet,android,1.1,recommendation_v2_test,control,,,,,
E00004122,search,U00694,S0001495,2026-08-02 02:18:05,India,tablet,android,1.1,recommendation_v2_test,control,watch,,,,
E00004123,click,U00694,S0001495,2026-08-02 02:19:26,India,tablet,android,1.1,recommendation_v2_test,control,watch,P006,,,
E00004124,add_to_cart,U00694,S0001495,2026-08-02 02:21:49,India,tablet,android,1.1,recommendation_v2_test,control,watch,P006,1.0,5123.07,
E00004125,app_open,U00695,S0001496,2026-08-07 12:40:00,Australia,desktop,ios,1.0,recommendation_v2_test,treatment,,,,,
E00004126,search,U00695,S0001496,2026-08-07 12:40:32,Australia,desktop,ios,1.0,recommendation_v2_test,treatment,sports shoes,,,,
E00004127,app_open,U00695,S0001497,2026-08-01 15:52:00,Australia,desktop,ios,1.0,recommendation_v2_test,treatment,,,,,
E00004128,search,U00695,S0001497,2026-08-01 15:52:20,Australia,desktop,ios,1.0,recommendation_v2_test,treatment,sports shoes,,,,
E00004129,app_open,U00695,S0001498,2026-08-05 16:14:00,Australia,desktop,ios,1.0,recommendation_v2_test,treatment,,,,,
E00004130,search,U00695,S0001498,2026-08-05 16:14:34,Australia,desktop,ios,1.0,recommendation_v2_test,treatment,running shoes,,,,
E00004131,click,U00695,S0001498,2026-08-05 16:14:51,Australia,desktop,ios,1.0,recommendation_v2_test,treatment,running shoes,P006,,,
E00004132,app_open,U00695,S0001499,2026-08-04 00:20:00,Australia,desktop,ios,1.0,recommendation_v2_test,treatment,,,,,
E00004133,search,U00695,S0001499,2026-08-04 00:20:42,Australia,desktop,ios,1.0,recommendation_v2_test,treatment,watch,,,,
E00004134,click,U00695,S0001499,2026-08-04 00:21:27,Australia,desktop,ios,1.0,recommendation_v2_test,treatment,watch,P004,,,
E00004135,app_open,U00695,S0001500,2026-08-04 04:04:00,Australia,desktop,ios,1.0,recommendation_v2_test,treatment,,,,,
E00004136,search,U00695,S0001500,2026-08-04 04:04:19,Australia,desktop,ios,1.0,recommendation_v2_test,treatment,running shoes,,,,
E00004137,app_open,U00696,S0001501,2026-08-04 07:22:00,Germany,desktop,web,1.1,recommendation_v2_test,control,,,,,
E00004138,search,U00696,S0001501,2026-08-04 07:22:21,Germany,desktop,web,1.1,recommendation_v2_test,control,watch,,,,
E00004139,app_open,U00697,S0001502,2026-08-04 04:38:00,UK,desktop,ios,1.1,recommendation_v2_test,treatment,,,,,
E00004140,search,U00697,S0001502,2026-08-04 04:38:37,UK,desktop,ios,1.1,recommendation_v2_test,treatment,sports shoes,,,,
E00004141,click,U00697,S0001502,2026-08-04 04:40:09,UK,desktop,ios,1.1,recommendation_v2_test,treatment,sports shoes,P005,,,
E00004142,add_to_cart,U00697,S0001502,2026-08-04 04:42:51,UK,desktop,ios,1.1,recommendation_v2_test,treatment,sports shoes,P005,1.0,1436.27,
E00004143,app_open,U00698,S0001503,2026-08-01 19:06:00,India,tablet,android,1.1,recommendation_v2_test,control,,,,,
E00004144,search,U00698,S0001503,2026-08-01 19:06:18,India,tablet,android,1.1,recommendation_v2_test,control,black tshirt,,,,
E00004145,click,U00698,S0001503,2026-08-01 19:07:12,India,tablet,android,1.1,recommendation_v2_test,control,black tshirt,P005,,,
E00004146,app_open,U00698,S0001504,2026-08-03 07:55:00,India,tablet,android,1.1,recommendation_v2_test,control,,,,,
E00004147,app_open,U00699,S0001505,2026-08-09 13:01:00,UK,desktop,web,1.0,recommendation_v2_test,control,,,,,
E00004148,app_open,U00700,S0001506,2026-08-01 00:51:00,Germany,tablet,android,1.1,recommendation_v2_test,control,,,,,
E00004149,search,U00700,S0001506,2026-08-01 00:51:48,Germany,tablet,android,1.1,recommendation_v2_test,control,sports shoes,,,,
E00004150,app_open,U00700,S0001507,2026-08-14 22:18:00,Germany,tablet,android,1.1,recommendation_v2_test,control,,,,,
E00004151,search,U00700,S0001507,2026-08-14 22:18:17,Germany,tablet,android,1.1,recommendation_v2_test,control,sunscreen,,,,
E00004152,click,U00700,S0001507,2026-08-14 22:19:02,Germany,tablet,android,1.1,recommendation_v2_test,control,sunscreen,P003,,,
E00004153,app_open,U00700,S0001508,2026-08-07 22:53:00,Germany,tablet,android,1.1,recommendation_v2_test,control,,,,,
E00004154,search,U00700,S0001508,2026-08-07 22:53:22,Germany,tablet,android,1.1,recommendation_v2_test,control,watch,,,,
E00004155,app_open,U00701,S0001509,2026-08-07 12:23:00,Australia,desktop,web,1.1,recommendation_v2_test,treatment,,,,,
E00004156,search,U00701,S0001509,2026-08-07 12:23:55,Australia,desktop,web,1.1,recommendation_v2_test,treatment,sports shoes,,,,
E00004157,click,U00701,S0001509,2026-08-07 12:24:38,Australia,desktop,web,1.1,recommendation_v2_test,treatment,sports shoes,P002,,,
E00004158,app_open,U00701,S0001510,2026-08-02 21:16:00,Australia,desktop,web,1.1,recommendation_v2_test,treatment,,,,,
E00004159,search,U00701,S0001510,2026-08-02 21:16:16,Australia,desktop,web,1.1,recommendation_v2_test,treatment,sunscreen,,,,
E00004160,app_open,U00701,S0001511,2026-08-10 18:39:00,Australia,desktop,web,1.1,recommendation_v2_test,treatment,,,,,
E00004161,search,U00701,S0001511,2026-08-10 18:39:24,Australia,desktop,web,1.1,recommendation_v2_test,treatment,sunscreen,,,,
E00004162,click,U00701,S0001511,2026-08-10 18:40:46,Australia,desktop,web,1.1,recommendation_v2_test,treatment,sunscreen,P003,,,
E00004163,app_open,U00702,S0001512,2026-08-03 19:39:00,India,desktop,web,1.0,recommendation_v2_test,control,,,,,
E00004164,app_open,U00703,S0001513,2026-08-02 03:04:00,Germany,tablet,ios,1.1,recommendation_v2_test,control,,,,,
E00004165,search,U00703,S0001513,2026-08-02 03:04:17,Germany,tablet,ios,1.1,recommendation_v2_test,control,sunscreen,,,,
E00004166,click,U00703,S0001513,2026-08-02 03:05:37,Germany,tablet,ios,1.1,recommendation_v2_test,control,sunscreen,P004,,,
E00004167,app_open,U00704,S0001514,2026-08-14 19:12:00,Australia,tablet,web,1.1,recommendation_v2_test,treatment,,,,,
E00004168,search,U00704,S0001514,2026-08-14 19:12:21,Australia,tablet,web,1.1,recommendation_v2_test,treatment,sunscreen,,,,
E00004169,click,U00704,S0001514,2026-08-14 19:12:50,Australia,tablet,web,1.1,recommendation_v2_test,treatment,sunscreen,P002,,,
E00004170,app_open,U00704,S0001515,2026-08-14 03:01:00,Australia,tablet,web,1.1,recommendation_v2_test,treatment,,,,,
E00004171,search,U00704,S0001515,2026-08-14 03:01:50,Australia,tablet,web,1.1,recommendation_v2_test,treatment,black tshirt,,,,
E00004172,click,U00704,S0001515,2026-08-14 03:03:04,Australia,tablet,web,1.1,recommendation_v2_test,treatment,black tshirt,P001,,,
E00004173,add_to_cart,U00704,S0001515,2026-08-14 03:04:17,Australia,tablet,web,1.1,recommendation_v2_test,treatment,black tshirt,P001,1.0,5430.02,
E00004174,purchase,U00704,S0001515,2026-08-14 03:07:55,Australia,tablet,web,1.1,recommendation_v2_test,treatment,black tshirt,P001,1.0,5430.02,O0000094
E00004175,app_open,U00705,S0001516,2026-08-14 16:08:00,Germany,desktop,ios,1.1,recommendation_v2_test,treatment,,,,,
E00004176,search,U00705,S0001516,2026-08-14 16:08:21,Germany,desktop,ios,1.1,recommendation_v2_test,treatment,running shoes,,,,
E00004177,click,U00705,S0001516,2026-08-14 16:08:43,Germany,desktop,ios,1.1,recommendation_v2_test,treatment,running shoes,P005,,,
E00004178,app_open,U00705,S0001517,2026-08-05 22:57:00,Germany,desktop,ios,1.1,recommendation_v2_test,treatment,,,,,
E00004179,search,U00705,S0001517,2026-08-05 22:57:59,Germany,desktop,ios,1.1,recommendation_v2_test,treatment,running shoes,,,,
E00004180,click,U00705,S0001517,2026-08-05 22:59:35,Germany,desktop,ios,1.1,recommendation_v2_test,treatment,running shoes,P006,,,
E00004181,app_open,U00706,S0001518,2026-08-08 07:50:00,Australia,desktop,web,1.0,recommendation_v2_test,control,,,,,
E00004182,app_open,U00707,S0001519,2026-08-07 06:26:00,UK,mobile,web,1.0,recommendation_v2_test,treatment,,,,,
E00004183,search,U00707,S0001519,2026-08-07 06:26:36,UK,mobile,web,1.0,recommendation_v2_test,treatment,running shoes,,,,
E00004184,click,U00707,S0001519,2026-08-07 06:28:07,UK,mobile,web,1.0,recommendation_v2_test,treatment,running shoes,P004,,,
E00004185,add_to_cart,U00707,S0001519,2026-08-07 06:30:13,UK,mobile,web,1.0,recommendation_v2_test,treatment,running shoes,P004,1.0,3926.72,
E00004186,purchase,U00707,S0001519,2026-08-07 06:32:32,UK,mobile,web,1.0,recommendation_v2_test,treatment,running shoes,P004,1.0,3926.72,O0000095
E00004187,app_open,U00707,S0001520,2026-08-05 15:13:00,UK,mobile,web,1.0,recommendation_v2_test,treatment,,,,,
E00004188,search,U00707,S0001520,2026-08-05 15:13:29,UK,mobile,web,1.0,recommendation_v2_test,treatment,sports shoes,,,,
E00004189,app_open,U00707,S0001521,2026-08-05 12:13:00,UK,mobile,web,1.0,recommendation_v2_test,treatment,,,,,
E00004190,search,U00707,S0001521,2026-08-05 12:13:57,UK,mobile,web,1.0,recommendation_v2_test,treatment,running shoes,,,,
E00004191,app_open,U00708,S0001522,2026-08-13 22:42:00,UK,tablet,ios,1.0,recommendation_v2_test,control,,,,,
E00004192,search,U00708,S0001522,2026-08-13 22:42:10,UK,tablet,ios,1.0,recommendation_v2_test,control,black tshirt,,,,
E00004193,click,U00708,S0001522,2026-08-13 22:42:19,UK,tablet,ios,1.0,recommendation_v2_test,control,black tshirt,P005,,,
E00004194,app_open,U00709,S0001523,2026-08-06 12:58:00,UK,tablet,web,1.1,recommendation_v2_test,control,,,,,
E00004195,search,U00709,S0001523,2026-08-06 12:58:16,UK,tablet,web,1.1,recommendation_v2_test,control,sunscreen,,,,
E00004196,click,U00709,S0001523,2026-08-06 12:59:01,UK,tablet,web,1.1,recommendation_v2_test,control,sunscreen,P006,,,
E00004197,app_open,U00709,S0001524,2026-08-09 16:50:00,UK,tablet,web,1.1,recommendation_v2_test,control,,,,,
E00004198,search,U00709,S0001524,2026-08-09 16:50:25,UK,tablet,web,1.1,recommendation_v2_test,control,sunscreen,,,,
E00004199,click,U00709,S0001524,2026-08-09 16:51:44,UK,tablet,web,1.1,recommendation_v2_test,control,sunscreen,P006,,,
E00004200,app_open,U00709,S0001525,2026-08-06 13:48:00,UK,tablet,web,1.1,recommendation_v2_test,control,,,,,
E00004201,search,U00709,S0001525,2026-08-06 13:48:18,UK,tablet,web,1.1,recommendation_v2_test,control,sports shoes,,,,
E00004202,click,U00709,S0001525,2026-08-06 13:50:13,UK,tablet,web,1.1,recommendation_v2_test,control,sports shoes,P005,,,
E00004203,add_to_cart,U00709,S0001525,2026-08-06 13:50:31,UK,tablet,web,1.1,recommendation_v2_test,control,sports shoes,P005,1.0,5466.26,
E00004204,app_open,U00710,S0001526,2026-08-09 08:31:00,Germany,desktop,ios,1.0,recommendation_v2_test,treatment,,,,,
E00004205,search,U00710,S0001526,2026-08-09 08:31:49,Germany,desktop,ios,1.0,recommendation_v2_test,treatment,running shoes,,,,
E00004206,click,U00710,S0001526,2026-08-09 08:33:08,Germany,desktop,ios,1.0,recommendation_v2_test,treatment,running shoes,P006,,,
E00004207,app_open,U00710,S0001527,2026-08-11 10:30:00,Germany,desktop,ios,1.0,recommendation_v2_test,treatment,,,,,
E00004208,search,U00710,S0001527,2026-08-11 10:30:17,Germany,desktop,ios,1.0,recommendation_v2_test,treatment,sports shoes,,,,
E00004209,click,U00710,S0001527,2026-08-11 10:30:53,Germany,desktop,ios,1.0,recommendation_v2_test,treatment,sports shoes,P001,,,
E00004210,add_to_cart,U00710,S0001527,2026-08-11 10:32:21,Germany,desktop,ios,1.0,recommendation_v2_test,treatment,sports shoes,P001,1.0,1677.53,
E00004211,app_open,U00710,S0001528,2026-08-03 02:35:00,Germany,desktop,ios,1.0,recommendation_v2_test,treatment,,,,,
E00004212,search,U00710,S0001528,2026-08-03 02:35:39,Germany,desktop,ios,1.0,recommendation_v2_test,treatment,running shoes,,,,
E00004213,click,U00710,S0001528,2026-08-03 02:36:16,Germany,desktop,ios,1.0,recommendation_v2_test,treatment,running shoes,P004,,,
E00004214,add_to_cart,U00710,S0001528,2026-08-03 02:36:26,Germany,desktop,ios,1.0,recommendation_v2_test,treatment,running shoes,P004,1.0,4886.81,
E00004215,purchase,U00710,S0001528,2026-08-03 02:39:15,Germany,desktop,ios,1.0,recommendation_v2_test,treatment,running shoes,P004,1.0,4886.81,O0000096
E00004216,app_open,U00710,S0001529,2026-08-11 13:01:00,Germany,desktop,ios,1.0,recommendation_v2_test,treatment,,,,,
E00004217,search,U00710,S0001529,2026-08-11 13:01:40,Germany,desktop,ios,1.0,recommendation_v2_test,treatment,sunscreen,,,,
E00004218,click,U00710,S0001529,2026-08-11 13:01:49,Germany,desktop,ios,1.0,recommendation_v2_test,treatment,sunscreen,P005,,,
E00004219,app_open,U00711,S0001530,2026-08-09 05:11:00,UK,tablet,ios,1.1,recommendation_v2_test,control,,,,,
E00004220,search,U00711,S0001530,2026-08-09 05:11:06,UK,tablet,ios,1.1,recommendation_v2_test,control,watch,,,,
E00004221,click,U00711,S0001530,2026-08-09 05:11:59,UK,tablet,ios,1.1,recommendation_v2_test,control,watch,P006,,,
E00004222,add_to_cart,U00711,S0001530,2026-08-09 05:14:49,UK,tablet,ios,1.1,recommendation_v2_test,control,watch,P006,1.0,3361.64,
E00004223,app_open,U00711,S0001531,2026-08-04 13:14:00,UK,tablet,ios,1.1,recommendation_v2_test,control,,,,,
E00004224,search,U00711,S0001531,2026-08-04 13:14:13,UK,tablet,ios,1.1,recommendation_v2_test,control,running shoes,,,,
E00004225,click,U00711,S0001531,2026-08-04 13:16:03,UK,tablet,ios,1.1,recommendation_v2_test,control,running shoes,P004,,,
E00004226,app_open,U00712,S0001532,2026-08-09 21:00:00,India,tablet,web,1.0,recommendation_v2_test,treatment,,,,,
E00004227,search,U00712,S0001532,2026-08-09 21:00:16,India,tablet,web,1.0,recommendation_v2_test,treatment,sports shoes,,,,
E00004228,click,U00712,S0001532,2026-08-09 21:01:29,India,tablet,web,1.0,recommendation_v2_test,treatment,sports shoes,P003,,,
E00004229,add_to_cart,U00712,S0001532,2026-08-09 21:03:45,India,tablet,web,1.0,recommendation_v2_test,treatment,sports shoes,P003,1.0,3518.48,
E00004230,app_open,U00712,S0001533,2026-08-11 14:59:00,India,tablet,web,1.0,recommendation_v2_test,treatment,,,,,
E00004231,search,U00712,S0001533,2026-08-11 14:59:22,India,tablet,web,1.0,recommendation_v2_test,treatment,black tshirt,,,,
E00004232,click,U00712,S0001533,2026-08-11 15:00:27,India,tablet,web,1.0,recommendation_v2_test,treatment,black tshirt,P004,,,
E00004233,add_to_cart,U00712,S0001533,2026-08-11 15:02:38,India,tablet,web,1.0,recommendation_v2_test,treatment,black tshirt,P004,1.0,5349.49,
E00004234,app_open,U00713,S0001534,2026-08-11 03:22:00,Germany,tablet,ios,1.1,recommendation_v2_test,treatment,,,,,
E00004235,app_open,U00713,S0001535,2026-08-06 11:27:00,Germany,tablet,ios,1.1,recommendation_v2_test,treatment,,,,,
E00004236,search,U00713,S0001535,2026-08-06 11:27:27,Germany,tablet,ios,1.1,recommendation_v2_test,treatment,black tshirt,,,,
E00004237,app_open,U00714,S0001536,2026-08-01 06:10:00,UK,tablet,web,1.1,recommendation_v2_test,treatment,,,,,
E00004238,search,U00714,S0001536,2026-08-01 06:10:35,UK,tablet,web,1.1,recommendation_v2_test,treatment,sunscreen,,,,
E00004239,click,U00714,S0001536,2026-08-01 06:11:03,UK,tablet,web,1.1,recommendation_v2_test,treatment,sunscreen,P002,,,
E00004240,app_open,U00715,S0001537,2026-08-11 08:01:00,India,tablet,web,1.0,recommendation_v2_test,treatment,,,,,
E00004241,search,U00715,S0001537,2026-08-11 08:01:15,India,tablet,web,1.0,recommendation_v2_test,treatment,sunscreen,,,,
E00004242,app_open,U00716,S0001538,2026-08-11 09:59:00,Germany,desktop,android,1.1,recommendation_v2_test,control,,,,,
E00004243,search,U00716,S0001538,2026-08-11 09:59:36,Germany,desktop,android,1.1,recommendation_v2_test,control,sunscreen,,,,
E00004244,click,U00716,S0001538,2026-08-11 10:01:24,Germany,desktop,android,1.1,recommendation_v2_test,control,sunscreen,P006,,,
E00004245,app_open,U00716,S0001539,2026-08-05 19:30:00,Germany,desktop,android,1.1,recommendation_v2_test,control,,,,,
E00004246,search,U00716,S0001539,2026-08-05 19:30:20,Germany,desktop,android,1.1,recommendation_v2_test,control,running shoes,,,,
E00004247,click,U00716,S0001539,2026-08-05 19:30:40,Germany,desktop,android,1.1,recommendation_v2_test,control,running shoes,P004,,,
E00004248,app_open,U00716,S0001540,2026-08-03 11:40:00,Germany,desktop,android,1.1,recommendation_v2_test,control,,,,,
E00004249,search,U00716,S0001540,2026-08-03 11:40:50,Germany,desktop,android,1.1,recommendation_v2_test,control,running shoes,,,,
E00004250,app_open,U00716,S0001541,2026-08-11 01:38:00,Germany,desktop,android,1.1,recommendation_v2_test,control,,,,,
E00004251,app_open,U00716,S0001542,2026-08-06 00:20:00,Germany,desktop,android,1.1,recommendation_v2_test,control,,,,,
E00004252,search,U00716,S0001542,2026-08-06 00:20:37,Germany,desktop,android,1.1,recommendation_v2_test,control,watch,,,,
E00004253,app_open,U00717,S0001543,2026-08-04 05:45:00,India,tablet,ios,1.1,recommendation_v2_test,control,,,,,
E00004254,app_open,U00718,S0001544,2026-08-14 00:25:00,Australia,tablet,web,1.0,recommendation_v2_test,treatment,,,,,
E00004255,search,U00718,S0001544,2026-08-14 00:25:38,Australia,tablet,web,1.0,recommendation_v2_test,treatment,sunscreen,,,,
E00004256,app_open,U00719,S0001545,2026-08-11 08:18:00,UK,tablet,android,1.0,recommendation_v2_test,control,,,,,
E00004257,search,U00719,S0001545,2026-08-11 08:18:26,UK,tablet,android,1.0,recommendation_v2_test,control,sunscreen,,,,
E00004258,app_open,U00720,S0001546,2026-08-13 09:15:00,UK,tablet,ios,1.1,recommendation_v2_test,control,,,,,
E00004259,search,U00720,S0001546,2026-08-13 09:15:36,UK,tablet,ios,1.1,recommendation_v2_test,control,sunscreen,,,,
E00004260,click,U00720,S0001546,2026-08-13 09:16:49,UK,tablet,ios,1.1,recommendation_v2_test,control,sunscreen,P002,,,
E00004261,add_to_cart,U00720,S0001546,2026-08-13 09:19:45,UK,tablet,ios,1.1,recommendation_v2_test,control,sunscreen,P002,1.0,2870.13,
E00004262,app_open,U00720,S0001547,2026-08-14 14:30:00,UK,tablet,ios,1.1,recommendation_v2_test,control,,,,,
E00004263,search,U00720,S0001547,2026-08-14 14:30:10,UK,tablet,ios,1.1,recommendation_v2_test,control,running shoes,,,,
E00004264,app_open,U00720,S0001548,2026-08-01 11:36:00,UK,tablet,ios,1.1,recommendation_v2_test,control,,,,,
E00004265,search,U00720,S0001548,2026-08-01 11:36:52,UK,tablet,ios,1.1,recommendation_v2_test,control,running shoes,,,,
E00004266,click,U00720,S0001548,2026-08-01 11:38:35,UK,tablet,ios,1.1,recommendation_v2_test,control,running shoes,P001,,,
E00004267,app_open,U00721,S0001549,2026-08-08 15:52:00,Germany,mobile,android,1.0,recommendation_v2_test,control,,,,,
E00004268,search,U00721,S0001549,2026-08-08 15:52:59,Germany,mobile,android,1.0,recommendation_v2_test,control,running shoes,,,,
E00004269,click,U00721,S0001549,2026-08-08 15:54:06,Germany,mobile,android,1.0,recommendation_v2_test,control,running shoes,P002,,,
E00004270,add_to_cart,U00721,S0001549,2026-08-08 15:56:59,Germany,mobile,android,1.0,recommendation_v2_test,control,running shoes,P002,1.0,4316.86,
E00004271,app_open,U00721,S0001550,2026-08-12 18:38:00,Germany,mobile,android,1.0,recommendation_v2_test,control,,,,,
E00004272,search,U00721,S0001550,2026-08-12 18:38:33,Germany,mobile,android,1.0,recommendation_v2_test,control,sports shoes,,,,
E00004273,click,U00721,S0001550,2026-08-12 18:39:51,Germany,mobile,android,1.0,recommendation_v2_test,control,sports shoes,P001,,,
E00004274,app_open,U00722,S0001551,2026-08-08 15:24:00,Australia,mobile,ios,1.0,recommendation_v2_test,control,,,,,
E00004275,search,U00722,S0001551,2026-08-08 15:24:09,Australia,mobile,ios,1.0,recommendation_v2_test,control,running shoes,,,,
E00004276,click,U00722,S0001551,2026-08-08 15:24:54,Australia,mobile,ios,1.0,recommendation_v2_test,control,running shoes,P005,,,
E00004277,add_to_cart,U00722,S0001551,2026-08-08 15:26:04,Australia,mobile,ios,1.0,recommendation_v2_test,control,running shoes,P005,1.0,4822.34,
E00004278,app_open,U00722,S0001552,2026-08-02 12:55:00,Australia,mobile,ios,1.0,recommendation_v2_test,control,,,,,
E00004279,search,U00722,S0001552,2026-08-02 12:55:19,Australia,mobile,ios,1.0,recommendation_v2_test,control,sunscreen,,,,
E00004280,click,U00722,S0001552,2026-08-02 12:55:31,Australia,mobile,ios,1.0,recommendation_v2_test,control,sunscreen,P004,,,
E00004281,app_open,U00723,S0001553,2026-08-04 23:50:00,UK,desktop,ios,1.0,recommendation_v2_test,control,,,,,
E00004282,search,U00723,S0001553,2026-08-04 23:50:33,UK,desktop,ios,1.0,recommendation_v2_test,control,black tshirt,,,,
E00004283,click,U00723,S0001553,2026-08-04 23:51:11,UK,desktop,ios,1.0,recommendation_v2_test,control,black tshirt,P006,,,
E00004284,add_to_cart,U00723,S0001553,2026-08-04 23:54:10,UK,desktop,ios,1.0,recommendation_v2_test,control,black tshirt,P006,1.0,5201.87,
E00004285,app_open,U00724,S0001554,2026-08-07 21:37:00,Germany,tablet,ios,1.0,recommendation_v2_test,treatment,,,,,
E00004286,search,U00724,S0001554,2026-08-07 21:37:30,Germany,tablet,ios,1.0,recommendation_v2_test,treatment,sunscreen,,,,
E00004287,app_open,U00725,S0001555,2026-08-07 05:37:00,Germany,desktop,android,1.0,recommendation_v2_test,control,,,,,
E00004288,search,U00725,S0001555,2026-08-07 05:37:15,Germany,desktop,android,1.0,recommendation_v2_test,control,watch,,,,
E00004289,click,U00725,S0001555,2026-08-07 05:37:47,Germany,desktop,android,1.0,recommendation_v2_test,control,watch,P003,,,
E00004290,app_open,U00726,S0001556,2026-08-09 17:14:00,UK,desktop,web,1.1,recommendation_v2_test,control,,,,,
E00004291,search,U00726,S0001556,2026-08-09 17:14:23,UK,desktop,web,1.1,recommendation_v2_test,control,running shoes,,,,
E00004292,click,U00726,S0001556,2026-08-09 17:15:12,UK,desktop,web,1.1,recommendation_v2_test,control,running shoes,P002,,,
E00004293,app_open,U00727,S0001557,2026-08-11 19:34:00,India,mobile,web,1.1,recommendation_v2_test,control,,,,,
E00004294,app_open,U00727,S0001558,2026-08-10 01:46:00,India,mobile,web,1.1,recommendation_v2_test,control,,,,,
E00004295,app_open,U00727,S0001559,2026-08-11 05:16:00,India,mobile,web,1.1,recommendation_v2_test,control,,,,,
E00004296,search,U00727,S0001559,2026-08-11 05:16:40,India,mobile,web,1.1,recommendation_v2_test,control,watch,,,,
E00004297,click,U00727,S0001559,2026-08-11 05:17:47,India,mobile,web,1.1,recommendation_v2_test,control,watch,P004,,,
E00004298,app_open,U00728,S0001560,2026-08-14 10:39:00,UK,mobile,ios,1.1,recommendation_v2_test,control,,,,,
E00004299,search,U00728,S0001560,2026-08-14 10:39:57,UK,mobile,ios,1.1,recommendation_v2_test,control,running shoes,,,,
E00004300,app_open,U00728,S0001561,2026-08-10 17:34:00,UK,mobile,ios,1.1,recommendation_v2_test,control,,,,,
E00004301,search,U00728,S0001561,2026-08-10 17:34:58,UK,mobile,ios,1.1,recommendation_v2_test,control,sports shoes,,,,
E00004302,app_open,U00729,S0001562,2026-08-02 19:11:00,Germany,mobile,web,1.0,recommendation_v2_test,control,,,,,
E00004303,search,U00729,S0001562,2026-08-02 19:11:33,Germany,mobile,web,1.0,recommendation_v2_test,control,sunscreen,,,,
E00004304,click,U00729,S0001562,2026-08-02 19:12:02,Germany,mobile,web,1.0,recommendation_v2_test,control,sunscreen,P002,,,
E00004305,app_open,U00729,S0001563,2026-08-09 11:03:00,Germany,mobile,web,1.0,recommendation_v2_test,control,,,,,
E00004306,search,U00729,S0001563,2026-08-09 11:03:57,Germany,mobile,web,1.0,recommendation_v2_test,control,sunscreen,,,,
E00004307,app_open,U00730,S0001564,2026-08-13 14:12:00,Germany,tablet,android,1.0,recommendation_v2_test,control,,,,,
E00004308,search,U00730,S0001564,2026-08-13 14:12:48,Germany,tablet,android,1.0,recommendation_v2_test,control,sunscreen,,,,
E00004309,app_open,U00731,S0001565,2026-08-14 19:28:00,Australia,mobile,web,1.0,recommendation_v2_test,treatment,,,,,
E00004310,search,U00731,S0001565,2026-08-14 19:28:13,Australia,mobile,web,1.0,recommendation_v2_test,treatment,sunscreen,,,,
E00004311,app_open,U00732,S0001566,2026-08-13 06:16:00,Australia,mobile,ios,1.0,recommendation_v2_test,treatment,,,,,
E00004312,search,U00732,S0001566,2026-08-13 06:16:07,Australia,mobile,ios,1.0,recommendation_v2_test,treatment,running shoes,,,,
E00004313,click,U00732,S0001566,2026-08-13 06:16:25,Australia,mobile,ios,1.0,recommendation_v2_test,treatment,running shoes,P002,,,
E00004314,app_open,U00732,S0001567,2026-08-03 11:47:00,Australia,mobile,ios,1.0,recommendation_v2_test,treatment,,,,,
E00004315,search,U00732,S0001567,2026-08-03 11:47:56,Australia,mobile,ios,1.0,recommendation_v2_test,treatment,watch,,,,
E00004316,app_open,U00732,S0001568,2026-08-04 13:16:00,Australia,mobile,ios,1.0,recommendation_v2_test,treatment,,,,,
E00004317,search,U00732,S0001568,2026-08-04 13:16:20,Australia,mobile,ios,1.0,recommendation_v2_test,treatment,black tshirt,,,,
E00004318,app_open,U00733,S0001569,2026-08-13 02:53:00,India,mobile,web,1.1,recommendation_v2_test,control,,,,,
E00004319,search,U00733,S0001569,2026-08-13 02:53:05,India,mobile,web,1.1,recommendation_v2_test,control,sunscreen,,,,
E00004320,app_open,U00734,S0001570,2026-08-06 09:51:00,UK,desktop,ios,1.0,recommendation_v2_test,control,,,,,
E00004321,app_open,U00734,S0001571,2026-08-07 16:12:00,UK,desktop,ios,1.0,recommendation_v2_test,control,,,,,
E00004322,search,U00734,S0001571,2026-08-07 16:12:24,UK,desktop,ios,1.0,recommendation_v2_test,control,sports shoes,,,,
E00004323,app_open,U00734,S0001572,2026-08-04 19:47:00,UK,desktop,ios,1.0,recommendation_v2_test,control,,,,,
E00004324,search,U00734,S0001572,2026-08-04 19:47:53,UK,desktop,ios,1.0,recommendation_v2_test,control,running shoes,,,,
E00004325,app_open,U00735,S0001573,2026-08-14 23:32:00,Australia,desktop,web,1.1,recommendation_v2_test,control,,,,,
E00004326,search,U00735,S0001573,2026-08-14 23:32:24,Australia,desktop,web,1.1,recommendation_v2_test,control,black tshirt,,,,
E00004327,app_open,U00735,S0001574,2026-08-12 07:41:00,Australia,desktop,web,1.1,recommendation_v2_test,control,,,,,
E00004328,search,U00735,S0001574,2026-08-12 07:41:32,Australia,desktop,web,1.1,recommendation_v2_test,control,sunscreen,,,,
E00004329,app_open,U00735,S0001575,2026-08-02 21:11:00,Australia,desktop,web,1.1,recommendation_v2_test,control,,,,,
E00004330,search,U00735,S0001575,2026-08-02 21:11:50,Australia,desktop,web,1.1,recommendation_v2_test,control,running shoes,,,,
E00004331,click,U00735,S0001575,2026-08-02 21:13:04,Australia,desktop,web,1.1,recommendation_v2_test,control,running shoes,P004,,,
E00004332,app_open,U00735,S0001576,2026-08-10 03:26:00,Australia,desktop,web,1.1,recommendation_v2_test,control,,,,,
E00004333,search,U00735,S0001576,2026-08-10 03:26:32,Australia,desktop,web,1.1,recommendation_v2_test,control,watch,,,,
E00004334,click,U00735,S0001576,2026-08-10 03:27:09,Australia,desktop,web,1.1,recommendation_v2_test,control,watch,P002,,,
E00004335,add_to_cart,U00735,S0001576,2026-08-10 03:28:42,Australia,desktop,web,1.1,recommendation_v2_test,control,watch,P002,1.0,2252.28,
E00004336,app_open,U00736,S0001577,2026-08-13 13:37:00,Australia,tablet,ios,1.0,recommendation_v2_test,treatment,,,,,
E00004337,search,U00736,S0001577,2026-08-13 13:37:25,Australia,tablet,ios,1.0,recommendation_v2_test,treatment,sports shoes,,,,
E00004338,click,U00736,S0001577,2026-08-13 13:39:18,Australia,tablet,ios,1.0,recommendation_v2_test,treatment,sports shoes,P006,,,
E00004339,app_open,U00736,S0001578,2026-08-13 06:25:00,Australia,tablet,ios,1.0,recommendation_v2_test,treatment,,,,,
E00004340,search,U00736,S0001578,2026-08-13 06:25:57,Australia,tablet,ios,1.0,recommendation_v2_test,treatment,sports shoes,,,,
E00004341,click,U00736,S0001578,2026-08-13 06:27:35,Australia,tablet,ios,1.0,recommendation_v2_test,treatment,sports shoes,P002,,,
E00004342,add_to_cart,U00736,S0001578,2026-08-13 06:28:11,Australia,tablet,ios,1.0,recommendation_v2_test,treatment,sports shoes,P002,1.0,1342.09,
E00004343,purchase,U00736,S0001578,2026-08-13 06:32:42,Australia,tablet,ios,1.0,recommendation_v2_test,treatment,sports shoes,P002,1.0,1342.09,O0000097
E00004344,app_open,U00737,S0001579,2026-08-04 14:49:00,India,tablet,android,1.0,recommendation_v2_test,treatment,,,,,
E00004345,search,U00737,S0001579,2026-08-04 14:49:52,India,tablet,android,1.0,recommendation_v2_test,treatment,sports shoes,,,,
E00004346,app_open,U00738,S0001580,2026-08-04 15:15:00,Australia,mobile,ios,1.0,recommendation_v2_test,control,,,,,
E00004347,search,U00738,S0001580,2026-08-04 15:15:09,Australia,mobile,ios,1.0,recommendation_v2_test,control,black tshirt,,,,
E00004348,app_open,U00738,S0001581,2026-08-04 07:32:00,Australia,mobile,ios,1.0,recommendation_v2_test,control,,,,,
E00004349,app_open,U00739,S0001582,2026-08-11 09:42:00,Germany,mobile,android,1.1,recommendation_v2_test,control,,,,,
E00004350,search,U00739,S0001582,2026-08-11 09:42:18,Germany,mobile,android,1.1,recommendation_v2_test,control,running shoes,,,,
E00004351,app_open,U00739,S0001583,2026-08-11 05:36:00,Germany,mobile,android,1.1,recommendation_v2_test,control,,,,,
E00004352,search,U00739,S0001583,2026-08-11 05:36:05,Germany,mobile,android,1.1,recommendation_v2_test,control,sunscreen,,,,
E00004353,click,U00739,S0001583,2026-08-11 05:36:38,Germany,mobile,android,1.1,recommendation_v2_test,control,sunscreen,P003,,,
E00004354,app_open,U00739,S0001584,2026-08-03 13:40:00,Germany,mobile,android,1.1,recommendation_v2_test,control,,,,,
E00004355,search,U00739,S0001584,2026-08-03 13:40:36,Germany,mobile,android,1.1,recommendation_v2_test,control,sunscreen,,,,
E00004356,click,U00739,S0001584,2026-08-03 13:41:29,Germany,mobile,android,1.1,recommendation_v2_test,control,sunscreen,P002,,,
E00004357,app_open,U00740,S0001585,2026-08-06 02:59:00,Australia,desktop,android,1.0,recommendation_v2_test,treatment,,,,,
E00004358,search,U00740,S0001585,2026-08-06 02:59:36,Australia,desktop,android,1.0,recommendation_v2_test,treatment,sports shoes,,,,
E00004359,click,U00740,S0001585,2026-08-06 03:01:33,Australia,desktop,android,1.0,recommendation_v2_test,treatment,sports shoes,P004,,,
E00004360,app_open,U00740,S0001586,2026-08-04 19:13:00,Australia,desktop,android,1.0,recommendation_v2_test,treatment,,,,,
E00004361,search,U00740,S0001586,2026-08-04 19:13:17,Australia,desktop,android,1.0,recommendation_v2_test,treatment,watch,,,,
E00004362,click,U00740,S0001586,2026-08-04 19:14:32,Australia,desktop,android,1.0,recommendation_v2_test,treatment,watch,P001,,,
E00004363,app_open,U00741,S0001587,2026-08-02 15:02:00,Germany,tablet,android,1.0,recommendation_v2_test,treatment,,,,,
E00004364,search,U00741,S0001587,2026-08-02 15:02:53,Germany,tablet,android,1.0,recommendation_v2_test,treatment,running shoes,,,,
E00004365,click,U00741,S0001587,2026-08-02 15:04:50,Germany,tablet,android,1.0,recommendation_v2_test,treatment,running shoes,P005,,,
E00004366,add_to_cart,U00741,S0001587,2026-08-02 15:05:40,Germany,tablet,android,1.0,recommendation_v2_test,treatment,running shoes,P005,1.0,1644.53,
E00004367,purchase,U00741,S0001587,2026-08-02 15:09:18,Germany,tablet,android,1.0,recommendation_v2_test,treatment,running shoes,P005,1.0,1644.53,O0000098
E00004368,app_open,U00741,S0001588,2026-08-10 06:17:00,Germany,tablet,android,1.0,recommendation_v2_test,treatment,,,,,
E00004369,search,U00741,S0001588,2026-08-10 06:17:44,Germany,tablet,android,1.0,recommendation_v2_test,treatment,watch,,,,
E00004370,click,U00741,S0001588,2026-08-10 06:17:56,Germany,tablet,android,1.0,recommendation_v2_test,treatment,watch,P006,,,
E00004371,app_open,U00741,S0001589,2026-08-14 05:00:00,Germany,tablet,android,1.0,recommendation_v2_test,treatment,,,,,
E00004372,search,U00741,S0001589,2026-08-14 05:00:10,Germany,tablet,android,1.0,recommendation_v2_test,treatment,sports shoes,,,,
E00004373,click,U00741,S0001589,2026-08-14 05:01:10,Germany,tablet,android,1.0,recommendation_v2_test,treatment,sports shoes,P004,,,
E00004374,app_open,U00742,S0001590,2026-08-10 15:51:00,India,mobile,ios,1.0,recommendation_v2_test,treatment,,,,,
E00004375,search,U00742,S0001590,2026-08-10 15:51:17,India,mobile,ios,1.0,recommendation_v2_test,treatment,sunscreen,,,,
E00004376,click,U00742,S0001590,2026-08-10 15:51:33,India,mobile,ios,1.0,recommendation_v2_test,treatment,sunscreen,P005,,,
E00004377,app_open,U00742,S0001591,2026-08-12 18:55:00,India,mobile,ios,1.0,recommendation_v2_test,treatment,,,,,
E00004378,search,U00742,S0001591,2026-08-12 18:55:34,India,mobile,ios,1.0,recommendation_v2_test,treatment,watch,,,,
E00004379,app_open,U00742,S0001592,2026-08-10 08:27:00,India,mobile,ios,1.0,recommendation_v2_test,treatment,,,,,
E00004380,search,U00742,S0001592,2026-08-10 08:27:44,India,mobile,ios,1.0,recommendation_v2_test,treatment,sunscreen,,,,
E00004381,click,U00742,S0001592,2026-08-10 08:28:49,India,mobile,ios,1.0,recommendation_v2_test,treatment,sunscreen,P001,,,
E00004382,add_to_cart,U00742,S0001592,2026-08-10 08:31:26,India,mobile,ios,1.0,recommendation_v2_test,treatment,sunscreen,P001,1.0,516.93,
E00004383,app_open,U00743,S0001593,2026-08-10 07:27:00,Germany,tablet,android,1.1,recommendation_v2_test,control,,,,,
E00004384,search,U00743,S0001593,2026-08-10 07:27:41,Germany,tablet,android,1.1,recommendation_v2_test,control,watch,,,,
E00004385,app_open,U00743,S0001594,2026-08-14 06:49:00,Germany,tablet,android,1.1,recommendation_v2_test,control,,,,,
E00004386,search,U00743,S0001594,2026-08-14 06:49:47,Germany,tablet,android,1.1,recommendation_v2_test,control,watch,,,,
E00004387,click,U00743,S0001594,2026-08-14 06:50:08,Germany,tablet,android,1.1,recommendation_v2_test,control,watch,P004,,,
E00004388,app_open,U00744,S0001595,2026-08-13 18:13:00,Australia,tablet,ios,1.1,recommendation_v2_test,treatment,,,,,
E00004389,search,U00744,S0001595,2026-08-13 18:13:35,Australia,tablet,ios,1.1,recommendation_v2_test,treatment,sports shoes,,,,
E00004390,click,U00744,S0001595,2026-08-13 18:14:14,Australia,tablet,ios,1.1,recommendation_v2_test,treatment,sports shoes,P006,,,
E00004391,app_open,U00745,S0001596,2026-08-05 01:48:00,India,desktop,ios,1.1,recommendation_v2_test,control,,,,,
E00004392,search,U00745,S0001596,2026-08-05 01:48:46,India,desktop,ios,1.1,recommendation_v2_test,control,watch,,,,
E00004393,click,U00745,S0001596,2026-08-05 01:49:14,India,desktop,ios,1.1,recommendation_v2_test,control,watch,P002,,,
E00004394,app_open,U00746,S0001597,2026-08-12 06:45:00,Australia,tablet,web,1.1,recommendation_v2_test,control,,,,,
E00004395,search,U00746,S0001597,2026-08-12 06:45:40,Australia,tablet,web,1.1,recommendation_v2_test,control,sunscreen,,,,
E00004396,app_open,U00746,S0001598,2026-08-14 14:16:00,Australia,tablet,web,1.1,recommendation_v2_test,control,,,,,
E00004397,search,U00746,S0001598,2026-08-14 14:16:22,Australia,tablet,web,1.1,recommendation_v2_test,control,black tshirt,,,,
E00004398,app_open,U00746,S0001599,2026-08-13 12:24:00,Australia,tablet,web,1.1,recommendation_v2_test,control,,,,,
E00004399,search,U00746,S0001599,2026-08-13 12:24:43,Australia,tablet,web,1.1,recommendation_v2_test,control,sunscreen,,,,
E00004400,click,U00746,S0001599,2026-08-13 12:26:11,Australia,tablet,web,1.1,recommendation_v2_test,control,sunscreen,P004,,,
E00004401,add_to_cart,U00746,S0001599,2026-08-13 12:28:02,Australia,tablet,web,1.1,recommendation_v2_test,control,sunscreen,P004,1.0,2410.91,
E00004402,app_open,U00747,S0001600,2026-08-07 00:41:00,Germany,tablet,android,1.1,recommendation_v2_test,control,,,,,
E00004403,app_open,U00747,S0001601,2026-08-12 10:18:00,Germany,tablet,android,1.1,recommendation_v2_test,control,,,,,
E00004404,search,U00747,S0001601,2026-08-12 10:18:22,Germany,tablet,android,1.1,recommendation_v2_test,control,running shoes,,,,
E00004405,app_open,U00748,S0001602,2026-08-12 08:21:00,Germany,tablet,android,1.0,recommendation_v2_test,treatment,,,,,
E00004406,search,U00748,S0001602,2026-08-12 08:21:08,Germany,tablet,android,1.0,recommendation_v2_test,treatment,sunscreen,,,,
E00004407,click,U00748,S0001602,2026-08-12 08:22:33,Germany,tablet,android,1.0,recommendation_v2_test,treatment,sunscreen,P001,,,
E00004408,app_open,U00749,S0001603,2026-08-10 00:08:00,Germany,mobile,ios,1.0,recommendation_v2_test,control,,,,,
E00004409,search,U00749,S0001603,2026-08-10 00:08:20,Germany,mobile,ios,1.0,recommendation_v2_test,control,running shoes,,,,
E00004410,click,U00749,S0001603,2026-08-10 00:10:17,Germany,mobile,ios,1.0,recommendation_v2_test,control,running shoes,P006,,,
E00004411,add_to_cart,U00749,S0001603,2026-08-10 00:11:49,Germany,mobile,ios,1.0,recommendation_v2_test,control,running shoes,P006,1.0,678.39,
E00004412,app_open,U00749,S0001604,2026-08-14 00:09:00,Germany,mobile,ios,1.0,recommendation_v2_test,control,,,,,
E00004413,app_open,U00749,S0001605,2026-08-06 12:40:00,Germany,mobile,ios,1.0,recommendation_v2_test,control,,,,,
E00004414,search,U00749,S0001605,2026-08-06 12:40:54,Germany,mobile,ios,1.0,recommendation_v2_test,control,black tshirt,,,,
E00004415,click,U00749,S0001605,2026-08-06 12:41:07,Germany,mobile,ios,1.0,recommendation_v2_test,control,black tshirt,P005,,,
E00004416,app_open,U00750,S0001606,2026-08-05 03:00:00,India,tablet,android,1.0,recommendation_v2_test,control,,,,,
E00004417,search,U00750,S0001606,2026-08-05 03:00:45,India,tablet,android,1.0,recommendation_v2_test,control,sunscreen,,,,
E00004418,app_open,U00750,S0001607,2026-08-13 04:03:00,India,tablet,android,1.0,recommendation_v2_test,control,,,,,
E00004419,search,U00750,S0001607,2026-08-13 04:03:27,India,tablet,android,1.0,recommendation_v2_test,control,black tshirt,,,,
E00004420,click,U00750,S0001607,2026-08-13 04:05:03,India,tablet,android,1.0,recommendation_v2_test,control,black tshirt,P006,,,
E00004421,add_to_cart,U00750,S0001607,2026-08-13 04:06:23,India,tablet,android,1.0,recommendation_v2_test,control,black tshirt,P006,1.0,5982.23,
E00004422,app_open,U00751,S0001608,2026-08-12 04:30:00,Australia,mobile,web,1.1,recommendation_v2_test,treatment,,,,,
E00004423,search,U00751,S0001608,2026-08-12 04:30:48,Australia,mobile,web,1.1,recommendation_v2_test,treatment,sunscreen,,,,
E00004424,app_open,U00751,S0001609,2026-08-02 07:12:00,Australia,mobile,web,1.1,recommendation_v2_test,treatment,,,,,
E00004425,search,U00751,S0001609,2026-08-02 07:12:30,Australia,mobile,web,1.1,recommendation_v2_test,treatment,sunscreen,,,,
E00004426,click,U00751,S0001609,2026-08-02 07:14:14,Australia,mobile,web,1.1,recommendation_v2_test,treatment,sunscreen,P004,,,
E00004427,add_to_cart,U00751,S0001609,2026-08-02 07:16:11,Australia,mobile,web,1.1,recommendation_v2_test,treatment,sunscreen,P004,1.0,1596.03,
E00004428,app_open,U00751,S0001610,2026-08-06 01:45:00,Australia,mobile,web,1.1,recommendation_v2_test,treatment,,,,,
E00004429,search,U00751,S0001610,2026-08-06 01:45:20,Australia,mobile,web,1.1,recommendation_v2_test,treatment,watch,,,,
E00004430,app_open,U00752,S0001611,2026-08-03 18:10:00,UK,desktop,ios,1.0,recommendation_v2_test,control,,,,,
E00004431,search,U00752,S0001611,2026-08-03 18:10:54,UK,desktop,ios,1.0,recommendation_v2_test,control,watch,,,,
E00004432,click,U00752,S0001611,2026-08-03 18:11:00,UK,desktop,ios,1.0,recommendation_v2_test,control,watch,P002,,,
E00004433,add_to_cart,U00752,S0001611,2026-08-03 18:11:43,UK,desktop,ios,1.0,recommendation_v2_test,control,watch,P002,1.0,1110.97,
E00004434,app_open,U00752,S0001612,2026-08-08 02:48:00,UK,desktop,ios,1.0,recommendation_v2_test,control,,,,,
E00004435,search,U00752,S0001612,2026-08-08 02:48:31,UK,desktop,ios,1.0,recommendation_v2_test,control,sunscreen,,,,
E00004436,click,U00752,S0001612,2026-08-08 02:50:11,UK,desktop,ios,1.0,recommendation_v2_test,control,sunscreen,P001,,,
E00004437,add_to_cart,U00752,S0001612,2026-08-08 02:51:17,UK,desktop,ios,1.0,recommendation_v2_test,control,sunscreen,P001,1.0,5379.02,
E00004438,app_open,U00753,S0001613,2026-08-13 10:32:00,India,tablet,ios,1.0,recommendation_v2_test,control,,,,,
E00004439,search,U00753,S0001613,2026-08-13 10:32:39,India,tablet,ios,1.0,recommendation_v2_test,control,sunscreen,,,,
E00004440,click,U00753,S0001613,2026-08-13 10:33:26,India,tablet,ios,1.0,recommendation_v2_test,control,sunscreen,P001,,,
E00004441,app_open,U00754,S0001614,2026-08-09 13:44:00,UK,tablet,web,1.1,recommendation_v2_test,treatment,,,,,
E00004442,app_open,U00754,S0001615,2026-08-06 05:07:00,UK,tablet,web,1.1,recommendation_v2_test,treatment,,,,,
E00004443,search,U00754,S0001615,2026-08-06 05:07:10,UK,tablet,web,1.1,recommendation_v2_test,treatment,watch,,,,
E00004444,app_open,U00754,S0001616,2026-08-10 00:48:00,UK,tablet,web,1.1,recommendation_v2_test,treatment,,,,,
E00004445,search,U00754,S0001616,2026-08-10 00:48:36,UK,tablet,web,1.1,recommendation_v2_test,treatment,sports shoes,,,,
E00004446,app_open,U00755,S0001617,2026-08-13 22:39:00,Germany,tablet,ios,1.1,recommendation_v2_test,treatment,,,,,
E00004447,search,U00755,S0001617,2026-08-13 22:39:33,Germany,tablet,ios,1.1,recommendation_v2_test,treatment,running shoes,,,,
E00004448,app_open,U00756,S0001618,2026-08-09 14:28:00,UK,desktop,ios,1.1,recommendation_v2_test,treatment,,,,,
E00004449,search,U00756,S0001618,2026-08-09 14:28:14,UK,desktop,ios,1.1,recommendation_v2_test,treatment,running shoes,,,,
E00004450,click,U00756,S0001618,2026-08-09 14:29:43,UK,desktop,ios,1.1,recommendation_v2_test,treatment,running shoes,P005,,,
E00004451,app_open,U00756,S0001619,2026-08-09 03:15:00,UK,desktop,ios,1.1,recommendation_v2_test,treatment,,,,,
E00004452,search,U00756,S0001619,2026-08-09 03:15:37,UK,desktop,ios,1.1,recommendation_v2_test,treatment,sports shoes,,,,
E00004453,click,U00756,S0001619,2026-08-09 03:16:47,UK,desktop,ios,1.1,recommendation_v2_test,treatment,sports shoes,P002,,,
E00004454,add_to_cart,U00756,S0001619,2026-08-09 03:18:31,UK,desktop,ios,1.1,recommendation_v2_test,treatment,sports shoes,P002,1.0,4509.2,
E00004455,purchase,U00756,S0001619,2026-08-09 03:20:14,UK,desktop,ios,1.1,recommendation_v2_test,treatment,sports shoes,P002,1.0,4509.2,O0000099
E00004456,app_open,U00757,S0001620,2026-08-08 16:55:00,Germany,mobile,ios,1.1,recommendation_v2_test,control,,,,,
E00004457,search,U00757,S0001620,2026-08-08 16:55:33,Germany,mobile,ios,1.1,recommendation_v2_test,control,sunscreen,,,,
E00004458,click,U00757,S0001620,2026-08-08 16:56:35,Germany,mobile,ios,1.1,recommendation_v2_test,control,sunscreen,P002,,,
E00004459,app_open,U00757,S0001621,2026-08-10 19:19:00,Germany,mobile,ios,1.1,recommendation_v2_test,control,,,,,
E00004460,search,U00757,S0001621,2026-08-10 19:19:38,Germany,mobile,ios,1.1,recommendation_v2_test,control,sunscreen,,,,
E00004461,click,U00757,S0001621,2026-08-10 19:21:12,Germany,mobile,ios,1.1,recommendation_v2_test,control,sunscreen,P004,,,
E00004462,app_open,U00757,S0001622,2026-08-04 15:29:00,Germany,mobile,ios,1.1,recommendation_v2_test,control,,,,,
E00004463,search,U00757,S0001622,2026-08-04 15:29:35,Germany,mobile,ios,1.1,recommendation_v2_test,control,black tshirt,,,,
E00004464,click,U00757,S0001622,2026-08-04 15:29:58,Germany,mobile,ios,1.1,recommendation_v2_test,control,black tshirt,P003,,,
E00004465,app_open,U00758,S0001623,2026-08-14 23:41:00,Germany,tablet,android,1.1,recommendation_v2_test,treatment,,,,,
E00004466,search,U00758,S0001623,2026-08-14 23:41:37,Germany,tablet,android,1.1,recommendation_v2_test,treatment,watch,,,,
E00004467,app_open,U00758,S0001624,2026-08-06 14:28:00,Germany,tablet,android,1.1,recommendation_v2_test,treatment,,,,,
E00004468,search,U00758,S0001624,2026-08-06 14:28:29,Germany,tablet,android,1.1,recommendation_v2_test,treatment,running shoes,,,,
E00004469,click,U00758,S0001624,2026-08-06 14:30:26,Germany,tablet,android,1.1,recommendation_v2_test,treatment,running shoes,P003,,,
E00004470,app_open,U00759,S0001625,2026-08-14 11:09:00,India,mobile,web,1.0,recommendation_v2_test,treatment,,,,,
E00004471,search,U00759,S0001625,2026-08-14 11:09:27,India,mobile,web,1.0,recommendation_v2_test,treatment,sports shoes,,,,
E00004472,click,U00759,S0001625,2026-08-14 11:10:35,India,mobile,web,1.0,recommendation_v2_test,treatment,sports shoes,P004,,,
E00004473,app_open,U00759,S0001626,2026-08-06 21:56:00,India,mobile,web,1.0,recommendation_v2_test,treatment,,,,,
E00004474,search,U00759,S0001626,2026-08-06 21:56:43,India,mobile,web,1.0,recommendation_v2_test,treatment,running shoes,,,,
E00004475,click,U00759,S0001626,2026-08-06 21:56:52,India,mobile,web,1.0,recommendation_v2_test,treatment,running shoes,P003,,,
E00004476,add_to_cart,U00759,S0001626,2026-08-06 21:57:32,India,mobile,web,1.0,recommendation_v2_test,treatment,running shoes,P003,1.0,3908.45,
E00004477,purchase,U00759,S0001626,2026-08-06 22:00:16,India,mobile,web,1.0,recommendation_v2_test,treatment,running shoes,P003,1.0,3908.45,O0000100
E00004478,app_open,U00760,S0001627,2026-08-12 15:35:00,India,desktop,ios,1.1,recommendation_v2_test,control,,,,,
E00004479,search,U00760,S0001627,2026-08-12 15:35:10,India,desktop,ios,1.1,recommendation_v2_test,control,watch,,,,
E00004480,app_open,U00761,S0001628,2026-08-01 23:24:00,India,mobile,android,1.0,recommendation_v2_test,treatment,,,,,
E00004481,search,U00761,S0001628,2026-08-01 23:24:40,India,mobile,android,1.0,recommendation_v2_test,treatment,watch,,,,
E00004482,app_open,U00761,S0001629,2026-08-14 01:08:00,India,mobile,android,1.0,recommendation_v2_test,treatment,,,,,
E00004483,search,U00761,S0001629,2026-08-14 01:08:14,India,mobile,android,1.0,recommendation_v2_test,treatment,running shoes,,,,
E00004484,click,U00761,S0001629,2026-08-14 01:08:39,India,mobile,android,1.0,recommendation_v2_test,treatment,running shoes,P002,,,
E00004485,app_open,U00762,S0001630,2026-08-03 09:02:00,India,mobile,ios,1.1,recommendation_v2_test,treatment,,,,,
E00004486,search,U00762,S0001630,2026-08-03 09:02:25,India,mobile,ios,1.1,recommendation_v2_test,treatment,watch,,,,
E00004487,click,U00762,S0001630,2026-08-03 09:03:54,India,mobile,ios,1.1,recommendation_v2_test,treatment,watch,P002,,,
E00004488,app_open,U00763,S0001631,2026-08-11 08:41:00,Australia,desktop,web,1.0,recommendation_v2_test,control,,,,,
E00004489,search,U00763,S0001631,2026-08-11 08:41:44,Australia,desktop,web,1.0,recommendation_v2_test,control,black tshirt,,,,
E00004490,click,U00763,S0001631,2026-08-11 08:43:42,Australia,desktop,web,1.0,recommendation_v2_test,control,black tshirt,P002,,,
E00004491,app_open,U00763,S0001632,2026-08-10 18:08:00,Australia,desktop,web,1.0,recommendation_v2_test,control,,,,,
E00004492,search,U00763,S0001632,2026-08-10 18:08:50,Australia,desktop,web,1.0,recommendation_v2_test,control,black tshirt,,,,
E00004493,click,U00763,S0001632,2026-08-10 18:10:44,Australia,desktop,web,1.0,recommendation_v2_test,control,black tshirt,P006,,,
E00004494,add_to_cart,U00763,S0001632,2026-08-10 18:12:03,Australia,desktop,web,1.0,recommendation_v2_test,control,black tshirt,P006,1.0,4367.29,
E00004495,app_open,U00764,S0001633,2026-08-13 23:02:00,UK,desktop,web,1.0,recommendation_v2_test,control,,,,,
E00004496,search,U00764,S0001633,2026-08-13 23:02:43,UK,desktop,web,1.0,recommendation_v2_test,control,watch,,,,
E00004497,app_open,U00764,S0001634,2026-08-09 21:34:00,UK,desktop,web,1.0,recommendation_v2_test,control,,,,,
E00004498,search,U00764,S0001634,2026-08-09 21:34:09,UK,desktop,web,1.0,recommendation_v2_test,control,black tshirt,,,,
E00004499,app_open,U00764,S0001635,2026-08-10 16:52:00,UK,desktop,web,1.0,recommendation_v2_test,control,,,,,
E00004500,search,U00764,S0001635,2026-08-10 16:52:27,UK,desktop,web,1.0,recommendation_v2_test,control,running shoes,,,,
E00004501,click,U00764,S0001635,2026-08-10 16:54:04,UK,desktop,web,1.0,recommendation_v2_test,control,running shoes,P005,,,
E00004502,app_open,U00764,S0001636,2026-08-04 04:49:00,UK,desktop,web,1.0,recommendation_v2_test,control,,,,,
E00004503,search,U00764,S0001636,2026-08-04 04:49:12,UK,desktop,web,1.0,recommendation_v2_test,control,running shoes,,,,
E00004504,click,U00764,S0001636,2026-08-04 04:50:24,UK,desktop,web,1.0,recommendation_v2_test,control,running shoes,P001,,,
E00004505,app_open,U00765,S0001637,2026-08-02 06:12:00,Germany,tablet,ios,1.1,recommendation_v2_test,treatment,,,,,
E00004506,search,U00765,S0001637,2026-08-02 06:12:56,Germany,tablet,ios,1.1,recommendation_v2_test,treatment,sports shoes,,,,
E00004507,app_open,U00766,S0001638,2026-08-05 21:24:00,UK,desktop,android,1.0,recommendation_v2_test,treatment,,,,,
E00004508,search,U00766,S0001638,2026-08-05 21:24:10,UK,desktop,android,1.0,recommendation_v2_test,treatment,sports shoes,,,,
E00004509,click,U00766,S0001638,2026-08-05 21:25:32,UK,desktop,android,1.0,recommendation_v2_test,treatment,sports shoes,P004,,,
E00004510,add_to_cart,U00766,S0001638,2026-08-05 21:26:48,UK,desktop,android,1.0,recommendation_v2_test,treatment,sports shoes,P004,1.0,550.87,
E00004511,purchase,U00766,S0001638,2026-08-05 21:30:02,UK,desktop,android,1.0,recommendation_v2_test,treatment,sports shoes,P004,1.0,550.87,O0000101
E00004512,app_open,U00766,S0001639,2026-08-04 10:23:00,UK,desktop,android,1.0,recommendation_v2_test,treatment,,,,,
E00004513,search,U00766,S0001639,2026-08-04 10:23:59,UK,desktop,android,1.0,recommendation_v2_test,treatment,black tshirt,,,,
E00004514,click,U00766,S0001639,2026-08-04 10:24:06,UK,desktop,android,1.0,recommendation_v2_test,treatment,black tshirt,P001,,,
E00004515,app_open,U00767,S0001640,2026-08-06 18:17:00,Germany,desktop,ios,1.1,recommendation_v2_test,treatment,,,,,
E00004516,search,U00767,S0001640,2026-08-06 18:17:33,Germany,desktop,ios,1.1,recommendation_v2_test,treatment,sports shoes,,,,
E00004517,app_open,U00767,S0001641,2026-08-08 04:48:00,Germany,desktop,ios,1.1,recommendation_v2_test,treatment,,,,,
E00004518,search,U00767,S0001641,2026-08-08 04:48:53,Germany,desktop,ios,1.1,recommendation_v2_test,treatment,sports shoes,,,,
E00004519,click,U00767,S0001641,2026-08-08 04:49:34,Germany,desktop,ios,1.1,recommendation_v2_test,treatment,sports shoes,P006,,,
E00004520,add_to_cart,U00767,S0001641,2026-08-08 04:51:37,Germany,desktop,ios,1.1,recommendation_v2_test,treatment,sports shoes,P006,1.0,2804.24,
E00004521,app_open,U00767,S0001642,2026-08-08 00:25:00,Germany,desktop,ios,1.1,recommendation_v2_test,treatment,,,,,
E00004522,search,U00767,S0001642,2026-08-08 00:25:20,Germany,desktop,ios,1.1,recommendation_v2_test,treatment,sports shoes,,,,
E00004523,app_open,U00768,S0001643,2026-08-09 10:13:00,India,desktop,web,1.1,recommendation_v2_test,control,,,,,
E00004524,app_open,U00768,S0001644,2026-08-05 00:23:00,India,desktop,web,1.1,recommendation_v2_test,control,,,,,
E00004525,search,U00768,S0001644,2026-08-05 00:23:19,India,desktop,web,1.1,recommendation_v2_test,control,sports shoes,,,,
E00004526,app_open,U00768,S0001645,2026-08-05 01:21:00,India,desktop,web,1.1,recommendation_v2_test,control,,,,,
E00004527,search,U00768,S0001645,2026-08-05 01:21:36,India,desktop,web,1.1,recommendation_v2_test,control,running shoes,,,,
E00004528,click,U00768,S0001645,2026-08-05 01:22:51,India,desktop,web,1.1,recommendation_v2_test,control,running shoes,P003,,,
E00004529,app_open,U00769,S0001646,2026-08-06 05:47:00,UK,tablet,web,1.1,recommendation_v2_test,control,,,,,
E00004530,search,U00769,S0001646,2026-08-06 05:47:22,UK,tablet,web,1.1,recommendation_v2_test,control,sports shoes,,,,
E00004531,click,U00769,S0001646,2026-08-06 05:48:05,UK,tablet,web,1.1,recommendation_v2_test,control,sports shoes,P004,,,
E00004532,app_open,U00769,S0001647,2026-08-08 22:44:00,UK,tablet,web,1.1,recommendation_v2_test,control,,,,,
E00004533,search,U00769,S0001647,2026-08-08 22:44:12,UK,tablet,web,1.1,recommendation_v2_test,control,sports shoes,,,,
E00004534,click,U00769,S0001647,2026-08-08 22:44:22,UK,tablet,web,1.1,recommendation_v2_test,control,sports shoes,P004,,,
E00004535,add_to_cart,U00769,S0001647,2026-08-08 22:45:22,UK,tablet,web,1.1,recommendation_v2_test,control,sports shoes,P004,1.0,2636.64,
E00004536,app_open,U00769,S0001648,2026-08-02 11:26:00,UK,tablet,web,1.1,recommendation_v2_test,control,,,,,
E00004537,search,U00769,S0001648,2026-08-02 11:26:46,UK,tablet,web,1.1,recommendation_v2_test,control,running shoes,,,,
E00004538,app_open,U00769,S0001649,2026-08-06 22:46:00,UK,tablet,web,1.1,recommendation_v2_test,control,,,,,
E00004539,search,U00769,S0001649,2026-08-06 22:46:40,UK,tablet,web,1.1,recommendation_v2_test,control,sunscreen,,,,
E00004540,click,U00769,S0001649,2026-08-06 22:48:03,UK,tablet,web,1.1,recommendation_v2_test,control,sunscreen,P002,,,
E00004541,app_open,U00769,S0001650,2026-08-10 03:18:00,UK,tablet,web,1.1,recommendation_v2_test,control,,,,,
E00004542,search,U00769,S0001650,2026-08-10 03:18:44,UK,tablet,web,1.1,recommendation_v2_test,control,sunscreen,,,,
E00004543,app_open,U00770,S0001651,2026-08-12 07:49:00,Australia,desktop,ios,1.1,recommendation_v2_test,control,,,,,
E00004544,search,U00770,S0001651,2026-08-12 07:49:11,Australia,desktop,ios,1.1,recommendation_v2_test,control,sports shoes,,,,
E00004545,click,U00770,S0001651,2026-08-12 07:50:42,Australia,desktop,ios,1.1,recommendation_v2_test,control,sports shoes,P002,,,
E00004546,add_to_cart,U00770,S0001651,2026-08-12 07:52:52,Australia,desktop,ios,1.1,recommendation_v2_test,control,sports shoes,P002,1.0,5076.04,
E00004547,app_open,U00770,S0001652,2026-08-13 03:26:00,Australia,desktop,ios,1.1,recommendation_v2_test,control,,,,,
E00004548,search,U00770,S0001652,2026-08-13 03:26:24,Australia,desktop,ios,1.1,recommendation_v2_test,control,sunscreen,,,,
E00004549,click,U00770,S0001652,2026-08-13 03:27:35,Australia,desktop,ios,1.1,recommendation_v2_test,control,sunscreen,P006,,,
E00004550,app_open,U00771,S0001653,2026-08-06 08:49:00,Germany,desktop,ios,1.0,recommendation_v2_test,control,,,,,
E00004551,search,U00771,S0001653,2026-08-06 08:49:09,Germany,desktop,ios,1.0,recommendation_v2_test,control,sunscreen,,,,
E00004552,click,U00771,S0001653,2026-08-06 08:50:01,Germany,desktop,ios,1.0,recommendation_v2_test,control,sunscreen,P001,,,
E00004553,app_open,U00771,S0001654,2026-08-04 11:27:00,Germany,desktop,ios,1.0,recommendation_v2_test,control,,,,,
E00004554,search,U00771,S0001654,2026-08-04 11:27:57,Germany,desktop,ios,1.0,recommendation_v2_test,control,sunscreen,,,,
E00004555,click,U00771,S0001654,2026-08-04 11:29:39,Germany,desktop,ios,1.0,recommendation_v2_test,control,sunscreen,P003,,,
E00004556,app_open,U00771,S0001655,2026-08-11 17:49:00,Germany,desktop,ios,1.0,recommendation_v2_test,control,,,,,
E00004557,search,U00771,S0001655,2026-08-11 17:49:46,Germany,desktop,ios,1.0,recommendation_v2_test,control,watch,,,,
E00004558,click,U00771,S0001655,2026-08-11 17:50:45,Germany,desktop,ios,1.0,recommendation_v2_test,control,watch,P003,,,
E00004559,add_to_cart,U00771,S0001655,2026-08-11 17:53:27,Germany,desktop,ios,1.0,recommendation_v2_test,control,watch,P003,1.0,826.39,
E00004560,purchase,U00771,S0001655,2026-08-11 17:57:20,Germany,desktop,ios,1.0,recommendation_v2_test,control,watch,P003,1.0,826.39,O0000102
E00004561,app_open,U00772,S0001656,2026-08-11 19:19:00,UK,mobile,ios,1.1,recommendation_v2_test,treatment,,,,,
E00004562,search,U00772,S0001656,2026-08-11 19:19:37,UK,mobile,ios,1.1,recommendation_v2_test,treatment,sports shoes,,,,
E00004563,app_open,U00772,S0001657,2026-08-04 19:14:00,UK,mobile,ios,1.1,recommendation_v2_test,treatment,,,,,
E00004564,search,U00772,S0001657,2026-08-04 19:14:26,UK,mobile,ios,1.1,recommendation_v2_test,treatment,black tshirt,,,,
E00004565,click,U00772,S0001657,2026-08-04 19:14:33,UK,mobile,ios,1.1,recommendation_v2_test,treatment,black tshirt,P005,,,
E00004566,add_to_cart,U00772,S0001657,2026-08-04 19:16:49,UK,mobile,ios,1.1,recommendation_v2_test,treatment,black tshirt,P005,1.0,4960.1,
E00004567,app_open,U00772,S0001658,2026-08-05 13:35:00,UK,mobile,ios,1.1,recommendation_v2_test,treatment,,,,,
E00004568,search,U00772,S0001658,2026-08-05 13:35:58,UK,mobile,ios,1.1,recommendation_v2_test,treatment,sports shoes,,,,
E00004569,app_open,U00773,S0001659,2026-08-07 11:03:00,India,desktop,web,1.0,recommendation_v2_test,treatment,,,,,
E00004570,app_open,U00773,S0001660,2026-08-08 13:10:00,India,desktop,web,1.0,recommendation_v2_test,treatment,,,,,
E00004571,search,U00773,S0001660,2026-08-08 13:10:11,India,desktop,web,1.0,recommendation_v2_test,treatment,black tshirt,,,,
E00004572,click,U00773,S0001660,2026-08-08 13:11:38,India,desktop,web,1.0,recommendation_v2_test,treatment,black tshirt,P002,,,
E00004573,app_open,U00773,S0001661,2026-08-02 23:39:00,India,desktop,web,1.0,recommendation_v2_test,treatment,,,,,
E00004574,search,U00773,S0001661,2026-08-02 23:39:51,India,desktop,web,1.0,recommendation_v2_test,treatment,sports shoes,,,,
E00004575,click,U00773,S0001661,2026-08-02 23:40:11,India,desktop,web,1.0,recommendation_v2_test,treatment,sports shoes,P006,,,
E00004576,app_open,U00774,S0001662,2026-08-12 05:06:00,Germany,mobile,android,1.1,recommendation_v2_test,control,,,,,
E00004577,search,U00774,S0001662,2026-08-12 05:06:11,Germany,mobile,android,1.1,recommendation_v2_test,control,black tshirt,,,,
E00004578,click,U00774,S0001662,2026-08-12 05:06:35,Germany,mobile,android,1.1,recommendation_v2_test,control,black tshirt,P004,,,
E00004579,add_to_cart,U00774,S0001662,2026-08-12 05:08:18,Germany,mobile,android,1.1,recommendation_v2_test,control,black tshirt,P004,1.0,4710.24,
E00004580,app_open,U00774,S0001663,2026-08-02 12:51:00,Germany,mobile,android,1.1,recommendation_v2_test,control,,,,,
E00004581,search,U00774,S0001663,2026-08-02 12:51:09,Germany,mobile,android,1.1,recommendation_v2_test,control,black tshirt,,,,
E00004582,app_open,U00775,S0001664,2026-08-07 22:59:00,India,desktop,web,1.0,recommendation_v2_test,treatment,,,,,
E00004583,search,U00775,S0001664,2026-08-07 22:59:19,India,desktop,web,1.0,recommendation_v2_test,treatment,running shoes,,,,
E00004584,click,U00775,S0001664,2026-08-07 23:01:00,India,desktop,web,1.0,recommendation_v2_test,treatment,running shoes,P004,,,
E00004585,add_to_cart,U00775,S0001664,2026-08-07 23:01:25,India,desktop,web,1.0,recommendation_v2_test,treatment,running shoes,P004,1.0,704.79,
E00004586,purchase,U00775,S0001664,2026-08-07 23:04:58,India,desktop,web,1.0,recommendation_v2_test,treatment,running shoes,P004,1.0,704.79,O0000103
E00004587,app_open,U00775,S0001665,2026-08-03 22:06:00,India,desktop,web,1.0,recommendation_v2_test,treatment,,,,,
E00004588,search,U00775,S0001665,2026-08-03 22:06:12,India,desktop,web,1.0,recommendation_v2_test,treatment,watch,,,,
E00004589,click,U00775,S0001665,2026-08-03 22:07:53,India,desktop,web,1.0,recommendation_v2_test,treatment,watch,P002,,,
E00004590,app_open,U00776,S0001666,2026-08-06 19:54:00,Germany,desktop,android,1.0,recommendation_v2_test,treatment,,,,,
E00004591,search,U00776,S0001666,2026-08-06 19:54:51,Germany,desktop,android,1.0,recommendation_v2_test,treatment,watch,,,,
E00004592,app_open,U00777,S0001667,2026-08-05 21:05:00,UK,tablet,ios,1.1,recommendation_v2_test,control,,,,,
E00004593,search,U00777,S0001667,2026-08-05 21:05:36,UK,tablet,ios,1.1,recommendation_v2_test,control,sports shoes,,,,
E00004594,app_open,U00777,S0001668,2026-08-04 06:41:00,UK,tablet,ios,1.1,recommendation_v2_test,control,,,,,
E00004595,search,U00777,S0001668,2026-08-04 06:41:18,UK,tablet,ios,1.1,recommendation_v2_test,control,sunscreen,,,,
E00004596,click,U00777,S0001668,2026-08-04 06:42:44,UK,tablet,ios,1.1,recommendation_v2_test,control,sunscreen,P006,,,
E00004597,app_open,U00777,S0001669,2026-08-03 18:51:00,UK,tablet,ios,1.1,recommendation_v2_test,control,,,,,
E00004598,app_open,U00778,S0001670,2026-08-04 23:29:00,India,mobile,ios,1.1,recommendation_v2_test,control,,,,,
E00004599,search,U00778,S0001670,2026-08-04 23:29:35,India,mobile,ios,1.1,recommendation_v2_test,control,black tshirt,,,,
E00004600,click,U00778,S0001670,2026-08-04 23:29:45,India,mobile,ios,1.1,recommendation_v2_test,control,black tshirt,P005,,,
E00004601,app_open,U00778,S0001671,2026-08-08 13:47:00,India,mobile,ios,1.1,recommendation_v2_test,control,,,,,
E00004602,search,U00778,S0001671,2026-08-08 13:47:37,India,mobile,ios,1.1,recommendation_v2_test,control,running shoes,,,,
E00004603,app_open,U00779,S0001672,2026-08-11 07:02:00,Germany,mobile,web,1.1,recommendation_v2_test,control,,,,,
E00004604,app_open,U00779,S0001673,2026-08-01 05:15:00,Germany,mobile,web,1.1,recommendation_v2_test,control,,,,,
E00004605,app_open,U00780,S0001674,2026-08-07 02:36:00,Australia,desktop,web,1.0,recommendation_v2_test,treatment,,,,,
E00004606,search,U00780,S0001674,2026-08-07 02:36:48,Australia,desktop,web,1.0,recommendation_v2_test,treatment,watch,,,,
E00004607,app_open,U00780,S0001675,2026-08-01 01:30:00,Australia,desktop,web,1.0,recommendation_v2_test,treatment,,,,,
E00004608,search,U00780,S0001675,2026-08-01 01:30:51,Australia,desktop,web,1.0,recommendation_v2_test,treatment,watch,,,,
E00004609,app_open,U00781,S0001676,2026-08-08 09:56:00,UK,mobile,web,1.1,recommendation_v2_test,treatment,,,,,
E00004610,search,U00781,S0001676,2026-08-08 09:56:37,UK,mobile,web,1.1,recommendation_v2_test,treatment,black tshirt,,,,
E00004611,click,U00781,S0001676,2026-08-08 09:57:26,UK,mobile,web,1.1,recommendation_v2_test,treatment,black tshirt,P002,,,
E00004612,app_open,U00781,S0001677,2026-08-12 15:31:00,UK,mobile,web,1.1,recommendation_v2_test,treatment,,,,,
E00004613,search,U00781,S0001677,2026-08-12 15:31:46,UK,mobile,web,1.1,recommendation_v2_test,treatment,sports shoes,,,,
E00004614,click,U00781,S0001677,2026-08-12 15:33:30,UK,mobile,web,1.1,recommendation_v2_test,treatment,sports shoes,P001,,,
E00004615,add_to_cart,U00781,S0001677,2026-08-12 15:35:26,UK,mobile,web,1.1,recommendation_v2_test,treatment,sports shoes,P001,1.0,5781.17,
E00004616,app_open,U00782,S0001678,2026-08-03 20:31:00,Germany,tablet,android,1.1,recommendation_v2_test,control,,,,,
E00004617,search,U00782,S0001678,2026-08-03 20:31:23,Germany,tablet,android,1.1,recommendation_v2_test,control,running shoes,,,,
E00004618,click,U00782,S0001678,2026-08-03 20:32:43,Germany,tablet,android,1.1,recommendation_v2_test,control,running shoes,P004,,,
E00004619,add_to_cart,U00782,S0001678,2026-08-03 20:33:52,Germany,tablet,android,1.1,recommendation_v2_test,control,running shoes,P004,1.0,5026.47,
E00004620,app_open,U00783,S0001679,2026-08-09 11:34:00,India,desktop,android,1.0,recommendation_v2_test,treatment,,,,,
E00004621,app_open,U00783,S0001680,2026-08-10 13:56:00,India,desktop,android,1.0,recommendation_v2_test,treatment,,,,,
E00004622,search,U00783,S0001680,2026-08-10 13:56:44,India,desktop,android,1.0,recommendation_v2_test,treatment,sunscreen,,,,
E00004623,click,U00783,S0001680,2026-08-10 13:57:26,India,desktop,android,1.0,recommendation_v2_test,treatment,sunscreen,P004,,,
E00004624,add_to_cart,U00783,S0001680,2026-08-10 13:57:39,India,desktop,android,1.0,recommendation_v2_test,treatment,sunscreen,P004,1.0,1370.07,
E00004625,purchase,U00783,S0001680,2026-08-10 14:00:55,India,desktop,android,1.0,recommendation_v2_test,treatment,sunscreen,P004,1.0,1370.07,O0000104
E00004626,app_open,U00783,S0001681,2026-08-02 19:16:00,India,desktop,android,1.0,recommendation_v2_test,treatment,,,,,
E00004627,search,U00783,S0001681,2026-08-02 19:16:12,India,desktop,android,1.0,recommendation_v2_test,treatment,black tshirt,,,,
E00004628,app_open,U00783,S0001682,2026-08-14 08:59:00,India,desktop,android,1.0,recommendation_v2_test,treatment,,,,,
E00004629,search,U00783,S0001682,2026-08-14 08:59:47,India,desktop,android,1.0,recommendation_v2_test,treatment,running shoes,,,,
E00004630,click,U00783,S0001682,2026-08-14 09:00:18,India,desktop,android,1.0,recommendation_v2_test,treatment,running shoes,P003,,,
E00004631,app_open,U00784,S0001683,2026-08-07 19:29:00,India,mobile,ios,1.1,recommendation_v2_test,treatment,,,,,
E00004632,search,U00784,S0001683,2026-08-07 19:29:48,India,mobile,ios,1.1,recommendation_v2_test,treatment,watch,,,,
E00004633,app_open,U00784,S0001684,2026-08-05 06:59:00,India,mobile,ios,1.1,recommendation_v2_test,treatment,,,,,
E00004634,search,U00784,S0001684,2026-08-05 06:59:52,India,mobile,ios,1.1,recommendation_v2_test,treatment,watch,,,,
E00004635,app_open,U00784,S0001685,2026-08-02 00:58:00,India,mobile,ios,1.1,recommendation_v2_test,treatment,,,,,
E00004636,search,U00784,S0001685,2026-08-02 00:58:53,India,mobile,ios,1.1,recommendation_v2_test,treatment,black tshirt,,,,
E00004637,click,U00784,S0001685,2026-08-02 00:59:10,India,mobile,ios,1.1,recommendation_v2_test,treatment,black tshirt,P004,,,
E00004638,app_open,U00785,S0001686,2026-08-02 03:20:00,UK,mobile,web,1.1,recommendation_v2_test,control,,,,,
E00004639,search,U00785,S0001686,2026-08-02 03:20:30,UK,mobile,web,1.1,recommendation_v2_test,control,sunscreen,,,,
E00004640,app_open,U00786,S0001687,2026-08-11 06:07:00,UK,desktop,android,1.1,recommendation_v2_test,control,,,,,
E00004641,search,U00786,S0001687,2026-08-11 06:07:19,UK,desktop,android,1.1,recommendation_v2_test,control,sports shoes,,,,
E00004642,app_open,U00786,S0001688,2026-08-13 19:56:00,UK,desktop,android,1.1,recommendation_v2_test,control,,,,,
E00004643,search,U00786,S0001688,2026-08-13 19:56:58,UK,desktop,android,1.1,recommendation_v2_test,control,sports shoes,,,,
E00004644,click,U00786,S0001688,2026-08-13 19:57:18,UK,desktop,android,1.1,recommendation_v2_test,control,sports shoes,P003,,,
E00004645,app_open,U00786,S0001689,2026-08-09 15:36:00,UK,desktop,android,1.1,recommendation_v2_test,control,,,,,
E00004646,search,U00786,S0001689,2026-08-09 15:36:52,UK,desktop,android,1.1,recommendation_v2_test,control,sunscreen,,,,
E00004647,app_open,U00786,S0001690,2026-08-12 01:28:00,UK,desktop,android,1.1,recommendation_v2_test,control,,,,,
E00004648,search,U00786,S0001690,2026-08-12 01:28:48,UK,desktop,android,1.1,recommendation_v2_test,control,sports shoes,,,,
E00004649,click,U00786,S0001690,2026-08-12 01:30:10,UK,desktop,android,1.1,recommendation_v2_test,control,sports shoes,P005,,,
E00004650,app_open,U00787,S0001691,2026-08-12 19:48:00,Germany,desktop,web,1.1,recommendation_v2_test,control,,,,,
E00004651,search,U00787,S0001691,2026-08-12 19:48:37,Germany,desktop,web,1.1,recommendation_v2_test,control,black tshirt,,,,
E00004652,app_open,U00788,S0001692,2026-08-03 22:28:00,India,mobile,ios,1.0,recommendation_v2_test,control,,,,,
E00004653,search,U00788,S0001692,2026-08-03 22:28:55,India,mobile,ios,1.0,recommendation_v2_test,control,running shoes,,,,
E00004654,click,U00788,S0001692,2026-08-03 22:29:40,India,mobile,ios,1.0,recommendation_v2_test,control,running shoes,P003,,,
E00004655,app_open,U00788,S0001693,2026-08-05 11:29:00,India,mobile,ios,1.0,recommendation_v2_test,control,,,,,
E00004656,search,U00788,S0001693,2026-08-05 11:29:25,India,mobile,ios,1.0,recommendation_v2_test,control,sunscreen,,,,
E00004657,click,U00788,S0001693,2026-08-05 11:31:21,India,mobile,ios,1.0,recommendation_v2_test,control,sunscreen,P001,,,
E00004658,app_open,U00789,S0001694,2026-08-07 12:25:00,UK,mobile,web,1.0,recommendation_v2_test,treatment,,,,,
E00004659,search,U00789,S0001694,2026-08-07 12:25:55,UK,mobile,web,1.0,recommendation_v2_test,treatment,running shoes,,,,
E00004660,click,U00789,S0001694,2026-08-07 12:26:16,UK,mobile,web,1.0,recommendation_v2_test,treatment,running shoes,P002,,,
E00004661,add_to_cart,U00789,S0001694,2026-08-07 12:27:29,UK,mobile,web,1.0,recommendation_v2_test,treatment,running shoes,P002,1.0,4110.17,
E00004662,app_open,U00790,S0001695,2026-08-08 10:21:00,India,tablet,android,1.0,recommendation_v2_test,control,,,,,
E00004663,search,U00790,S0001695,2026-08-08 10:21:15,India,tablet,android,1.0,recommendation_v2_test,control,watch,,,,
E00004664,app_open,U00791,S0001696,2026-08-09 12:45:00,India,desktop,ios,1.1,recommendation_v2_test,control,,,,,
E00004665,search,U00791,S0001696,2026-08-09 12:45:32,India,desktop,ios,1.1,recommendation_v2_test,control,running shoes,,,,
E00004666,click,U00791,S0001696,2026-08-09 12:47:25,India,desktop,ios,1.1,recommendation_v2_test,control,running shoes,P004,,,
E00004667,app_open,U00792,S0001697,2026-08-13 13:58:00,India,desktop,android,1.1,recommendation_v2_test,control,,,,,
E00004668,search,U00792,S0001697,2026-08-13 13:58:57,India,desktop,android,1.1,recommendation_v2_test,control,sports shoes,,,,
E00004669,app_open,U00792,S0001698,2026-08-06 13:20:00,India,desktop,android,1.1,recommendation_v2_test,control,,,,,
E00004670,search,U00792,S0001698,2026-08-06 13:20:33,India,desktop,android,1.1,recommendation_v2_test,control,black tshirt,,,,
E00004671,click,U00792,S0001698,2026-08-06 13:21:55,India,desktop,android,1.1,recommendation_v2_test,control,black tshirt,P005,,,
E00004672,app_open,U00792,S0001699,2026-08-04 11:59:00,India,desktop,android,1.1,recommendation_v2_test,control,,,,,
E00004673,search,U00792,S0001699,2026-08-04 11:59:33,India,desktop,android,1.1,recommendation_v2_test,control,running shoes,,,,
E00004674,click,U00792,S0001699,2026-08-04 12:01:15,India,desktop,android,1.1,recommendation_v2_test,control,running shoes,P006,,,
E00004675,app_open,U00792,S0001700,2026-08-06 18:13:00,India,desktop,android,1.1,recommendation_v2_test,control,,,,,
E00004676,search,U00792,S0001700,2026-08-06 18:13:07,India,desktop,android,1.1,recommendation_v2_test,control,black tshirt,,,,
E00004677,app_open,U00792,S0001701,2026-08-02 23:48:00,India,desktop,android,1.1,recommendation_v2_test,control,,,,,
E00004678,search,U00792,S0001701,2026-08-02 23:48:42,India,desktop,android,1.1,recommendation_v2_test,control,sunscreen,,,,
E00004679,click,U00792,S0001701,2026-08-02 23:49:04,India,desktop,android,1.1,recommendation_v2_test,control,sunscreen,P004,,,
E00004680,app_open,U00792,S0001702,2026-08-09 22:23:00,India,desktop,android,1.1,recommendation_v2_test,control,,,,,
E00004681,search,U00792,S0001702,2026-08-09 22:23:12,India,desktop,android,1.1,recommendation_v2_test,control,black tshirt,,,,
E00004682,click,U00792,S0001702,2026-08-09 22:25:00,India,desktop,android,1.1,recommendation_v2_test,control,black tshirt,P001,,,
E00004683,app_open,U00792,S0001703,2026-08-13 10:25:00,India,desktop,android,1.1,recommendation_v2_test,control,,,,,
E00004684,search,U00792,S0001703,2026-08-13 10:25:07,India,desktop,android,1.1,recommendation_v2_test,control,sunscreen,,,,
E00004685,app_open,U00793,S0001704,2026-08-01 03:50:00,UK,mobile,ios,1.0,recommendation_v2_test,control,,,,,
E00004686,search,U00793,S0001704,2026-08-01 03:50:35,UK,mobile,ios,1.0,recommendation_v2_test,control,black tshirt,,,,
E00004687,click,U00793,S0001704,2026-08-01 03:50:43,UK,mobile,ios,1.0,recommendation_v2_test,control,black tshirt,P001,,,
E00004688,app_open,U00794,S0001705,2026-08-01 10:20:00,UK,mobile,ios,1.0,recommendation_v2_test,control,,,,,
E00004689,search,U00794,S0001705,2026-08-01 10:20:43,UK,mobile,ios,1.0,recommendation_v2_test,control,watch,,,,
E00004690,click,U00794,S0001705,2026-08-01 10:21:52,UK,mobile,ios,1.0,recommendation_v2_test,control,watch,P004,,,
E00004691,app_open,U00794,S0001706,2026-08-03 10:19:00,UK,mobile,ios,1.0,recommendation_v2_test,control,,,,,
E00004692,search,U00794,S0001706,2026-08-03 10:19:29,UK,mobile,ios,1.0,recommendation_v2_test,control,watch,,,,
E00004693,click,U00794,S0001706,2026-08-03 10:19:58,UK,mobile,ios,1.0,recommendation_v2_test,control,watch,P006,,,
E00004694,app_open,U00795,S0001707,2026-08-13 21:48:00,Germany,tablet,ios,1.0,recommendation_v2_test,treatment,,,,,
E00004695,search,U00795,S0001707,2026-08-13 21:48:07,Germany,tablet,ios,1.0,recommendation_v2_test,treatment,black tshirt,,,,
E00004696,app_open,U00796,S0001708,2026-08-01 21:00:00,Germany,mobile,web,1.0,recommendation_v2_test,treatment,,,,,
E00004697,search,U00796,S0001708,2026-08-01 21:00:54,Germany,mobile,web,1.0,recommendation_v2_test,treatment,watch,,,,
E00004698,app_open,U00796,S0001709,2026-08-09 07:16:00,Germany,mobile,web,1.0,recommendation_v2_test,treatment,,,,,
E00004699,search,U00796,S0001709,2026-08-09 07:16:42,Germany,mobile,web,1.0,recommendation_v2_test,treatment,watch,,,,
E00004700,app_open,U00796,S0001710,2026-08-13 00:08:00,Germany,mobile,web,1.0,recommendation_v2_test,treatment,,,,,
E00004701,search,U00796,S0001710,2026-08-13 00:08:44,Germany,mobile,web,1.0,recommendation_v2_test,treatment,black tshirt,,,,
E00004702,click,U00796,S0001710,2026-08-13 00:10:16,Germany,mobile,web,1.0,recommendation_v2_test,treatment,black tshirt,P001,,,
E00004703,app_open,U00796,S0001711,2026-08-07 06:35:00,Germany,mobile,web,1.0,recommendation_v2_test,treatment,,,,,
E00004704,search,U00796,S0001711,2026-08-07 06:35:12,Germany,mobile,web,1.0,recommendation_v2_test,treatment,black tshirt,,,,
E00004705,app_open,U00796,S0001712,2026-08-09 20:47:00,Germany,mobile,web,1.0,recommendation_v2_test,treatment,,,,,
E00004706,search,U00796,S0001712,2026-08-09 20:47:32,Germany,mobile,web,1.0,recommendation_v2_test,treatment,watch,,,,
E00004707,click,U00796,S0001712,2026-08-09 20:48:16,Germany,mobile,web,1.0,recommendation_v2_test,treatment,watch,P004,,,
E00004708,app_open,U00796,S0001713,2026-08-07 07:19:00,Germany,mobile,web,1.0,recommendation_v2_test,treatment,,,,,
E00004709,search,U00796,S0001713,2026-08-07 07:19:21,Germany,mobile,web,1.0,recommendation_v2_test,treatment,sunscreen,,,,
E00004710,app_open,U00797,S0001714,2026-08-10 06:06:00,UK,mobile,ios,1.0,recommendation_v2_test,control,,,,,
E00004711,search,U00797,S0001714,2026-08-10 06:06:13,UK,mobile,ios,1.0,recommendation_v2_test,control,sunscreen,,,,
E00004712,click,U00797,S0001714,2026-08-10 06:07:47,UK,mobile,ios,1.0,recommendation_v2_test,control,sunscreen,P001,,,
E00004713,app_open,U00798,S0001715,2026-08-01 15:00:00,India,mobile,ios,1.0,recommendation_v2_test,treatment,,,,,
E00004714,search,U00798,S0001715,2026-08-01 15:00:26,India,mobile,ios,1.0,recommendation_v2_test,treatment,watch,,,,
E00004715,click,U00798,S0001715,2026-08-01 15:01:58,India,mobile,ios,1.0,recommendation_v2_test,treatment,watch,P005,,,
E00004716,add_to_cart,U00798,S0001715,2026-08-01 15:02:46,India,mobile,ios,1.0,recommendation_v2_test,treatment,watch,P005,1.0,4985.75,
E00004717,app_open,U00799,S0001716,2026-08-12 15:31:00,Australia,tablet,ios,1.0,recommendation_v2_test,treatment,,,,,
E00004718,search,U00799,S0001716,2026-08-12 15:31:58,Australia,tablet,ios,1.0,recommendation_v2_test,treatment,running shoes,,,,
E00004719,click,U00799,S0001716,2026-08-12 15:32:30,Australia,tablet,ios,1.0,recommendation_v2_test,treatment,running shoes,P003,,,
E00004720,add_to_cart,U00799,S0001716,2026-08-12 15:34:17,Australia,tablet,ios,1.0,recommendation_v2_test,treatment,running shoes,P003,1.0,4040.44,
E00004721,app_open,U00800,S0001717,2026-08-14 16:04:00,India,mobile,web,1.0,recommendation_v2_test,treatment,,,,,
E00004722,app_open,U00800,S0001718,2026-08-14 07:22:00,India,mobile,web,1.0,recommendation_v2_test,treatment,,,,,
E00004723,search,U00800,S0001718,2026-08-14 07:22:16,India,mobile,web,1.0,recommendation_v2_test,treatment,running shoes,,,,
E00004724,click,U00800,S0001718,2026-08-14 07:23:32,India,mobile,web,1.0,recommendation_v2_test,treatment,running shoes,P005,,,
E00004725,add_to_cart,U00800,S0001718,2026-08-14 07:26:13,India,mobile,web,1.0,recommendation_v2_test,treatment,running shoes,P005,1.0,3431.3,
E00004726,app_open,U00800,S0001719,2026-08-04 00:18:00,India,mobile,web,1.0,recommendation_v2_test,treatment,,,,,
E00004727,app_open,U00800,S0001720,2026-08-13 06:17:00,India,mobile,web,1.0,recommendation_v2_test,treatment,,,,,
E00004728,search,U00800,S0001720,2026-08-13 06:17:55,India,mobile,web,1.0,recommendation_v2_test,treatment,sunscreen,,,,
E00004729,click,U00800,S0001720,2026-08-13 06:19:17,India,mobile,web,1.0,recommendation_v2_test,treatment,sunscreen,P002,,,
E00004730,add_to_cart,U00800,S0001720,2026-08-13 06:20:02,India,mobile,web,1.0,recommendation_v2_test,treatment,sunscreen,P002,1.0,4726.68,
E00004731,app_open,U00801,S0001721,2026-08-08 00:15:00,Germany,tablet,android,1.0,recommendation_v2_test,control,,,,,
E00004732,search,U00801,S0001721,2026-08-08 00:15:52,Germany,tablet,android,1.0,recommendation_v2_test,control,black tshirt,,,,
E00004733,click,U00801,S0001721,2026-08-08 00:16:19,Germany,tablet,android,1.0,recommendation_v2_test,control,black tshirt,P002,,,
E00004734,app_open,U00801,S0001722,2026-08-14 21:26:00,Germany,tablet,android,1.0,recommendation_v2_test,control,,,,,
E00004735,search,U00801,S0001722,2026-08-14 21:26:44,Germany,tablet,android,1.0,recommendation_v2_test,control,sunscreen,,,,
E00004736,click,U00801,S0001722,2026-08-14 21:27:31,Germany,tablet,android,1.0,recommendation_v2_test,control,sunscreen,P004,,,
E00004737,app_open,U00801,S0001723,2026-08-01 18:26:00,Germany,tablet,android,1.0,recommendation_v2_test,control,,,,,
E00004738,search,U00801,S0001723,2026-08-01 18:26:28,Germany,tablet,android,1.0,recommendation_v2_test,control,watch,,,,
E00004739,click,U00801,S0001723,2026-08-01 18:26:48,Germany,tablet,android,1.0,recommendation_v2_test,control,watch,P006,,,
E00004740,add_to_cart,U00801,S0001723,2026-08-01 18:27:17,Germany,tablet,android,1.0,recommendation_v2_test,control,watch,P006,1.0,1122.92,
E00004741,app_open,U00802,S0001724,2026-08-03 22:26:00,Germany,mobile,android,1.0,recommendation_v2_test,treatment,,,,,
E00004742,search,U00802,S0001724,2026-08-03 22:26:48,Germany,mobile,android,1.0,recommendation_v2_test,treatment,running shoes,,,,
E00004743,click,U00802,S0001724,2026-08-03 22:27:24,Germany,mobile,android,1.0,recommendation_v2_test,treatment,running shoes,P006,,,
E00004744,app_open,U00802,S0001725,2026-08-05 00:48:00,Germany,mobile,android,1.0,recommendation_v2_test,treatment,,,,,
E00004745,search,U00802,S0001725,2026-08-05 00:48:55,Germany,mobile,android,1.0,recommendation_v2_test,treatment,sunscreen,,,,
E00004746,click,U00802,S0001725,2026-08-05 00:50:32,Germany,mobile,android,1.0,recommendation_v2_test,treatment,sunscreen,P005,,,
E00004747,add_to_cart,U00802,S0001725,2026-08-05 00:53:06,Germany,mobile,android,1.0,recommendation_v2_test,treatment,sunscreen,P005,1.0,5224.31,
E00004748,app_open,U00802,S0001726,2026-08-08 05:21:00,Germany,mobile,android,1.0,recommendation_v2_test,treatment,,,,,
E00004749,search,U00802,S0001726,2026-08-08 05:21:56,Germany,mobile,android,1.0,recommendation_v2_test,treatment,black tshirt,,,,
E00004750,app_open,U00802,S0001727,2026-08-09 21:52:00,Germany,mobile,android,1.0,recommendation_v2_test,treatment,,,,,
E00004751,search,U00802,S0001727,2026-08-09 21:52:17,Germany,mobile,android,1.0,recommendation_v2_test,treatment,running shoes,,,,
E00004752,click,U00802,S0001727,2026-08-09 21:54:02,Germany,mobile,android,1.0,recommendation_v2_test,treatment,running shoes,P002,,,
E00004753,app_open,U00802,S0001728,2026-08-12 23:32:00,Germany,mobile,android,1.0,recommendation_v2_test,treatment,,,,,
E00004754,search,U00802,S0001728,2026-08-12 23:32:39,Germany,mobile,android,1.0,recommendation_v2_test,treatment,black tshirt,,,,
E00004755,click,U00802,S0001728,2026-08-12 23:33:02,Germany,mobile,android,1.0,recommendation_v2_test,treatment,black tshirt,P001,,,
E00004756,app_open,U00803,S0001729,2026-08-07 21:58:00,UK,mobile,web,1.0,recommendation_v2_test,control,,,,,
E00004757,search,U00803,S0001729,2026-08-07 21:58:22,UK,mobile,web,1.0,recommendation_v2_test,control,sunscreen,,,,
E00004758,app_open,U00804,S0001730,2026-08-09 00:18:00,UK,desktop,ios,1.0,recommendation_v2_test,treatment,,,,,
E00004759,search,U00804,S0001730,2026-08-09 00:18:46,UK,desktop,ios,1.0,recommendation_v2_test,treatment,watch,,,,
E00004760,app_open,U00804,S0001731,2026-08-04 21:24:00,UK,desktop,ios,1.0,recommendation_v2_test,treatment,,,,,
E00004761,app_open,U00804,S0001732,2026-08-01 23:31:00,UK,desktop,ios,1.0,recommendation_v2_test,treatment,,,,,
E00004762,search,U00804,S0001732,2026-08-01 23:31:07,UK,desktop,ios,1.0,recommendation_v2_test,treatment,watch,,,,
E00004763,app_open,U00805,S0001733,2026-08-10 01:24:00,Australia,mobile,web,1.0,recommendation_v2_test,control,,,,,
E00004764,search,U00805,S0001733,2026-08-10 01:24:31,Australia,mobile,web,1.0,recommendation_v2_test,control,black tshirt,,,,
E00004765,click,U00805,S0001733,2026-08-10 01:25:29,Australia,mobile,web,1.0,recommendation_v2_test,control,black tshirt,P006,,,
E00004766,app_open,U00805,S0001734,2026-08-06 17:21:00,Australia,mobile,web,1.0,recommendation_v2_test,control,,,,,
E00004767,search,U00805,S0001734,2026-08-06 17:21:22,Australia,mobile,web,1.0,recommendation_v2_test,control,watch,,,,
E00004768,app_open,U00805,S0001735,2026-08-01 16:25:00,Australia,mobile,web,1.0,recommendation_v2_test,control,,,,,
E00004769,search,U00805,S0001735,2026-08-01 16:25:06,Australia,mobile,web,1.0,recommendation_v2_test,control,watch,,,,
E00004770,app_open,U00805,S0001736,2026-08-12 18:07:00,Australia,mobile,web,1.0,recommendation_v2_test,control,,,,,
E00004771,search,U00805,S0001736,2026-08-12 18:07:36,Australia,mobile,web,1.0,recommendation_v2_test,control,black tshirt,,,,
E00004772,click,U00805,S0001736,2026-08-12 18:07:55,Australia,mobile,web,1.0,recommendation_v2_test,control,black tshirt,P001,,,
E00004773,add_to_cart,U00805,S0001736,2026-08-12 18:10:21,Australia,mobile,web,1.0,recommendation_v2_test,control,black tshirt,P001,1.0,5761.89,
E00004774,purchase,U00805,S0001736,2026-08-12 18:13:03,Australia,mobile,web,1.0,recommendation_v2_test,control,black tshirt,P001,1.0,5761.89,O0000105
E00004775,app_open,U00806,S0001737,2026-08-05 01:23:00,UK,tablet,ios,1.1,recommendation_v2_test,control,,,,,
E00004776,search,U00806,S0001737,2026-08-05 01:23:58,UK,tablet,ios,1.1,recommendation_v2_test,control,watch,,,,
E00004777,app_open,U00806,S0001738,2026-08-01 19:56:00,UK,tablet,ios,1.1,recommendation_v2_test,control,,,,,
E00004778,app_open,U00806,S0001739,2026-08-11 18:22:00,UK,tablet,ios,1.1,recommendation_v2_test,control,,,,,
E00004779,search,U00806,S0001739,2026-08-11 18:22:41,UK,tablet,ios,1.1,recommendation_v2_test,control,watch,,,,
E00004780,click,U00806,S0001739,2026-08-11 18:23:57,UK,tablet,ios,1.1,recommendation_v2_test,control,watch,P002,,,
E00004781,add_to_cart,U00806,S0001739,2026-08-11 18:25:14,UK,tablet,ios,1.1,recommendation_v2_test,control,watch,P002,1.0,750.74,
E00004782,purchase,U00806,S0001739,2026-08-11 18:29:17,UK,tablet,ios,1.1,recommendation_v2_test,control,watch,P002,1.0,750.74,O0000106
E00004783,app_open,U00807,S0001740,2026-08-01 21:53:00,UK,desktop,android,1.0,recommendation_v2_test,treatment,,,,,
E00004784,search,U00807,S0001740,2026-08-01 21:53:37,UK,desktop,android,1.0,recommendation_v2_test,treatment,running shoes,,,,
E00004785,app_open,U00808,S0001741,2026-08-13 13:27:00,India,desktop,ios,1.0,recommendation_v2_test,treatment,,,,,
E00004786,search,U00808,S0001741,2026-08-13 13:27:24,India,desktop,ios,1.0,recommendation_v2_test,treatment,sports shoes,,,,
E00004787,app_open,U00809,S0001742,2026-08-11 17:38:00,Australia,desktop,ios,1.1,recommendation_v2_test,control,,,,,
E00004788,search,U00809,S0001742,2026-08-11 17:38:48,Australia,desktop,ios,1.1,recommendation_v2_test,control,watch,,,,
E00004789,click,U00809,S0001742,2026-08-11 17:38:57,Australia,desktop,ios,1.1,recommendation_v2_test,control,watch,P004,,,
E00004790,app_open,U00809,S0001743,2026-08-06 23:52:00,Australia,desktop,ios,1.1,recommendation_v2_test,control,,,,,
E00004791,app_open,U00810,S0001744,2026-08-01 12:14:00,Germany,mobile,ios,1.0,recommendation_v2_test,treatment,,,,,
E00004792,search,U00810,S0001744,2026-08-01 12:14:43,Germany,mobile,ios,1.0,recommendation_v2_test,treatment,sunscreen,,,,
E00004793,click,U00810,S0001744,2026-08-01 12:15:43,Germany,mobile,ios,1.0,recommendation_v2_test,treatment,sunscreen,P004,,,
E00004794,add_to_cart,U00810,S0001744,2026-08-01 12:17:03,Germany,mobile,ios,1.0,recommendation_v2_test,treatment,sunscreen,P004,1.0,5054.56,
E00004795,purchase,U00810,S0001744,2026-08-01 12:21:42,Germany,mobile,ios,1.0,recommendation_v2_test,treatment,sunscreen,P004,1.0,5054.56,O0000107
E00004796,app_open,U00810,S0001745,2026-08-10 10:46:00,Germany,mobile,ios,1.0,recommendation_v2_test,treatment,,,,,
E00004797,search,U00810,S0001745,2026-08-10 10:46:12,Germany,mobile,ios,1.0,recommendation_v2_test,treatment,sunscreen,,,,
E00004798,app_open,U00811,S0001746,2026-08-04 07:49:00,UK,tablet,android,1.1,recommendation_v2_test,treatment,,,,,
E00004799,app_open,U00811,S0001747,2026-08-06 04:04:00,UK,tablet,android,1.1,recommendation_v2_test,treatment,,,,,
E00004800,search,U00811,S0001747,2026-08-06 04:04:18,UK,tablet,android,1.1,recommendation_v2_test,treatment,sunscreen,,,,
E00004801,click,U00811,S0001747,2026-08-06 04:04:55,UK,tablet,android,1.1,recommendation_v2_test,treatment,sunscreen,P003,,,
E00004802,app_open,U00811,S0001748,2026-08-10 13:08:00,UK,tablet,android,1.1,recommendation_v2_test,treatment,,,,,
E00004803,app_open,U00812,S0001749,2026-08-05 08:40:00,UK,tablet,android,1.0,recommendation_v2_test,treatment,,,,,
E00004804,search,U00812,S0001749,2026-08-05 08:40:56,UK,tablet,android,1.0,recommendation_v2_test,treatment,sunscreen,,,,
E00004805,app_open,U00812,S0001750,2026-08-08 09:00:00,UK,tablet,android,1.0,recommendation_v2_test,treatment,,,,,
E00004806,search,U00812,S0001750,2026-08-08 09:00:20,UK,tablet,android,1.0,recommendation_v2_test,treatment,running shoes,,,,
E00004807,click,U00812,S0001750,2026-08-08 09:01:43,UK,tablet,android,1.0,recommendation_v2_test,treatment,running shoes,P004,,,
E00004808,add_to_cart,U00812,S0001750,2026-08-08 09:02:14,UK,tablet,android,1.0,recommendation_v2_test,treatment,running shoes,P004,1.0,5559.13,
E00004809,purchase,U00812,S0001750,2026-08-08 09:05:55,UK,tablet,android,1.0,recommendation_v2_test,treatment,running shoes,P004,1.0,5559.13,O0000108
E00004810,app_open,U00812,S0001751,2026-08-02 20:51:00,UK,tablet,android,1.0,recommendation_v2_test,treatment,,,,,
E00004811,search,U00812,S0001751,2026-08-02 20:51:22,UK,tablet,android,1.0,recommendation_v2_test,treatment,sunscreen,,,,
E00004812,click,U00812,S0001751,2026-08-02 20:53:05,UK,tablet,android,1.0,recommendation_v2_test,treatment,sunscreen,P004,,,
E00004813,app_open,U00813,S0001752,2026-08-11 12:05:00,UK,tablet,web,1.1,recommendation_v2_test,treatment,,,,,
E00004814,search,U00813,S0001752,2026-08-11 12:05:05,UK,tablet,web,1.1,recommendation_v2_test,treatment,black tshirt,,,,
E00004815,click,U00813,S0001752,2026-08-11 12:06:17,UK,tablet,web,1.1,recommendation_v2_test,treatment,black tshirt,P003,,,
E00004816,app_open,U00813,S0001753,2026-08-03 17:35:00,UK,tablet,web,1.1,recommendation_v2_test,treatment,,,,,
E00004817,app_open,U00813,S0001754,2026-08-08 18:51:00,UK,tablet,web,1.1,recommendation_v2_test,treatment,,,,,
E00004818,search,U00813,S0001754,2026-08-08 18:51:50,UK,tablet,web,1.1,recommendation_v2_test,treatment,black tshirt,,,,
E00004819,click,U00813,S0001754,2026-08-08 18:51:59,UK,tablet,web,1.1,recommendation_v2_test,treatment,black tshirt,P002,,,
E00004820,app_open,U00813,S0001755,2026-08-09 18:43:00,UK,tablet,web,1.1,recommendation_v2_test,treatment,,,,,
E00004821,search,U00813,S0001755,2026-08-09 18:43:19,UK,tablet,web,1.1,recommendation_v2_test,treatment,black tshirt,,,,
E00004822,click,U00813,S0001755,2026-08-09 18:45:17,UK,tablet,web,1.1,recommendation_v2_test,treatment,black tshirt,P004,,,
E00004823,add_to_cart,U00813,S0001755,2026-08-09 18:47:39,UK,tablet,web,1.1,recommendation_v2_test,treatment,black tshirt,P004,1.0,5715.49,
E00004824,app_open,U00814,S0001756,2026-08-05 04:07:00,India,tablet,ios,1.0,recommendation_v2_test,treatment,,,,,
E00004825,search,U00814,S0001756,2026-08-05 04:07:52,India,tablet,ios,1.0,recommendation_v2_test,treatment,watch,,,,
E00004826,click,U00814,S0001756,2026-08-05 04:09:33,India,tablet,ios,1.0,recommendation_v2_test,treatment,watch,P006,,,
E00004827,app_open,U00815,S0001757,2026-08-04 21:08:00,Australia,desktop,ios,1.1,recommendation_v2_test,treatment,,,,,
E00004828,search,U00815,S0001757,2026-08-04 21:08:53,Australia,desktop,ios,1.1,recommendation_v2_test,treatment,black tshirt,,,,
E00004829,click,U00815,S0001757,2026-08-04 21:09:10,Australia,desktop,ios,1.1,recommendation_v2_test,treatment,black tshirt,P006,,,
E00004830,add_to_cart,U00815,S0001757,2026-08-04 21:10:50,Australia,desktop,ios,1.1,recommendation_v2_test,treatment,black tshirt,P006,1.0,4322.63,
E00004831,app_open,U00816,S0001758,2026-08-11 02:54:00,Australia,desktop,ios,1.1,recommendation_v2_test,treatment,,,,,
E00004832,search,U00816,S0001758,2026-08-11 02:54:09,Australia,desktop,ios,1.1,recommendation_v2_test,treatment,sunscreen,,,,
E00004833,click,U00816,S0001758,2026-08-11 02:54:56,Australia,desktop,ios,1.1,recommendation_v2_test,treatment,sunscreen,P003,,,
E00004834,app_open,U00816,S0001759,2026-08-01 12:12:00,Australia,desktop,ios,1.1,recommendation_v2_test,treatment,,,,,
E00004835,search,U00816,S0001759,2026-08-01 12:12:55,Australia,desktop,ios,1.1,recommendation_v2_test,treatment,running shoes,,,,
E00004836,app_open,U00817,S0001760,2026-08-01 01:22:00,India,desktop,ios,1.0,recommendation_v2_test,treatment,,,,,
E00004837,search,U00817,S0001760,2026-08-01 01:22:43,India,desktop,ios,1.0,recommendation_v2_test,treatment,watch,,,,
E00004838,click,U00817,S0001760,2026-08-01 01:23:14,India,desktop,ios,1.0,recommendation_v2_test,treatment,watch,P005,,,
E00004839,app_open,U00817,S0001761,2026-08-09 03:35:00,India,desktop,ios,1.0,recommendation_v2_test,treatment,,,,,
E00004840,search,U00817,S0001761,2026-08-09 03:35:44,India,desktop,ios,1.0,recommendation_v2_test,treatment,black tshirt,,,,
E00004841,click,U00817,S0001761,2026-08-09 03:36:18,India,desktop,ios,1.0,recommendation_v2_test,treatment,black tshirt,P002,,,
E00004842,app_open,U00817,S0001762,2026-08-11 08:37:00,India,desktop,ios,1.0,recommendation_v2_test,treatment,,,,,
E00004843,search,U00817,S0001762,2026-08-11 08:37:45,India,desktop,ios,1.0,recommendation_v2_test,treatment,black tshirt,,,,
E00004844,app_open,U00818,S0001763,2026-08-11 17:26:00,Australia,tablet,android,1.1,recommendation_v2_test,treatment,,,,,
E00004845,search,U00818,S0001763,2026-08-11 17:26:51,Australia,tablet,android,1.1,recommendation_v2_test,treatment,running shoes,,,,
E00004846,click,U00818,S0001763,2026-08-11 17:27:59,Australia,tablet,android,1.1,recommendation_v2_test,treatment,running shoes,P004,,,
E00004847,app_open,U00819,S0001764,2026-08-05 03:16:00,UK,mobile,web,1.1,recommendation_v2_test,treatment,,,,,
E00004848,search,U00819,S0001764,2026-08-05 03:16:33,UK,mobile,web,1.1,recommendation_v2_test,treatment,sports shoes,,,,
E00004849,click,U00819,S0001764,2026-08-05 03:17:12,UK,mobile,web,1.1,recommendation_v2_test,treatment,sports shoes,P006,,,
E00004850,add_to_cart,U00819,S0001764,2026-08-05 03:19:02,UK,mobile,web,1.1,recommendation_v2_test,treatment,sports shoes,P006,1.0,5272.7,
E00004851,app_open,U00819,S0001765,2026-08-08 22:18:00,UK,mobile,web,1.1,recommendation_v2_test,treatment,,,,,
E00004852,search,U00819,S0001765,2026-08-08 22:18:07,UK,mobile,web,1.1,recommendation_v2_test,treatment,sports shoes,,,,
E00004853,click,U00819,S0001765,2026-08-08 22:18:37,UK,mobile,web,1.1,recommendation_v2_test,treatment,sports shoes,P006,,,
E00004854,add_to_cart,U00819,S0001765,2026-08-08 22:20:38,UK,mobile,web,1.1,recommendation_v2_test,treatment,sports shoes,P006,1.0,1659.86,
E00004855,app_open,U00820,S0001766,2026-08-05 20:58:00,India,mobile,android,1.1,recommendation_v2_test,control,,,,,
E00004856,search,U00820,S0001766,2026-08-05 20:58:47,India,mobile,android,1.1,recommendation_v2_test,control,sports shoes,,,,
E00004857,app_open,U00821,S0001767,2026-08-06 12:07:00,UK,mobile,ios,1.1,recommendation_v2_test,treatment,,,,,
E00004858,search,U00821,S0001767,2026-08-06 12:07:50,UK,mobile,ios,1.1,recommendation_v2_test,treatment,running shoes,,,,
E00004859,click,U00821,S0001767,2026-08-06 12:08:44,UK,mobile,ios,1.1,recommendation_v2_test,treatment,running shoes,P002,,,
E00004860,app_open,U00821,S0001768,2026-08-05 07:29:00,UK,mobile,ios,1.1,recommendation_v2_test,treatment,,,,,
E00004861,search,U00821,S0001768,2026-08-05 07:29:19,UK,mobile,ios,1.1,recommendation_v2_test,treatment,black tshirt,,,,
E00004862,app_open,U00822,S0001769,2026-08-01 13:05:00,Germany,mobile,web,1.1,recommendation_v2_test,treatment,,,,,
E00004863,search,U00822,S0001769,2026-08-01 13:05:48,Germany,mobile,web,1.1,recommendation_v2_test,treatment,sports shoes,,,,
E00004864,click,U00822,S0001769,2026-08-01 13:07:34,Germany,mobile,web,1.1,recommendation_v2_test,treatment,sports shoes,P003,,,
E00004865,app_open,U00823,S0001770,2026-08-10 17:04:00,UK,mobile,ios,1.1,recommendation_v2_test,control,,,,,
E00004866,search,U00823,S0001770,2026-08-10 17:04:22,UK,mobile,ios,1.1,recommendation_v2_test,control,black tshirt,,,,
E00004867,click,U00823,S0001770,2026-08-10 17:04:53,UK,mobile,ios,1.1,recommendation_v2_test,control,black tshirt,P002,,,
E00004868,app_open,U00823,S0001771,2026-08-06 02:41:00,UK,mobile,ios,1.1,recommendation_v2_test,control,,,,,
E00004869,search,U00823,S0001771,2026-08-06 02:41:50,UK,mobile,ios,1.1,recommendation_v2_test,control,watch,,,,
E00004870,click,U00823,S0001771,2026-08-06 02:42:04,UK,mobile,ios,1.1,recommendation_v2_test,control,watch,P005,,,
E00004871,add_to_cart,U00823,S0001771,2026-08-06 02:42:21,UK,mobile,ios,1.1,recommendation_v2_test,control,watch,P005,1.0,2468.5,
E00004872,app_open,U00824,S0001772,2026-08-12 19:23:00,UK,mobile,web,1.1,recommendation_v2_test,treatment,,,,,
E00004873,search,U00824,S0001772,2026-08-12 19:23:31,UK,mobile,web,1.1,recommendation_v2_test,treatment,black tshirt,,,,
E00004874,click,U00824,S0001772,2026-08-12 19:24:04,UK,mobile,web,1.1,recommendation_v2_test,treatment,black tshirt,P002,,,
E00004875,app_open,U00824,S0001773,2026-08-10 12:05:00,UK,mobile,web,1.1,recommendation_v2_test,treatment,,,,,
E00004876,search,U00824,S0001773,2026-08-10 12:05:15,UK,mobile,web,1.1,recommendation_v2_test,treatment,sports shoes,,,,
E00004877,app_open,U00824,S0001774,2026-08-09 19:18:00,UK,mobile,web,1.1,recommendation_v2_test,treatment,,,,,
E00004878,app_open,U00825,S0001775,2026-08-08 03:17:00,Germany,tablet,ios,1.1,recommendation_v2_test,control,,,,,
E00004879,search,U00825,S0001775,2026-08-08 03:17:57,Germany,tablet,ios,1.1,recommendation_v2_test,control,black tshirt,,,,
E00004880,click,U00825,S0001775,2026-08-08 03:18:55,Germany,tablet,ios,1.1,recommendation_v2_test,control,black tshirt,P004,,,
E00004881,app_open,U00825,S0001776,2026-08-09 11:25:00,Germany,tablet,ios,1.1,recommendation_v2_test,control,,,,,
E00004882,search,U00825,S0001776,2026-08-09 11:25:36,Germany,tablet,ios,1.1,recommendation_v2_test,control,sports shoes,,,,
E00004883,click,U00825,S0001776,2026-08-09 11:26:29,Germany,tablet,ios,1.1,recommendation_v2_test,control,sports shoes,P001,,,
E00004884,app_open,U00825,S0001777,2026-08-14 20:51:00,Germany,tablet,ios,1.1,recommendation_v2_test,control,,,,,
E00004885,search,U00825,S0001777,2026-08-14 20:51:37,Germany,tablet,ios,1.1,recommendation_v2_test,control,running shoes,,,,
E00004886,click,U00825,S0001777,2026-08-14 20:52:55,Germany,tablet,ios,1.1,recommendation_v2_test,control,running shoes,P002,,,
E00004887,app_open,U00826,S0001778,2026-08-10 13:00:00,Germany,mobile,android,1.1,recommendation_v2_test,treatment,,,,,
E00004888,search,U00826,S0001778,2026-08-10 13:00:44,Germany,mobile,android,1.1,recommendation_v2_test,treatment,watch,,,,
E00004889,app_open,U00826,S0001779,2026-08-01 00:27:00,Germany,mobile,android,1.1,recommendation_v2_test,treatment,,,,,
E00004890,search,U00826,S0001779,2026-08-01 00:27:19,Germany,mobile,android,1.1,recommendation_v2_test,treatment,black tshirt,,,,
E00004891,click,U00826,S0001779,2026-08-01 00:27:38,Germany,mobile,android,1.1,recommendation_v2_test,treatment,black tshirt,P002,,,
E00004892,add_to_cart,U00826,S0001779,2026-08-01 00:28:32,Germany,mobile,android,1.1,recommendation_v2_test,treatment,black tshirt,P002,1.0,3361.81,
E00004893,purchase,U00826,S0001779,2026-08-01 00:29:16,Germany,mobile,android,1.1,recommendation_v2_test,treatment,black tshirt,P002,1.0,3361.81,O0000109
E00004894,app_open,U00827,S0001780,2026-08-13 17:38:00,Germany,tablet,web,1.1,recommendation_v2_test,control,,,,,
E00004895,search,U00827,S0001780,2026-08-13 17:38:05,Germany,tablet,web,1.1,recommendation_v2_test,control,running shoes,,,,
E00004896,app_open,U00827,S0001781,2026-08-08 07:41:00,Germany,tablet,web,1.1,recommendation_v2_test,control,,,,,
E00004897,search,U00827,S0001781,2026-08-08 07:41:59,Germany,tablet,web,1.1,recommendation_v2_test,control,sunscreen,,,,
E00004898,app_open,U00827,S0001782,2026-08-06 23:09:00,Germany,tablet,web,1.1,recommendation_v2_test,control,,,,,
E00004899,search,U00827,S0001782,2026-08-06 23:09:55,Germany,tablet,web,1.1,recommendation_v2_test,control,running shoes,,,,
E00004900,click,U00827,S0001782,2026-08-06 23:11:25,Germany,tablet,web,1.1,recommendation_v2_test,control,running shoes,P006,,,
E00004901,app_open,U00827,S0001783,2026-08-04 04:24:00,Germany,tablet,web,1.1,recommendation_v2_test,control,,,,,
E00004902,search,U00827,S0001783,2026-08-04 04:24:49,Germany,tablet,web,1.1,recommendation_v2_test,control,watch,,,,
E00004903,click,U00827,S0001783,2026-08-04 04:25:26,Germany,tablet,web,1.1,recommendation_v2_test,control,watch,P001,,,
E00004904,add_to_cart,U00827,S0001783,2026-08-04 04:26:39,Germany,tablet,web,1.1,recommendation_v2_test,control,watch,P001,1.0,1708.23,
E00004905,app_open,U00827,S0001784,2026-08-08 00:38:00,Germany,tablet,web,1.1,recommendation_v2_test,control,,,,,
E00004906,search,U00827,S0001784,2026-08-08 00:38:55,Germany,tablet,web,1.1,recommendation_v2_test,control,running shoes,,,,
E00004907,app_open,U00827,S0001785,2026-08-07 15:00:00,Germany,tablet,web,1.1,recommendation_v2_test,control,,,,,
E00004908,search,U00827,S0001785,2026-08-07 15:00:36,Germany,tablet,web,1.1,recommendation_v2_test,control,sports shoes,,,,
E00004909,click,U00827,S0001785,2026-08-07 15:01:07,Germany,tablet,web,1.1,recommendation_v2_test,control,sports shoes,P006,,,
E00004910,app_open,U00828,S0001786,2026-08-13 06:38:00,UK,mobile,android,1.1,recommendation_v2_test,treatment,,,,,
E00004911,search,U00828,S0001786,2026-08-13 06:38:30,UK,mobile,android,1.1,recommendation_v2_test,treatment,black tshirt,,,,
E00004912,click,U00828,S0001786,2026-08-13 06:38:35,UK,mobile,android,1.1,recommendation_v2_test,treatment,black tshirt,P006,,,
E00004913,add_to_cart,U00828,S0001786,2026-08-13 06:39:50,UK,mobile,android,1.1,recommendation_v2_test,treatment,black tshirt,P006,1.0,3519.83,
E00004914,purchase,U00828,S0001786,2026-08-13 06:42:39,UK,mobile,android,1.1,recommendation_v2_test,treatment,black tshirt,P006,1.0,3519.83,O0000110
E00004915,app_open,U00829,S0001787,2026-08-13 21:06:00,Germany,desktop,android,1.1,recommendation_v2_test,control,,,,,
E00004916,search,U00829,S0001787,2026-08-13 21:06:07,Germany,desktop,android,1.1,recommendation_v2_test,control,running shoes,,,,
E00004917,click,U00829,S0001787,2026-08-13 21:06:25,Germany,desktop,android,1.1,recommendation_v2_test,control,running shoes,P006,,,
E00004918,app_open,U00829,S0001788,2026-08-02 01:05:00,Germany,desktop,android,1.1,recommendation_v2_test,control,,,,,
E00004919,search,U00829,S0001788,2026-08-02 01:05:06,Germany,desktop,android,1.1,recommendation_v2_test,control,running shoes,,,,
E00004920,app_open,U00829,S0001789,2026-08-10 06:36:00,Germany,desktop,android,1.1,recommendation_v2_test,control,,,,,
E00004921,search,U00829,S0001789,2026-08-10 06:36:29,Germany,desktop,android,1.1,recommendation_v2_test,control,sports shoes,,,,
E00004922,app_open,U00829,S0001790,2026-08-13 11:55:00,Germany,desktop,android,1.1,recommendation_v2_test,control,,,,,
E00004923,search,U00829,S0001790,2026-08-13 11:55:45,Germany,desktop,android,1.1,recommendation_v2_test,control,sunscreen,,,,
E00004924,app_open,U00830,S0001791,2026-08-13 22:19:00,UK,mobile,android,1.0,recommendation_v2_test,control,,,,,
E00004925,search,U00830,S0001791,2026-08-13 22:19:13,UK,mobile,android,1.0,recommendation_v2_test,control,watch,,,,
E00004926,click,U00830,S0001791,2026-08-13 22:20:43,UK,mobile,android,1.0,recommendation_v2_test,control,watch,P001,,,
E00004927,app_open,U00830,S0001792,2026-08-02 14:27:00,UK,mobile,android,1.0,recommendation_v2_test,control,,,,,
E00004928,search,U00830,S0001792,2026-08-02 14:27:34,UK,mobile,android,1.0,recommendation_v2_test,control,sports shoes,,,,
E00004929,click,U00830,S0001792,2026-08-02 14:28:43,UK,mobile,android,1.0,recommendation_v2_test,control,sports shoes,P004,,,
E00004930,add_to_cart,U00830,S0001792,2026-08-02 14:30:30,UK,mobile,android,1.0,recommendation_v2_test,control,sports shoes,P004,1.0,3685.95,
E00004931,purchase,U00830,S0001792,2026-08-02 14:35:02,UK,mobile,android,1.0,recommendation_v2_test,control,sports shoes,P004,1.0,3685.95,O0000111
E00004932,app_open,U00830,S0001793,2026-08-07 20:17:00,UK,mobile,android,1.0,recommendation_v2_test,control,,,,,
E00004933,search,U00830,S0001793,2026-08-07 20:17:10,UK,mobile,android,1.0,recommendation_v2_test,control,black tshirt,,,,
E00004934,app_open,U00830,S0001794,2026-08-05 18:19:00,UK,mobile,android,1.0,recommendation_v2_test,control,,,,,
E00004935,search,U00830,S0001794,2026-08-05 18:19:18,UK,mobile,android,1.0,recommendation_v2_test,control,watch,,,,
E00004936,click,U00830,S0001794,2026-08-05 18:20:33,UK,mobile,android,1.0,recommendation_v2_test,control,watch,P001,,,
E00004937,add_to_cart,U00830,S0001794,2026-08-05 18:22:33,UK,mobile,android,1.0,recommendation_v2_test,control,watch,P001,1.0,2289.46,
E00004938,app_open,U00831,S0001795,2026-08-14 14:53:00,Australia,mobile,ios,1.1,recommendation_v2_test,control,,,,,
E00004939,search,U00831,S0001795,2026-08-14 14:53:06,Australia,mobile,ios,1.1,recommendation_v2_test,control,sports shoes,,,,
E00004940,click,U00831,S0001795,2026-08-14 14:53:35,Australia,mobile,ios,1.1,recommendation_v2_test,control,sports shoes,P003,,,
E00004941,add_to_cart,U00831,S0001795,2026-08-14 14:55:57,Australia,mobile,ios,1.1,recommendation_v2_test,control,sports shoes,P003,1.0,3491.18,
E00004942,app_open,U00831,S0001796,2026-08-04 15:15:00,Australia,mobile,ios,1.1,recommendation_v2_test,control,,,,,
E00004943,search,U00831,S0001796,2026-08-04 15:15:06,Australia,mobile,ios,1.1,recommendation_v2_test,control,sunscreen,,,,
E00004944,app_open,U00832,S0001797,2026-08-05 13:56:00,India,mobile,ios,1.1,recommendation_v2_test,treatment,,,,,
E00004945,search,U00832,S0001797,2026-08-05 13:56:15,India,mobile,ios,1.1,recommendation_v2_test,treatment,black tshirt,,,,
E00004946,click,U00832,S0001797,2026-08-05 13:56:40,India,mobile,ios,1.1,recommendation_v2_test,treatment,black tshirt,P006,,,
E00004947,app_open,U00832,S0001798,2026-08-14 06:44:00,India,mobile,ios,1.1,recommendation_v2_test,treatment,,,,,
E00004948,search,U00832,S0001798,2026-08-14 06:44:32,India,mobile,ios,1.1,recommendation_v2_test,treatment,black tshirt,,,,
E00004949,click,U00832,S0001798,2026-08-14 06:44:53,India,mobile,ios,1.1,recommendation_v2_test,treatment,black tshirt,P003,,,
E00004950,app_open,U00833,S0001799,2026-08-11 05:44:00,Germany,desktop,ios,1.0,recommendation_v2_test,control,,,,,
E00004951,search,U00833,S0001799,2026-08-11 05:44:43,Germany,desktop,ios,1.0,recommendation_v2_test,control,watch,,,,
E00004952,app_open,U00834,S0001800,2026-08-05 13:38:00,India,mobile,web,1.0,recommendation_v2_test,control,,,,,
E00004953,search,U00834,S0001800,2026-08-05 13:38:23,India,mobile,web,1.0,recommendation_v2_test,control,sunscreen,,,,
E00004954,click,U00834,S0001800,2026-08-05 13:40:17,India,mobile,web,1.0,recommendation_v2_test,control,sunscreen,P005,,,
E00004955,add_to_cart,U00834,S0001800,2026-08-05 13:41:21,India,mobile,web,1.0,recommendation_v2_test,control,sunscreen,P005,1.0,1989.79,
E00004956,app_open,U00834,S0001801,2026-08-13 12:01:00,India,mobile,web,1.0,recommendation_v2_test,control,,,,,
E00004957,search,U00834,S0001801,2026-08-13 12:01:36,India,mobile,web,1.0,recommendation_v2_test,control,black tshirt,,,,
E00004958,app_open,U00835,S0001802,2026-08-02 19:08:00,Australia,tablet,android,1.1,recommendation_v2_test,control,,,,,
E00004959,search,U00835,S0001802,2026-08-02 19:08:35,Australia,tablet,android,1.1,recommendation_v2_test,control,sunscreen,,,,
E00004960,click,U00835,S0001802,2026-08-02 19:09:03,Australia,tablet,android,1.1,recommendation_v2_test,control,sunscreen,P001,,,
E00004961,add_to_cart,U00835,S0001802,2026-08-02 19:11:25,Australia,tablet,android,1.1,recommendation_v2_test,control,sunscreen,P001,1.0,5795.72,
E00004962,purchase,U00835,S0001802,2026-08-02 19:12:30,Australia,tablet,android,1.1,recommendation_v2_test,control,sunscreen,P001,1.0,5795.72,O0000112
E00004963,app_open,U00835,S0001803,2026-08-09 14:39:00,Australia,tablet,android,1.1,recommendation_v2_test,control,,,,,
E00004964,search,U00835,S0001803,2026-08-09 14:39:42,Australia,tablet,android,1.1,recommendation_v2_test,control,sunscreen,,,,
E00004965,app_open,U00836,S0001804,2026-08-10 23:51:00,India,desktop,ios,1.1,recommendation_v2_test,treatment,,,,,
E00004966,search,U00836,S0001804,2026-08-10 23:51:16,India,desktop,ios,1.1,recommendation_v2_test,treatment,running shoes,,,,
E00004967,app_open,U00836,S0001805,2026-08-09 07:03:00,India,desktop,ios,1.1,recommendation_v2_test,treatment,,,,,
E00004968,search,U00836,S0001805,2026-08-09 07:03:24,India,desktop,ios,1.1,recommendation_v2_test,treatment,running shoes,,,,
E00004969,click,U00836,S0001805,2026-08-09 07:04:46,India,desktop,ios,1.1,recommendation_v2_test,treatment,running shoes,P002,,,
E00004970,app_open,U00836,S0001806,2026-08-11 23:07:00,India,desktop,ios,1.1,recommendation_v2_test,treatment,,,,,
E00004971,search,U00836,S0001806,2026-08-11 23:07:17,India,desktop,ios,1.1,recommendation_v2_test,treatment,sunscreen,,,,
E00004972,click,U00836,S0001806,2026-08-11 23:08:16,India,desktop,ios,1.1,recommendation_v2_test,treatment,sunscreen,P001,,,
E00004973,app_open,U00837,S0001807,2026-08-04 01:31:00,India,tablet,web,1.0,recommendation_v2_test,control,,,,,
E00004974,search,U00837,S0001807,2026-08-04 01:31:43,India,tablet,web,1.0,recommendation_v2_test,control,sports shoes,,,,
E00004975,click,U00837,S0001807,2026-08-04 01:33:33,India,tablet,web,1.0,recommendation_v2_test,control,sports shoes,P006,,,
E00004976,add_to_cart,U00837,S0001807,2026-08-04 01:35:19,India,tablet,web,1.0,recommendation_v2_test,control,sports shoes,P006,1.0,4054.87,
E00004977,app_open,U00838,S0001808,2026-08-13 19:38:00,Australia,tablet,ios,1.0,recommendation_v2_test,control,,,,,
E00004978,search,U00838,S0001808,2026-08-13 19:38:37,Australia,tablet,ios,1.0,recommendation_v2_test,control,black tshirt,,,,
E00004979,click,U00838,S0001808,2026-08-13 19:39:52,Australia,tablet,ios,1.0,recommendation_v2_test,control,black tshirt,P001,,,
E00004980,app_open,U00838,S0001809,2026-08-09 13:39:00,Australia,tablet,ios,1.0,recommendation_v2_test,control,,,,,
E00004981,app_open,U00839,S0001810,2026-08-12 14:55:00,India,mobile,ios,1.1,recommendation_v2_test,treatment,,,,,
E00004982,search,U00839,S0001810,2026-08-12 14:55:52,India,mobile,ios,1.1,recommendation_v2_test,treatment,sunscreen,,,,
E00004983,click,U00839,S0001810,2026-08-12 14:57:45,India,mobile,ios,1.1,recommendation_v2_test,treatment,sunscreen,P006,,,
E00004984,app_open,U00839,S0001811,2026-08-04 10:06:00,India,mobile,ios,1.1,recommendation_v2_test,treatment,,,,,
E00004985,search,U00839,S0001811,2026-08-04 10:06:42,India,mobile,ios,1.1,recommendation_v2_test,treatment,sunscreen,,,,
E00004986,app_open,U00839,S0001812,2026-08-03 04:27:00,India,mobile,ios,1.1,recommendation_v2_test,treatment,,,,,
E00004987,search,U00839,S0001812,2026-08-03 04:27:13,India,mobile,ios,1.1,recommendation_v2_test,treatment,watch,,,,
E00004988,app_open,U00840,S0001813,2026-08-09 12:53:00,Australia,desktop,web,1.0,recommendation_v2_test,control,,,,,
E00004989,search,U00840,S0001813,2026-08-09 12:53:57,Australia,desktop,web,1.0,recommendation_v2_test,control,watch,,,,
E00004990,click,U00840,S0001813,2026-08-09 12:54:36,Australia,desktop,web,1.0,recommendation_v2_test,control,watch,P005,,,
E00004991,app_open,U00841,S0001814,2026-08-08 04:38:00,Germany,mobile,android,1.1,recommendation_v2_test,treatment,,,,,
E00004992,search,U00841,S0001814,2026-08-08 04:38:34,Germany,mobile,android,1.1,recommendation_v2_test,treatment,black tshirt,,,,
E00004993,click,U00841,S0001814,2026-08-08 04:39:23,Germany,mobile,android,1.1,recommendation_v2_test,treatment,black tshirt,P003,,,
E00004994,add_to_cart,U00841,S0001814,2026-08-08 04:41:51,Germany,mobile,android,1.1,recommendation_v2_test,treatment,black tshirt,P003,1.0,2494.8,
E00004995,purchase,U00841,S0001814,2026-08-08 04:44:03,Germany,mobile,android,1.1,recommendation_v2_test,treatment,black tshirt,P003,1.0,2494.8,O0000113
E00004996,app_open,U00842,S0001815,2026-08-11 21:09:00,Australia,tablet,android,1.0,recommendation_v2_test,control,,,,,
E00004997,search,U00842,S0001815,2026-08-11 21:09:05,Australia,tablet,android,1.0,recommendation_v2_test,control,sunscreen,,,,
E00004998,app_open,U00843,S0001816,2026-08-10 19:26:00,Australia,tablet,android,1.0,recommendation_v2_test,control,,,,,
E00004999,search,U00843,S0001816,2026-08-10 19:26:38,Australia,tablet,android,1.0,recommendation_v2_test,control,black tshirt,,,,
E00005000,app_open,U00844,S0001817,2026-08-01 11:58:00,India,mobile,android,1.1,recommendation_v2_test,control,,,,,
E00005001,search,U00844,S0001817,2026-08-01 11:58:41,India,mobile,android,1.1,recommendation_v2_test,control,watch,,,,
E00005002,click,U00844,S0001817,2026-08-01 11:59:06,India,mobile,android,1.1,recommendation_v2_test,control,watch,P001,,,
E00005003,app_open,U00845,S0001818,2026-08-07 14:48:00,UK,mobile,android,1.0,recommendation_v2_test,treatment,,,,,
E00005004,search,U00845,S0001818,2026-08-07 14:48:15,UK,mobile,android,1.0,recommendation_v2_test,treatment,running shoes,,,,
E00005005,app_open,U00845,S0001819,2026-08-13 09:41:00,UK,mobile,android,1.0,recommendation_v2_test,treatment,,,,,
E00005006,search,U00845,S0001819,2026-08-13 09:41:14,UK,mobile,android,1.0,recommendation_v2_test,treatment,black tshirt,,,,
E00005007,app_open,U00845,S0001820,2026-08-12 20:32:00,UK,mobile,android,1.0,recommendation_v2_test,treatment,,,,,
E00005008,app_open,U00845,S0001821,2026-08-08 13:34:00,UK,mobile,android,1.0,recommendation_v2_test,treatment,,,,,
E00005009,search,U00845,S0001821,2026-08-08 13:34:44,UK,mobile,android,1.0,recommendation_v2_test,treatment,black tshirt,,,,
E00005010,click,U00845,S0001821,2026-08-08 13:35:01,UK,mobile,android,1.0,recommendation_v2_test,treatment,black tshirt,P001,,,
E00005011,app_open,U00846,S0001822,2026-08-12 22:41:00,Germany,tablet,web,1.1,recommendation_v2_test,treatment,,,,,
E00005012,search,U00846,S0001822,2026-08-12 22:41:31,Germany,tablet,web,1.1,recommendation_v2_test,treatment,sunscreen,,,,
E00005013,click,U00846,S0001822,2026-08-12 22:42:03,Germany,tablet,web,1.1,recommendation_v2_test,treatment,sunscreen,P004,,,
E00005014,add_to_cart,U00846,S0001822,2026-08-12 22:44:44,Germany,tablet,web,1.1,recommendation_v2_test,treatment,sunscreen,P004,1.0,1122.26,
E00005015,app_open,U00846,S0001823,2026-08-01 01:20:00,Germany,tablet,web,1.1,recommendation_v2_test,treatment,,,,,
E00005016,search,U00846,S0001823,2026-08-01 01:20:12,Germany,tablet,web,1.1,recommendation_v2_test,treatment,watch,,,,
E00005017,click,U00846,S0001823,2026-08-01 01:21:03,Germany,tablet,web,1.1,recommendation_v2_test,treatment,watch,P005,,,
E00005018,app_open,U00847,S0001824,2026-08-01 06:47:00,Germany,tablet,web,1.0,recommendation_v2_test,control,,,,,
E00005019,search,U00847,S0001824,2026-08-01 06:47:35,Germany,tablet,web,1.0,recommendation_v2_test,control,sunscreen,,,,
E00005020,app_open,U00847,S0001825,2026-08-04 01:23:00,Germany,tablet,web,1.0,recommendation_v2_test,control,,,,,
E00005021,app_open,U00848,S0001826,2026-08-03 02:20:00,Germany,mobile,ios,1.0,recommendation_v2_test,control,,,,,
E00005022,search,U00848,S0001826,2026-08-03 02:20:40,Germany,mobile,ios,1.0,recommendation_v2_test,control,watch,,,,
E00005023,app_open,U00848,S0001827,2026-08-06 01:41:00,Germany,mobile,ios,1.0,recommendation_v2_test,control,,,,,
E00005024,search,U00848,S0001827,2026-08-06 01:41:50,Germany,mobile,ios,1.0,recommendation_v2_test,control,watch,,,,
E00005025,app_open,U00849,S0001828,2026-08-08 15:23:00,Germany,tablet,web,1.1,recommendation_v2_test,control,,,,,
E00005026,search,U00849,S0001828,2026-08-08 15:23:25,Germany,tablet,web,1.1,recommendation_v2_test,control,running shoes,,,,
E00005027,app_open,U00849,S0001829,2026-08-14 16:15:00,Germany,tablet,web,1.1,recommendation_v2_test,control,,,,,
E00005028,search,U00849,S0001829,2026-08-14 16:15:18,Germany,tablet,web,1.1,recommendation_v2_test,control,sunscreen,,,,
E00005029,app_open,U00849,S0001830,2026-08-08 16:54:00,Germany,tablet,web,1.1,recommendation_v2_test,control,,,,,
E00005030,search,U00849,S0001830,2026-08-08 16:54:29,Germany,tablet,web,1.1,recommendation_v2_test,control,running shoes,,,,
E00005031,click,U00849,S0001830,2026-08-08 16:54:35,Germany,tablet,web,1.1,recommendation_v2_test,control,running shoes,P004,,,
E00005032,app_open,U00850,S0001831,2026-08-07 18:09:00,UK,mobile,ios,1.1,recommendation_v2_test,control,,,,,
E00005033,app_open,U00851,S0001832,2026-08-11 19:52:00,UK,desktop,android,1.0,recommendation_v2_test,control,,,,,
E00005034,search,U00851,S0001832,2026-08-11 19:52:07,UK,desktop,android,1.0,recommendation_v2_test,control,black tshirt,,,,
E00005035,click,U00851,S0001832,2026-08-11 19:53:37,UK,desktop,android,1.0,recommendation_v2_test,control,black tshirt,P002,,,
E00005036,add_to_cart,U00851,S0001832,2026-08-11 19:54:47,UK,desktop,android,1.0,recommendation_v2_test,control,black tshirt,P002,1.0,1247.52,
E00005037,app_open,U00851,S0001833,2026-08-05 05:06:00,UK,desktop,android,1.0,recommendation_v2_test,control,,,,,
E00005038,search,U00851,S0001833,2026-08-05 05:06:23,UK,desktop,android,1.0,recommendation_v2_test,control,running shoes,,,,
E00005039,click,U00851,S0001833,2026-08-05 05:07:27,UK,desktop,android,1.0,recommendation_v2_test,control,running shoes,P002,,,
E00005040,app_open,U00852,S0001834,2026-08-14 06:22:00,Germany,mobile,web,1.0,recommendation_v2_test,treatment,,,,,
E00005041,search,U00852,S0001834,2026-08-14 06:22:22,Germany,mobile,web,1.0,recommendation_v2_test,treatment,black tshirt,,,,
E00005042,app_open,U00852,S0001835,2026-08-03 14:04:00,Germany,mobile,web,1.0,recommendation_v2_test,treatment,,,,,
E00005043,search,U00852,S0001835,2026-08-03 14:04:32,Germany,mobile,web,1.0,recommendation_v2_test,treatment,running shoes,,,,
E00005044,app_open,U00853,S0001836,2026-08-02 10:46:00,Germany,tablet,web,1.1,recommendation_v2_test,treatment,,,,,
E00005045,search,U00853,S0001836,2026-08-02 10:46:18,Germany,tablet,web,1.1,recommendation_v2_test,treatment,black tshirt,,,,
E00005046,app_open,U00853,S0001837,2026-08-11 06:42:00,Germany,tablet,web,1.1,recommendation_v2_test,treatment,,,,,
E00005047,app_open,U00853,S0001838,2026-08-05 00:28:00,Germany,tablet,web,1.1,recommendation_v2_test,treatment,,,,,
E00005048,search,U00853,S0001838,2026-08-05 00:28:35,Germany,tablet,web,1.1,recommendation_v2_test,treatment,watch,,,,
E00005049,click,U00853,S0001838,2026-08-05 00:30:25,Germany,tablet,web,1.1,recommendation_v2_test,treatment,watch,P004,,,
E00005050,add_to_cart,U00853,S0001838,2026-08-05 00:32:54,Germany,tablet,web,1.1,recommendation_v2_test,treatment,watch,P004,1.0,4872.49,
E00005051,app_open,U00854,S0001839,2026-08-11 01:26:00,Germany,desktop,android,1.0,recommendation_v2_test,control,,,,,
E00005052,search,U00854,S0001839,2026-08-11 01:26:32,Germany,desktop,android,1.0,recommendation_v2_test,control,watch,,,,
E00005053,click,U00854,S0001839,2026-08-11 01:27:11,Germany,desktop,android,1.0,recommendation_v2_test,control,watch,P004,,,
E00005054,app_open,U00854,S0001840,2026-08-12 04:40:00,Germany,desktop,android,1.0,recommendation_v2_test,control,,,,,
E00005055,search,U00854,S0001840,2026-08-12 04:40:17,Germany,desktop,android,1.0,recommendation_v2_test,control,watch,,,,
E00005056,click,U00854,S0001840,2026-08-12 04:40:52,Germany,desktop,android,1.0,recommendation_v2_test,control,watch,P006,,,
E00005057,app_open,U00854,S0001841,2026-08-09 19:58:00,Germany,desktop,android,1.0,recommendation_v2_test,control,,,,,
E00005058,search,U00854,S0001841,2026-08-09 19:58:52,Germany,desktop,android,1.0,recommendation_v2_test,control,black tshirt,,,,
E00005059,click,U00854,S0001841,2026-08-09 20:00:15,Germany,desktop,android,1.0,recommendation_v2_test,control,black tshirt,P002,,,
E00005060,add_to_cart,U00854,S0001841,2026-08-09 20:02:24,Germany,desktop,android,1.0,recommendation_v2_test,control,black tshirt,P002,1.0,4352.27,
E00005061,purchase,U00854,S0001841,2026-08-09 20:03:14,Germany,desktop,android,1.0,recommendation_v2_test,control,black tshirt,P002,1.0,4352.27,O0000114
E00005062,app_open,U00855,S0001842,2026-08-04 10:58:00,Germany,tablet,ios,1.0,recommendation_v2_test,treatment,,,,,
E00005063,app_open,U00855,S0001843,2026-08-06 00:46:00,Germany,tablet,ios,1.0,recommendation_v2_test,treatment,,,,,
E00005064,search,U00855,S0001843,2026-08-06 00:46:24,Germany,tablet,ios,1.0,recommendation_v2_test,treatment,sunscreen,,,,
E00005065,app_open,U00855,S0001844,2026-08-14 03:52:00,Germany,tablet,ios,1.0,recommendation_v2_test,treatment,,,,,
E00005066,search,U00855,S0001844,2026-08-14 03:52:58,Germany,tablet,ios,1.0,recommendation_v2_test,treatment,running shoes,,,,
E00005067,click,U00855,S0001844,2026-08-14 03:53:38,Germany,tablet,ios,1.0,recommendation_v2_test,treatment,running shoes,P003,,,
E00005068,app_open,U00855,S0001845,2026-08-03 15:25:00,Germany,tablet,ios,1.0,recommendation_v2_test,treatment,,,,,
E00005069,search,U00855,S0001845,2026-08-03 15:25:49,Germany,tablet,ios,1.0,recommendation_v2_test,treatment,running shoes,,,,
E00005070,click,U00855,S0001845,2026-08-03 15:26:53,Germany,tablet,ios,1.0,recommendation_v2_test,treatment,running shoes,P003,,,
E00005071,app_open,U00856,S0001846,2026-08-13 22:50:00,Australia,mobile,ios,1.0,recommendation_v2_test,treatment,,,,,
E00005072,search,U00856,S0001846,2026-08-13 22:50:13,Australia,mobile,ios,1.0,recommendation_v2_test,treatment,sports shoes,,,,
E00005073,click,U00856,S0001846,2026-08-13 22:50:57,Australia,mobile,ios,1.0,recommendation_v2_test,treatment,sports shoes,P002,,,
E00005074,app_open,U00856,S0001847,2026-08-11 11:29:00,Australia,mobile,ios,1.0,recommendation_v2_test,treatment,,,,,
E00005075,search,U00856,S0001847,2026-08-11 11:29:07,Australia,mobile,ios,1.0,recommendation_v2_test,treatment,watch,,,,
E00005076,click,U00856,S0001847,2026-08-11 11:29:17,Australia,mobile,ios,1.0,recommendation_v2_test,treatment,watch,P001,,,
E00005077,app_open,U00857,S0001848,2026-08-08 11:24:00,Australia,mobile,web,1.0,recommendation_v2_test,treatment,,,,,
E00005078,search,U00857,S0001848,2026-08-08 11:24:40,Australia,mobile,web,1.0,recommendation_v2_test,treatment,sports shoes,,,,
E00005079,click,U00857,S0001848,2026-08-08 11:26:05,Australia,mobile,web,1.0,recommendation_v2_test,treatment,sports shoes,P004,,,
E00005080,app_open,U00858,S0001849,2026-08-08 20:57:00,Australia,mobile,web,1.1,recommendation_v2_test,treatment,,,,,
E00005081,search,U00858,S0001849,2026-08-08 20:57:17,Australia,mobile,web,1.1,recommendation_v2_test,treatment,watch,,,,
E00005082,click,U00858,S0001849,2026-08-08 20:57:43,Australia,mobile,web,1.1,recommendation_v2_test,treatment,watch,P004,,,
E00005083,add_to_cart,U00858,S0001849,2026-08-08 20:58:04,Australia,mobile,web,1.1,recommendation_v2_test,treatment,watch,P004,1.0,1666.17,
E00005084,app_open,U00858,S0001850,2026-08-12 06:23:00,Australia,mobile,web,1.1,recommendation_v2_test,treatment,,,,,
E00005085,search,U00858,S0001850,2026-08-12 06:23:32,Australia,mobile,web,1.1,recommendation_v2_test,treatment,sunscreen,,,,
E00005086,click,U00858,S0001850,2026-08-12 06:24:22,Australia,mobile,web,1.1,recommendation_v2_test,treatment,sunscreen,P003,,,
E00005087,add_to_cart,U00858,S0001850,2026-08-12 06:25:05,Australia,mobile,web,1.1,recommendation_v2_test,treatment,sunscreen,P003,1.0,5085.26,
E00005088,app_open,U00859,S0001851,2026-08-02 12:58:00,India,mobile,android,1.0,recommendation_v2_test,control,,,,,
E00005089,search,U00859,S0001851,2026-08-02 12:58:49,India,mobile,android,1.0,recommendation_v2_test,control,sports shoes,,,,
E00005090,click,U00859,S0001851,2026-08-02 12:59:19,India,mobile,android,1.0,recommendation_v2_test,control,sports shoes,P005,,,
E00005091,add_to_cart,U00859,S0001851,2026-08-02 13:02:08,India,mobile,android,1.0,recommendation_v2_test,control,sports shoes,P005,1.0,724.12,
E00005092,app_open,U00860,S0001852,2026-08-07 23:59:00,UK,desktop,android,1.0,recommendation_v2_test,control,,,,,
E00005093,search,U00860,S0001852,2026-08-07 23:59:50,UK,desktop,android,1.0,recommendation_v2_test,control,watch,,,,
E00005094,click,U00860,S0001852,2026-08-08 00:01:24,UK,desktop,android,1.0,recommendation_v2_test,control,watch,P005,,,
E00005095,app_open,U00860,S0001853,2026-08-08 21:02:00,UK,desktop,android,1.0,recommendation_v2_test,control,,,,,
E00005096,search,U00860,S0001853,2026-08-08 21:02:28,UK,desktop,android,1.0,recommendation_v2_test,control,sunscreen,,,,
E00005097,app_open,U00860,S0001854,2026-08-14 13:54:00,UK,desktop,android,1.0,recommendation_v2_test,control,,,,,
E00005098,search,U00860,S0001854,2026-08-14 13:54:17,UK,desktop,android,1.0,recommendation_v2_test,control,sports shoes,,,,
E00005099,click,U00860,S0001854,2026-08-14 13:55:04,UK,desktop,android,1.0,recommendation_v2_test,control,sports shoes,P005,,,
E00005100,app_open,U00860,S0001855,2026-08-13 04:42:00,UK,desktop,android,1.0,recommendation_v2_test,control,,,,,
E00005101,search,U00860,S0001855,2026-08-13 04:42:51,UK,desktop,android,1.0,recommendation_v2_test,control,black tshirt,,,,
E00005102,click,U00860,S0001855,2026-08-13 04:44:39,UK,desktop,android,1.0,recommendation_v2_test,control,black tshirt,P003,,,
E00005103,add_to_cart,U00860,S0001855,2026-08-13 04:44:50,UK,desktop,android,1.0,recommendation_v2_test,control,black tshirt,P003,1.0,2919.47,
E00005104,app_open,U00861,S0001856,2026-08-08 07:37:00,Australia,desktop,android,1.1,recommendation_v2_test,treatment,,,,,
E00005105,search,U00861,S0001856,2026-08-08 07:37:08,Australia,desktop,android,1.1,recommendation_v2_test,treatment,black tshirt,,,,
E00005106,app_open,U00862,S0001857,2026-08-09 13:49:00,India,mobile,ios,1.1,recommendation_v2_test,control,,,,,
E00005107,search,U00862,S0001857,2026-08-09 13:49:35,India,mobile,ios,1.1,recommendation_v2_test,control,black tshirt,,,,
E00005108,click,U00862,S0001857,2026-08-09 13:49:45,India,mobile,ios,1.1,recommendation_v2_test,control,black tshirt,P005,,,
E00005109,app_open,U00863,S0001858,2026-08-06 13:17:00,India,desktop,web,1.1,recommendation_v2_test,control,,,,,
E00005110,app_open,U00863,S0001859,2026-08-02 23:33:00,India,desktop,web,1.1,recommendation_v2_test,control,,,,,
E00005111,search,U00863,S0001859,2026-08-02 23:33:06,India,desktop,web,1.1,recommendation_v2_test,control,black tshirt,,,,
E00005112,click,U00863,S0001859,2026-08-02 23:34:33,India,desktop,web,1.1,recommendation_v2_test,control,black tshirt,P004,,,
E00005113,app_open,U00863,S0001860,2026-08-04 03:17:00,India,desktop,web,1.1,recommendation_v2_test,control,,,,,
E00005114,search,U00863,S0001860,2026-08-04 03:17:17,India,desktop,web,1.1,recommendation_v2_test,control,sports shoes,,,,
E00005115,click,U00863,S0001860,2026-08-04 03:19:03,India,desktop,web,1.1,recommendation_v2_test,control,sports shoes,P004,,,
E00005116,app_open,U00864,S0001861,2026-08-10 01:28:00,UK,desktop,ios,1.1,recommendation_v2_test,control,,,,,
E00005117,search,U00864,S0001861,2026-08-10 01:28:57,UK,desktop,ios,1.1,recommendation_v2_test,control,black tshirt,,,,
E00005118,click,U00864,S0001861,2026-08-10 01:29:02,UK,desktop,ios,1.1,recommendation_v2_test,control,black tshirt,P004,,,
E00005119,app_open,U00865,S0001862,2026-08-03 04:20:00,Germany,tablet,web,1.1,recommendation_v2_test,control,,,,,
E00005120,app_open,U00865,S0001863,2026-08-02 02:24:00,Germany,tablet,web,1.1,recommendation_v2_test,control,,,,,
E00005121,search,U00865,S0001863,2026-08-02 02:24:32,Germany,tablet,web,1.1,recommendation_v2_test,control,running shoes,,,,
E00005122,click,U00865,S0001863,2026-08-02 02:25:45,Germany,tablet,web,1.1,recommendation_v2_test,control,running shoes,P001,,,
E00005123,app_open,U00865,S0001864,2026-08-07 21:44:00,Germany,tablet,web,1.1,recommendation_v2_test,control,,,,,
E00005124,app_open,U00865,S0001865,2026-08-08 16:17:00,Germany,tablet,web,1.1,recommendation_v2_test,control,,,,,
E00005125,search,U00865,S0001865,2026-08-08 16:17:31,Germany,tablet,web,1.1,recommendation_v2_test,control,sports shoes,,,,
E00005126,app_open,U00866,S0001866,2026-08-12 10:36:00,Australia,desktop,android,1.0,recommendation_v2_test,control,,,,,
E00005127,search,U00866,S0001866,2026-08-12 10:36:10,Australia,desktop,android,1.0,recommendation_v2_test,control,black tshirt,,,,
E00005128,click,U00866,S0001866,2026-08-12 10:37:12,Australia,desktop,android,1.0,recommendation_v2_test,control,black tshirt,P002,,,
E00005129,app_open,U00866,S0001867,2026-08-14 03:13:00,Australia,desktop,android,1.0,recommendation_v2_test,control,,,,,
E00005130,search,U00866,S0001867,2026-08-14 03:13:14,Australia,desktop,android,1.0,recommendation_v2_test,control,running shoes,,,,
E00005131,click,U00866,S0001867,2026-08-14 03:15:07,Australia,desktop,android,1.0,recommendation_v2_test,control,running shoes,P003,,,
E00005132,app_open,U00867,S0001868,2026-08-07 02:36:00,Australia,mobile,ios,1.1,recommendation_v2_test,treatment,,,,,
E00005133,search,U00867,S0001868,2026-08-07 02:36:26,Australia,mobile,ios,1.1,recommendation_v2_test,treatment,sunscreen,,,,
E00005134,app_open,U00867,S0001869,2026-08-11 08:49:00,Australia,mobile,ios,1.1,recommendation_v2_test,treatment,,,,,
E00005135,search,U00867,S0001869,2026-08-11 08:49:45,Australia,mobile,ios,1.1,recommendation_v2_test,treatment,sunscreen,,,,
E00005136,app_open,U00868,S0001870,2026-08-04 05:45:00,Germany,mobile,android,1.0,recommendation_v2_test,control,,,,,
E00005137,search,U00868,S0001870,2026-08-04 05:45:05,Germany,mobile,android,1.0,recommendation_v2_test,control,sports shoes,,,,
E00005138,click,U00868,S0001870,2026-08-04 05:45:17,Germany,mobile,android,1.0,recommendation_v2_test,control,sports shoes,P003,,,
E00005139,app_open,U00868,S0001871,2026-08-13 16:23:00,Germany,mobile,android,1.0,recommendation_v2_test,control,,,,,
E00005140,search,U00868,S0001871,2026-08-13 16:23:55,Germany,mobile,android,1.0,recommendation_v2_test,control,black tshirt,,,,
E00005141,click,U00868,S0001871,2026-08-13 16:24:45,Germany,mobile,android,1.0,recommendation_v2_test,control,black tshirt,P003,,,
E00005142,app_open,U00869,S0001872,2026-08-13 02:05:00,Australia,mobile,android,1.0,recommendation_v2_test,control,,,,,
E00005143,search,U00869,S0001872,2026-08-13 02:05:27,Australia,mobile,android,1.0,recommendation_v2_test,control,running shoes,,,,
E00005144,click,U00869,S0001872,2026-08-13 02:06:13,Australia,mobile,android,1.0,recommendation_v2_test,control,running shoes,P002,,,
E00005145,app_open,U00869,S0001873,2026-08-02 14:57:00,Australia,mobile,android,1.0,recommendation_v2_test,control,,,,,
E00005146,search,U00869,S0001873,2026-08-02 14:57:56,Australia,mobile,android,1.0,recommendation_v2_test,control,sports shoes,,,,
E00005147,click,U00869,S0001873,2026-08-02 14:58:19,Australia,mobile,android,1.0,recommendation_v2_test,control,sports shoes,P004,,,
E00005148,add_to_cart,U00869,S0001873,2026-08-02 14:58:30,Australia,mobile,android,1.0,recommendation_v2_test,control,sports shoes,P004,1.0,4483.91,
E00005149,app_open,U00870,S0001874,2026-08-11 21:07:00,UK,tablet,web,1.1,recommendation_v2_test,control,,,,,
E00005150,search,U00870,S0001874,2026-08-11 21:07:46,UK,tablet,web,1.1,recommendation_v2_test,control,sunscreen,,,,
E00005151,click,U00870,S0001874,2026-08-11 21:08:41,UK,tablet,web,1.1,recommendation_v2_test,control,sunscreen,P002,,,
E00005152,app_open,U00870,S0001875,2026-08-02 05:30:00,UK,tablet,web,1.1,recommendation_v2_test,control,,,,,
E00005153,search,U00870,S0001875,2026-08-02 05:30:56,UK,tablet,web,1.1,recommendation_v2_test,control,watch,,,,
E00005154,app_open,U00871,S0001876,2026-08-06 21:37:00,Germany,mobile,web,1.0,recommendation_v2_test,control,,,,,
E00005155,search,U00871,S0001876,2026-08-06 21:37:46,Germany,mobile,web,1.0,recommendation_v2_test,control,watch,,,,
E00005156,app_open,U00871,S0001877,2026-08-05 13:12:00,Germany,mobile,web,1.0,recommendation_v2_test,control,,,,,
E00005157,search,U00871,S0001877,2026-08-05 13:12:07,Germany,mobile,web,1.0,recommendation_v2_test,control,black tshirt,,,,
E00005158,app_open,U00871,S0001878,2026-08-03 14:55:00,Germany,mobile,web,1.0,recommendation_v2_test,control,,,,,
E00005159,search,U00871,S0001878,2026-08-03 14:55:53,Germany,mobile,web,1.0,recommendation_v2_test,control,black tshirt,,,,
E00005160,app_open,U00872,S0001879,2026-08-10 23:32:00,India,tablet,web,1.1,recommendation_v2_test,control,,,,,
E00005161,search,U00872,S0001879,2026-08-10 23:32:55,India,tablet,web,1.1,recommendation_v2_test,control,watch,,,,
E00005162,app_open,U00872,S0001880,2026-08-09 15:32:00,India,tablet,web,1.1,recommendation_v2_test,control,,,,,
E00005163,search,U00872,S0001880,2026-08-09 15:32:06,India,tablet,web,1.1,recommendation_v2_test,control,sports shoes,,,,
E00005164,click,U00872,S0001880,2026-08-09 15:33:29,India,tablet,web,1.1,recommendation_v2_test,control,sports shoes,P005,,,
E00005165,app_open,U00872,S0001881,2026-08-13 00:03:00,India,tablet,web,1.1,recommendation_v2_test,control,,,,,
E00005166,search,U00872,S0001881,2026-08-13 00:03:42,India,tablet,web,1.1,recommendation_v2_test,control,sunscreen,,,,
E00005167,click,U00872,S0001881,2026-08-13 00:04:03,India,tablet,web,1.1,recommendation_v2_test,control,sunscreen,P006,,,
E00005168,add_to_cart,U00872,S0001881,2026-08-13 00:06:36,India,tablet,web,1.1,recommendation_v2_test,control,sunscreen,P006,1.0,4008.33,
E00005169,app_open,U00872,S0001882,2026-08-09 08:48:00,India,tablet,web,1.1,recommendation_v2_test,control,,,,,
E00005170,search,U00872,S0001882,2026-08-09 08:48:24,India,tablet,web,1.1,recommendation_v2_test,control,sports shoes,,,,
E00005171,app_open,U00873,S0001883,2026-08-12 06:05:00,Germany,mobile,web,1.1,recommendation_v2_test,control,,,,,
E00005172,search,U00873,S0001883,2026-08-12 06:05:17,Germany,mobile,web,1.1,recommendation_v2_test,control,running shoes,,,,
E00005173,app_open,U00873,S0001884,2026-08-11 01:10:00,Germany,mobile,web,1.1,recommendation_v2_test,control,,,,,
E00005174,app_open,U00873,S0001885,2026-08-07 18:58:00,Germany,mobile,web,1.1,recommendation_v2_test,control,,,,,
E00005175,search,U00873,S0001885,2026-08-07 18:58:31,Germany,mobile,web,1.1,recommendation_v2_test,control,running shoes,,,,
E00005176,click,U00873,S0001885,2026-08-07 18:59:23,Germany,mobile,web,1.1,recommendation_v2_test,control,running shoes,P006,,,
E00005177,app_open,U00873,S0001886,2026-08-10 06:44:00,Germany,mobile,web,1.1,recommendation_v2_test,control,,,,,
E00005178,search,U00873,S0001886,2026-08-10 06:44:28,Germany,mobile,web,1.1,recommendation_v2_test,control,watch,,,,
E00005179,app_open,U00874,S0001887,2026-08-03 17:17:00,Germany,mobile,ios,1.0,recommendation_v2_test,treatment,,,,,
E00005180,search,U00874,S0001887,2026-08-03 17:17:46,Germany,mobile,ios,1.0,recommendation_v2_test,treatment,black tshirt,,,,
E00005181,app_open,U00874,S0001888,2026-08-04 11:34:00,Germany,mobile,ios,1.0,recommendation_v2_test,treatment,,,,,
E00005182,search,U00874,S0001888,2026-08-04 11:34:30,Germany,mobile,ios,1.0,recommendation_v2_test,treatment,sports shoes,,,,
E00005183,click,U00874,S0001888,2026-08-04 11:35:10,Germany,mobile,ios,1.0,recommendation_v2_test,treatment,sports shoes,P003,,,
E00005184,app_open,U00874,S0001889,2026-08-08 08:53:00,Germany,mobile,ios,1.0,recommendation_v2_test,treatment,,,,,
E00005185,search,U00874,S0001889,2026-08-08 08:53:56,Germany,mobile,ios,1.0,recommendation_v2_test,treatment,watch,,,,
E00005186,app_open,U00875,S0001890,2026-08-02 11:36:00,India,mobile,web,1.0,recommendation_v2_test,control,,,,,
E00005187,search,U00875,S0001890,2026-08-02 11:36:16,India,mobile,web,1.0,recommendation_v2_test,control,running shoes,,,,
E00005188,click,U00875,S0001890,2026-08-02 11:37:29,India,mobile,web,1.0,recommendation_v2_test,control,running shoes,P004,,,
E00005189,add_to_cart,U00875,S0001890,2026-08-02 11:40:16,India,mobile,web,1.0,recommendation_v2_test,control,running shoes,P004,1.0,5946.29,
E00005190,purchase,U00875,S0001890,2026-08-02 11:43:04,India,mobile,web,1.0,recommendation_v2_test,control,running shoes,P004,1.0,5946.29,O0000115
E00005191,app_open,U00875,S0001891,2026-08-02 00:42:00,India,mobile,web,1.0,recommendation_v2_test,control,,,,,
E00005192,app_open,U00875,S0001892,2026-08-03 20:03:00,India,mobile,web,1.0,recommendation_v2_test,control,,,,,
E00005193,search,U00875,S0001892,2026-08-03 20:03:51,India,mobile,web,1.0,recommendation_v2_test,control,black tshirt,,,,
E00005194,app_open,U00876,S0001893,2026-08-12 20:50:00,India,mobile,ios,1.1,recommendation_v2_test,treatment,,,,,
E00005195,search,U00876,S0001893,2026-08-12 20:50:15,India,mobile,ios,1.1,recommendation_v2_test,treatment,watch,,,,
E00005196,app_open,U00877,S0001894,2026-08-11 20:25:00,Australia,desktop,web,1.0,recommendation_v2_test,control,,,,,
E00005197,search,U00877,S0001894,2026-08-11 20:25:54,Australia,desktop,web,1.0,recommendation_v2_test,control,watch,,,,
E00005198,app_open,U00878,S0001895,2026-08-11 03:37:00,Germany,tablet,ios,1.0,recommendation_v2_test,control,,,,,
E00005199,search,U00878,S0001895,2026-08-11 03:37:52,Germany,tablet,ios,1.0,recommendation_v2_test,control,watch,,,,
E00005200,click,U00878,S0001895,2026-08-11 03:39:34,Germany,tablet,ios,1.0,recommendation_v2_test,control,watch,P003,,,
E00005201,app_open,U00878,S0001896,2026-08-14 17:45:00,Germany,tablet,ios,1.0,recommendation_v2_test,control,,,,,
E00005202,search,U00878,S0001896,2026-08-14 17:45:38,Germany,tablet,ios,1.0,recommendation_v2_test,control,sunscreen,,,,
E00005203,app_open,U00879,S0001897,2026-08-10 07:40:00,Germany,mobile,android,1.1,recommendation_v2_test,control,,,,,
E00005204,search,U00879,S0001897,2026-08-10 07:40:47,Germany,mobile,android,1.1,recommendation_v2_test,control,watch,,,,
E00005205,app_open,U00880,S0001898,2026-08-06 02:48:00,Germany,desktop,ios,1.0,recommendation_v2_test,treatment,,,,,
E00005206,search,U00880,S0001898,2026-08-06 02:48:45,Germany,desktop,ios,1.0,recommendation_v2_test,treatment,black tshirt,,,,
E00005207,click,U00880,S0001898,2026-08-06 02:49:08,Germany,desktop,ios,1.0,recommendation_v2_test,treatment,black tshirt,P002,,,
E00005208,app_open,U00880,S0001899,2026-08-11 01:14:00,Germany,desktop,ios,1.0,recommendation_v2_test,treatment,,,,,
E00005209,search,U00880,S0001899,2026-08-11 01:14:34,Germany,desktop,ios,1.0,recommendation_v2_test,treatment,sports shoes,,,,
E00005210,click,U00880,S0001899,2026-08-11 01:15:45,Germany,desktop,ios,1.0,recommendation_v2_test,treatment,sports shoes,P001,,,
E00005211,app_open,U00881,S0001900,2026-08-03 14:16:00,Germany,tablet,web,1.1,recommendation_v2_test,treatment,,,,,
E00005212,search,U00881,S0001900,2026-08-03 14:16:40,Germany,tablet,web,1.1,recommendation_v2_test,treatment,black tshirt,,,,
E00005213,app_open,U00882,S0001901,2026-08-12 05:51:00,Australia,desktop,ios,1.1,recommendation_v2_test,control,,,,,
E00005214,search,U00882,S0001901,2026-08-12 05:51:10,Australia,desktop,ios,1.1,recommendation_v2_test,control,running shoes,,,,
E00005215,click,U00882,S0001901,2026-08-12 05:53:07,Australia,desktop,ios,1.1,recommendation_v2_test,control,running shoes,P001,,,
E00005216,app_open,U00882,S0001902,2026-08-10 19:16:00,Australia,desktop,ios,1.1,recommendation_v2_test,control,,,,,
E00005217,search,U00882,S0001902,2026-08-10 19:16:05,Australia,desktop,ios,1.1,recommendation_v2_test,control,sports shoes,,,,
E00005218,click,U00882,S0001902,2026-08-10 19:17:29,Australia,desktop,ios,1.1,recommendation_v2_test,control,sports shoes,P002,,,
E00005219,add_to_cart,U00882,S0001902,2026-08-10 19:19:05,Australia,desktop,ios,1.1,recommendation_v2_test,control,sports shoes,P002,1.0,1927.07,
E00005220,app_open,U00882,S0001903,2026-08-02 12:53:00,Australia,desktop,ios,1.1,recommendation_v2_test,control,,,,,
E00005221,search,U00882,S0001903,2026-08-02 12:53:05,Australia,desktop,ios,1.1,recommendation_v2_test,control,sports shoes,,,,
E00005222,click,U00882,S0001903,2026-08-02 12:53:51,Australia,desktop,ios,1.1,recommendation_v2_test,control,sports shoes,P001,,,
E00005223,app_open,U00883,S0001904,2026-08-03 23:45:00,UK,desktop,ios,1.0,recommendation_v2_test,treatment,,,,,
E00005224,search,U00883,S0001904,2026-08-03 23:45:22,UK,desktop,ios,1.0,recommendation_v2_test,treatment,black tshirt,,,,
E00005225,click,U00883,S0001904,2026-08-03 23:46:24,UK,desktop,ios,1.0,recommendation_v2_test,treatment,black tshirt,P006,,,
E00005226,app_open,U00884,S0001905,2026-08-08 18:58:00,Australia,tablet,web,1.1,recommendation_v2_test,treatment,,,,,
E00005227,search,U00884,S0001905,2026-08-08 18:58:49,Australia,tablet,web,1.1,recommendation_v2_test,treatment,sports shoes,,,,
E00005228,app_open,U00885,S0001906,2026-08-10 01:14:00,UK,mobile,ios,1.0,recommendation_v2_test,treatment,,,,,
E00005229,search,U00885,S0001906,2026-08-10 01:14:32,UK,mobile,ios,1.0,recommendation_v2_test,treatment,watch,,,,
E00005230,click,U00885,S0001906,2026-08-10 01:16:02,UK,mobile,ios,1.0,recommendation_v2_test,treatment,watch,P001,,,
E00005231,app_open,U00885,S0001907,2026-08-07 23:19:00,UK,mobile,ios,1.0,recommendation_v2_test,treatment,,,,,
E00005232,search,U00885,S0001907,2026-08-07 23:19:48,UK,mobile,ios,1.0,recommendation_v2_test,treatment,sunscreen,,,,
E00005233,app_open,U00885,S0001908,2026-08-07 23:43:00,UK,mobile,ios,1.0,recommendation_v2_test,treatment,,,,,
E00005234,search,U00885,S0001908,2026-08-07 23:43:20,UK,mobile,ios,1.0,recommendation_v2_test,treatment,sports shoes,,,,
E00005235,click,U00885,S0001908,2026-08-07 23:45:16,UK,mobile,ios,1.0,recommendation_v2_test,treatment,sports shoes,P004,,,
E00005236,app_open,U00886,S0001909,2026-08-07 00:44:00,UK,desktop,ios,1.0,recommendation_v2_test,treatment,,,,,
E00005237,app_open,U00886,S0001910,2026-08-11 10:43:00,UK,desktop,ios,1.0,recommendation_v2_test,treatment,,,,,
E00005238,search,U00886,S0001910,2026-08-11 10:43:51,UK,desktop,ios,1.0,recommendation_v2_test,treatment,running shoes,,,,
E00005239,click,U00886,S0001910,2026-08-11 10:44:30,UK,desktop,ios,1.0,recommendation_v2_test,treatment,running shoes,P006,,,
E00005240,app_open,U00886,S0001911,2026-08-01 19:58:00,UK,desktop,ios,1.0,recommendation_v2_test,treatment,,,,,
E00005241,search,U00886,S0001911,2026-08-01 19:58:12,UK,desktop,ios,1.0,recommendation_v2_test,treatment,black tshirt,,,,
E00005242,click,U00886,S0001911,2026-08-01 19:59:20,UK,desktop,ios,1.0,recommendation_v2_test,treatment,black tshirt,P001,,,
E00005243,app_open,U00886,S0001912,2026-08-04 19:56:00,UK,desktop,ios,1.0,recommendation_v2_test,treatment,,,,,
E00005244,search,U00886,S0001912,2026-08-04 19:56:10,UK,desktop,ios,1.0,recommendation_v2_test,treatment,watch,,,,
E00005245,click,U00886,S0001912,2026-08-04 19:57:00,UK,desktop,ios,1.0,recommendation_v2_test,treatment,watch,P001,,,
E00005246,app_open,U00886,S0001913,2026-08-02 09:47:00,UK,desktop,ios,1.0,recommendation_v2_test,treatment,,,,,
E00005247,app_open,U00886,S0001914,2026-08-07 01:35:00,UK,desktop,ios,1.0,recommendation_v2_test,treatment,,,,,
E00005248,search,U00886,S0001914,2026-08-07 01:35:10,UK,desktop,ios,1.0,recommendation_v2_test,treatment,watch,,,,
E00005249,app_open,U00887,S0001915,2026-08-14 02:25:00,Australia,mobile,web,1.1,recommendation_v2_test,control,,,,,
E00005250,app_open,U00888,S0001916,2026-08-04 00:44:00,India,desktop,web,1.1,recommendation_v2_test,control,,,,,
E00005251,search,U00888,S0001916,2026-08-04 00:44:47,India,desktop,web,1.1,recommendation_v2_test,control,black tshirt,,,,
E00005252,click,U00888,S0001916,2026-08-04 00:45:18,India,desktop,web,1.1,recommendation_v2_test,control,black tshirt,P004,,,
E00005253,app_open,U00888,S0001917,2026-08-02 20:59:00,India,desktop,web,1.1,recommendation_v2_test,control,,,,,
E00005254,search,U00888,S0001917,2026-08-02 20:59:14,India,desktop,web,1.1,recommendation_v2_test,control,sports shoes,,,,
E00005255,click,U00888,S0001917,2026-08-02 20:59:46,India,desktop,web,1.1,recommendation_v2_test,control,sports shoes,P004,,,
E00005256,app_open,U00888,S0001918,2026-08-12 18:43:00,India,desktop,web,1.1,recommendation_v2_test,control,,,,,
E00005257,search,U00888,S0001918,2026-08-12 18:43:54,India,desktop,web,1.1,recommendation_v2_test,control,black tshirt,,,,
E00005258,click,U00888,S0001918,2026-08-12 18:45:30,India,desktop,web,1.1,recommendation_v2_test,control,black tshirt,P002,,,
E00005259,add_to_cart,U00888,S0001918,2026-08-12 18:48:23,India,desktop,web,1.1,recommendation_v2_test,control,black tshirt,P002,1.0,2483.2,
E00005260,app_open,U00889,S0001919,2026-08-01 03:50:00,UK,mobile,android,1.0,recommendation_v2_test,treatment,,,,,
E00005261,search,U00889,S0001919,2026-08-01 03:50:41,UK,mobile,android,1.0,recommendation_v2_test,treatment,sports shoes,,,,
E00005262,click,U00889,S0001919,2026-08-01 03:51:51,UK,mobile,android,1.0,recommendation_v2_test,treatment,sports shoes,P005,,,
E00005263,app_open,U00890,S0001920,2026-08-10 11:40:00,Australia,desktop,web,1.0,recommendation_v2_test,treatment,,,,,
E00005264,app_open,U00890,S0001921,2026-08-07 05:12:00,Australia,desktop,web,1.0,recommendation_v2_test,treatment,,,,,
E00005265,search,U00890,S0001921,2026-08-07 05:12:40,Australia,desktop,web,1.0,recommendation_v2_test,treatment,black tshirt,,,,
E00005266,app_open,U00891,S0001922,2026-08-03 16:34:00,India,tablet,ios,1.1,recommendation_v2_test,treatment,,,,,
E00005267,search,U00891,S0001922,2026-08-03 16:34:13,India,tablet,ios,1.1,recommendation_v2_test,treatment,sports shoes,,,,
E00005268,click,U00891,S0001922,2026-08-03 16:35:58,India,tablet,ios,1.1,recommendation_v2_test,treatment,sports shoes,P004,,,
E00005269,add_to_cart,U00891,S0001922,2026-08-03 16:38:35,India,tablet,ios,1.1,recommendation_v2_test,treatment,sports shoes,P004,1.0,3200.12,
E00005270,app_open,U00891,S0001923,2026-08-14 07:23:00,India,tablet,ios,1.1,recommendation_v2_test,treatment,,,,,
E00005271,search,U00891,S0001923,2026-08-14 07:23:43,India,tablet,ios,1.1,recommendation_v2_test,treatment,black tshirt,,,,
E00005272,app_open,U00891,S0001924,2026-08-11 14:32:00,India,tablet,ios,1.1,recommendation_v2_test,treatment,,,,,
E00005273,search,U00891,S0001924,2026-08-11 14:32:29,India,tablet,ios,1.1,recommendation_v2_test,treatment,sports shoes,,,,
E00005274,app_open,U00892,S0001925,2026-08-04 16:18:00,India,desktop,web,1.0,recommendation_v2_test,treatment,,,,,
E00005275,app_open,U00892,S0001926,2026-08-04 23:46:00,India,desktop,web,1.0,recommendation_v2_test,treatment,,,,,
E00005276,search,U00892,S0001926,2026-08-04 23:46:26,India,desktop,web,1.0,recommendation_v2_test,treatment,black tshirt,,,,
E00005277,click,U00892,S0001926,2026-08-04 23:47:04,India,desktop,web,1.0,recommendation_v2_test,treatment,black tshirt,P003,,,
E00005278,app_open,U00893,S0001927,2026-08-07 06:19:00,Germany,desktop,ios,1.0,recommendation_v2_test,treatment,,,,,
E00005279,search,U00893,S0001927,2026-08-07 06:19:23,Germany,desktop,ios,1.0,recommendation_v2_test,treatment,black tshirt,,,,
E00005280,app_open,U00894,S0001928,2026-08-05 19:46:00,Australia,mobile,ios,1.0,recommendation_v2_test,control,,,,,
E00005281,app_open,U00894,S0001929,2026-08-12 20:45:00,Australia,mobile,ios,1.0,recommendation_v2_test,control,,,,,
E00005282,search,U00894,S0001929,2026-08-12 20:45:24,Australia,mobile,ios,1.0,recommendation_v2_test,control,running shoes,,,,
E00005283,app_open,U00894,S0001930,2026-08-02 08:09:00,Australia,mobile,ios,1.0,recommendation_v2_test,control,,,,,
E00005284,search,U00894,S0001930,2026-08-02 08:09:56,Australia,mobile,ios,1.0,recommendation_v2_test,control,watch,,,,
E00005285,click,U00894,S0001930,2026-08-02 08:10:40,Australia,mobile,ios,1.0,recommendation_v2_test,control,watch,P004,,,
E00005286,app_open,U00895,S0001931,2026-08-04 04:56:00,India,tablet,web,1.0,recommendation_v2_test,treatment,,,,,
E00005287,search,U00895,S0001931,2026-08-04 04:56:46,India,tablet,web,1.0,recommendation_v2_test,treatment,sports shoes,,,,
E00005288,app_open,U00895,S0001932,2026-08-02 14:36:00,India,tablet,web,1.0,recommendation_v2_test,treatment,,,,,
E00005289,search,U00895,S0001932,2026-08-02 14:36:27,India,tablet,web,1.0,recommendation_v2_test,treatment,watch,,,,
E00005290,click,U00895,S0001932,2026-08-02 14:37:03,India,tablet,web,1.0,recommendation_v2_test,treatment,watch,P006,,,
E00005291,app_open,U00896,S0001933,2026-08-10 01:01:00,India,desktop,ios,1.1,recommendation_v2_test,treatment,,,,,
E00005292,search,U00896,S0001933,2026-08-10 01:01:06,India,desktop,ios,1.1,recommendation_v2_test,treatment,black tshirt,,,,
E00005293,app_open,U00897,S0001934,2026-08-01 21:13:00,UK,desktop,web,1.1,recommendation_v2_test,control,,,,,
E00005294,search,U00897,S0001934,2026-08-01 21:13:49,UK,desktop,web,1.1,recommendation_v2_test,control,sports shoes,,,,
E00005295,click,U00897,S0001934,2026-08-01 21:14:34,UK,desktop,web,1.1,recommendation_v2_test,control,sports shoes,P003,,,
E00005296,app_open,U00898,S0001935,2026-08-02 07:59:00,Germany,mobile,android,1.1,recommendation_v2_test,treatment,,,,,
E00005297,app_open,U00898,S0001936,2026-08-14 18:45:00,Germany,mobile,android,1.1,recommendation_v2_test,treatment,,,,,
E00005298,search,U00898,S0001936,2026-08-14 18:45:58,Germany,mobile,android,1.1,recommendation_v2_test,treatment,sports shoes,,,,
E00005299,click,U00898,S0001936,2026-08-14 18:46:57,Germany,mobile,android,1.1,recommendation_v2_test,treatment,sports shoes,P004,,,
E00005300,add_to_cart,U00898,S0001936,2026-08-14 18:49:52,Germany,mobile,android,1.1,recommendation_v2_test,treatment,sports shoes,P004,1.0,4316.59,
E00005301,app_open,U00899,S0001937,2026-08-12 16:10:00,Australia,desktop,web,1.1,recommendation_v2_test,control,,,,,
E00005302,search,U00899,S0001937,2026-08-12 16:10:42,Australia,desktop,web,1.1,recommendation_v2_test,control,black tshirt,,,,
E00005303,app_open,U00899,S0001938,2026-08-04 07:29:00,Australia,desktop,web,1.1,recommendation_v2_test,control,,,,,
E00005304,search,U00899,S0001938,2026-08-04 07:29:14,Australia,desktop,web,1.1,recommendation_v2_test,control,sunscreen,,,,
E00005305,click,U00899,S0001938,2026-08-04 07:30:12,Australia,desktop,web,1.1,recommendation_v2_test,control,sunscreen,P002,,,
E00005306,app_open,U00900,S0001939,2026-08-11 09:51:00,India,desktop,web,1.0,recommendation_v2_test,control,,,,,
E00005307,search,U00900,S0001939,2026-08-11 09:51:49,India,desktop,web,1.0,recommendation_v2_test,control,running shoes,,,,
E00005308,click,U00900,S0001939,2026-08-11 09:52:36,India,desktop,web,1.0,recommendation_v2_test,control,running shoes,P001,,,
E00005309,app_open,U00900,S0001940,2026-08-09 19:21:00,India,desktop,web,1.0,recommendation_v2_test,control,,,,,
E00005310,search,U00900,S0001940,2026-08-09 19:21:33,India,desktop,web,1.0,recommendation_v2_test,control,running shoes,,,,
E00005311,click,U00900,S0001940,2026-08-09 19:22:52,India,desktop,web,1.0,recommendation_v2_test,control,running shoes,P001,,,
E00005312,app_open,U00901,S0001941,2026-08-14 09:33:00,UK,mobile,web,1.0,recommendation_v2_test,treatment,,,,,
E00005313,search,U00901,S0001941,2026-08-14 09:33:19,UK,mobile,web,1.0,recommendation_v2_test,treatment,sports shoes,,,,
E00005314,app_open,U00902,S0001942,2026-08-04 08:05:00,UK,desktop,web,1.0,recommendation_v2_test,control,,,,,
E00005315,search,U00902,S0001942,2026-08-04 08:05:43,UK,desktop,web,1.0,recommendation_v2_test,control,black tshirt,,,,
E00005316,app_open,U00903,S0001943,2026-08-07 02:52:00,Australia,desktop,web,1.1,recommendation_v2_test,treatment,,,,,
E00005317,search,U00903,S0001943,2026-08-07 02:52:08,Australia,desktop,web,1.1,recommendation_v2_test,treatment,running shoes,,,,
E00005318,click,U00903,S0001943,2026-08-07 02:53:10,Australia,desktop,web,1.1,recommendation_v2_test,treatment,running shoes,P004,,,
E00005319,app_open,U00904,S0001944,2026-08-04 09:45:00,India,mobile,ios,1.0,recommendation_v2_test,treatment,,,,,
E00005320,search,U00904,S0001944,2026-08-04 09:45:19,India,mobile,ios,1.0,recommendation_v2_test,treatment,sports shoes,,,,
E00005321,click,U00904,S0001944,2026-08-04 09:47:14,India,mobile,ios,1.0,recommendation_v2_test,treatment,sports shoes,P006,,,
E00005322,app_open,U00904,S0001945,2026-08-12 22:07:00,India,mobile,ios,1.0,recommendation_v2_test,treatment,,,,,
E00005323,search,U00904,S0001945,2026-08-12 22:07:41,India,mobile,ios,1.0,recommendation_v2_test,treatment,black tshirt,,,,
E00005324,app_open,U00904,S0001946,2026-08-07 08:20:00,India,mobile,ios,1.0,recommendation_v2_test,treatment,,,,,
E00005325,search,U00904,S0001946,2026-08-07 08:20:57,India,mobile,ios,1.0,recommendation_v2_test,treatment,black tshirt,,,,
E00005326,click,U00904,S0001946,2026-08-07 08:22:04,India,mobile,ios,1.0,recommendation_v2_test,treatment,black tshirt,P001,,,
E00005327,add_to_cart,U00904,S0001946,2026-08-07 08:24:16,India,mobile,ios,1.0,recommendation_v2_test,treatment,black tshirt,P001,1.0,2997.59,
E00005328,purchase,U00904,S0001946,2026-08-07 08:25:51,India,mobile,ios,1.0,recommendation_v2_test,treatment,black tshirt,P001,1.0,2997.59,O0000116
E00005329,app_open,U00905,S0001947,2026-08-09 13:47:00,Germany,mobile,ios,1.0,recommendation_v2_test,control,,,,,
E00005330,search,U00905,S0001947,2026-08-09 13:47:19,Germany,mobile,ios,1.0,recommendation_v2_test,control,running shoes,,,,
E00005331,app_open,U00905,S0001948,2026-08-04 08:46:00,Germany,mobile,ios,1.0,recommendation_v2_test,control,,,,,
E00005332,search,U00905,S0001948,2026-08-04 08:46:14,Germany,mobile,ios,1.0,recommendation_v2_test,control,sunscreen,,,,
E00005333,click,U00905,S0001948,2026-08-04 08:46:55,Germany,mobile,ios,1.0,recommendation_v2_test,control,sunscreen,P006,,,
E00005334,add_to_cart,U00905,S0001948,2026-08-04 08:49:02,Germany,mobile,ios,1.0,recommendation_v2_test,control,sunscreen,P006,1.0,4170.92,
E00005335,purchase,U00905,S0001948,2026-08-04 08:52:42,Germany,mobile,ios,1.0,recommendation_v2_test,control,sunscreen,P006,1.0,4170.92,O0000117
E00005336,app_open,U00905,S0001949,2026-08-14 14:39:00,Germany,mobile,ios,1.0,recommendation_v2_test,control,,,,,
E00005337,search,U00905,S0001949,2026-08-14 14:39:24,Germany,mobile,ios,1.0,recommendation_v2_test,control,watch,,,,
E00005338,app_open,U00906,S0001950,2026-08-08 06:50:00,India,desktop,android,1.1,recommendation_v2_test,control,,,,,
E00005339,search,U00906,S0001950,2026-08-08 06:50:07,India,desktop,android,1.1,recommendation_v2_test,control,running shoes,,,,
E00005340,click,U00906,S0001950,2026-08-08 06:50:17,India,desktop,android,1.1,recommendation_v2_test,control,running shoes,P002,,,
E00005341,add_to_cart,U00906,S0001950,2026-08-08 06:53:16,India,desktop,android,1.1,recommendation_v2_test,control,running shoes,P002,1.0,1050.51,
E00005342,app_open,U00906,S0001951,2026-08-08 19:51:00,India,desktop,android,1.1,recommendation_v2_test,control,,,,,
E00005343,app_open,U00906,S0001952,2026-08-03 11:45:00,India,desktop,android,1.1,recommendation_v2_test,control,,,,,
E00005344,app_open,U00906,S0001953,2026-08-06 10:17:00,India,desktop,android,1.1,recommendation_v2_test,control,,,,,
E00005345,search,U00906,S0001953,2026-08-06 10:17:12,India,desktop,android,1.1,recommendation_v2_test,control,sports shoes,,,,
E00005346,app_open,U00907,S0001954,2026-08-08 19:53:00,Germany,tablet,ios,1.0,recommendation_v2_test,treatment,,,,,
E00005347,search,U00907,S0001954,2026-08-08 19:53:19,Germany,tablet,ios,1.0,recommendation_v2_test,treatment,running shoes,,,,
E00005348,click,U00907,S0001954,2026-08-08 19:53:58,Germany,tablet,ios,1.0,recommendation_v2_test,treatment,running shoes,P003,,,
E00005349,app_open,U00907,S0001955,2026-08-07 18:45:00,Germany,tablet,ios,1.0,recommendation_v2_test,treatment,,,,,
E00005350,search,U00907,S0001955,2026-08-07 18:45:19,Germany,tablet,ios,1.0,recommendation_v2_test,treatment,watch,,,,
E00005351,click,U00907,S0001955,2026-08-07 18:47:02,Germany,tablet,ios,1.0,recommendation_v2_test,treatment,watch,P004,,,
E00005352,app_open,U00907,S0001956,2026-08-11 10:36:00,Germany,tablet,ios,1.0,recommendation_v2_test,treatment,,,,,
E00005353,search,U00907,S0001956,2026-08-11 10:36:51,Germany,tablet,ios,1.0,recommendation_v2_test,treatment,sports shoes,,,,
E00005354,click,U00907,S0001956,2026-08-11 10:38:08,Germany,tablet,ios,1.0,recommendation_v2_test,treatment,sports shoes,P002,,,
E00005355,add_to_cart,U00907,S0001956,2026-08-11 10:38:22,Germany,tablet,ios,1.0,recommendation_v2_test,treatment,sports shoes,P002,1.0,5642.87,
E00005356,app_open,U00907,S0001957,2026-08-08 05:17:00,Germany,tablet,ios,1.0,recommendation_v2_test,treatment,,,,,
E00005357,search,U00907,S0001957,2026-08-08 05:17:20,Germany,tablet,ios,1.0,recommendation_v2_test,treatment,running shoes,,,,
E00005358,click,U00907,S0001957,2026-08-08 05:18:20,Germany,tablet,ios,1.0,recommendation_v2_test,treatment,running shoes,P003,,,
E00005359,app_open,U00907,S0001958,2026-08-10 00:11:00,Germany,tablet,ios,1.0,recommendation_v2_test,treatment,,,,,
E00005360,search,U00907,S0001958,2026-08-10 00:11:40,Germany,tablet,ios,1.0,recommendation_v2_test,treatment,sports shoes,,,,
E00005361,click,U00907,S0001958,2026-08-10 00:11:50,Germany,tablet,ios,1.0,recommendation_v2_test,treatment,sports shoes,P002,,,
E00005362,add_to_cart,U00907,S0001958,2026-08-10 00:12:25,Germany,tablet,ios,1.0,recommendation_v2_test,treatment,sports shoes,P002,1.0,5424.76,
E00005363,purchase,U00907,S0001958,2026-08-10 00:13:08,Germany,tablet,ios,1.0,recommendation_v2_test,treatment,sports shoes,P002,1.0,5424.76,O0000118
E00005364,app_open,U00908,S0001959,2026-08-13 14:15:00,India,mobile,android,1.1,recommendation_v2_test,control,,,,,
E00005365,search,U00908,S0001959,2026-08-13 14:15:19,India,mobile,android,1.1,recommendation_v2_test,control,sunscreen,,,,
E00005366,click,U00908,S0001959,2026-08-13 14:15:41,India,mobile,android,1.1,recommendation_v2_test,control,sunscreen,P004,,,
E00005367,app_open,U00908,S0001960,2026-08-12 03:24:00,India,mobile,android,1.1,recommendation_v2_test,control,,,,,
E00005368,search,U00908,S0001960,2026-08-12 03:24:06,India,mobile,android,1.1,recommendation_v2_test,control,running shoes,,,,
E00005369,app_open,U00909,S0001961,2026-08-10 17:40:00,Australia,mobile,android,1.0,recommendation_v2_test,treatment,,,,,
E00005370,search,U00909,S0001961,2026-08-10 17:40:31,Australia,mobile,android,1.0,recommendation_v2_test,treatment,watch,,,,
E00005371,app_open,U00910,S0001962,2026-08-08 19:43:00,Germany,mobile,web,1.1,recommendation_v2_test,treatment,,,,,
E00005372,search,U00910,S0001962,2026-08-08 19:43:06,Germany,mobile,web,1.1,recommendation_v2_test,treatment,sunscreen,,,,
E00005373,app_open,U00911,S0001963,2026-08-14 16:20:00,India,mobile,ios,1.1,recommendation_v2_test,treatment,,,,,
E00005374,search,U00911,S0001963,2026-08-14 16:20:45,India,mobile,ios,1.1,recommendation_v2_test,treatment,running shoes,,,,
E00005375,click,U00911,S0001963,2026-08-14 16:20:50,India,mobile,ios,1.1,recommendation_v2_test,treatment,running shoes,P001,,,
E00005376,add_to_cart,U00911,S0001963,2026-08-14 16:22:08,India,mobile,ios,1.1,recommendation_v2_test,treatment,running shoes,P001,1.0,2111.46,
E00005377,app_open,U00912,S0001964,2026-08-01 23:11:00,India,tablet,web,1.1,recommendation_v2_test,treatment,,,,,
E00005378,search,U00912,S0001964,2026-08-01 23:11:09,India,tablet,web,1.1,recommendation_v2_test,treatment,running shoes,,,,
E00005379,app_open,U00913,S0001965,2026-08-03 07:20:00,Germany,tablet,web,1.0,recommendation_v2_test,treatment,,,,,
E00005380,search,U00913,S0001965,2026-08-03 07:20:41,Germany,tablet,web,1.0,recommendation_v2_test,treatment,sunscreen,,,,
E00005381,click,U00913,S0001965,2026-08-03 07:22:08,Germany,tablet,web,1.0,recommendation_v2_test,treatment,sunscreen,P006,,,
E00005382,app_open,U00914,S0001966,2026-08-12 19:26:00,Germany,desktop,web,1.1,recommendation_v2_test,treatment,,,,,
E00005383,search,U00914,S0001966,2026-08-12 19:26:43,Germany,desktop,web,1.1,recommendation_v2_test,treatment,sports shoes,,,,
E00005384,app_open,U00914,S0001967,2026-08-03 08:03:00,Germany,desktop,web,1.1,recommendation_v2_test,treatment,,,,,
E00005385,search,U00914,S0001967,2026-08-03 08:03:43,Germany,desktop,web,1.1,recommendation_v2_test,treatment,sunscreen,,,,
E00005386,app_open,U00914,S0001968,2026-08-11 20:07:00,Germany,desktop,web,1.1,recommendation_v2_test,treatment,,,,,
E00005387,search,U00914,S0001968,2026-08-11 20:07:17,Germany,desktop,web,1.1,recommendation_v2_test,treatment,sports shoes,,,,
E00005388,click,U00914,S0001968,2026-08-11 20:08:48,Germany,desktop,web,1.1,recommendation_v2_test,treatment,sports shoes,P002,,,
E00005389,app_open,U00914,S0001969,2026-08-11 17:34:00,Germany,desktop,web,1.1,recommendation_v2_test,treatment,,,,,
E00005390,search,U00914,S0001969,2026-08-11 17:34:05,Germany,desktop,web,1.1,recommendation_v2_test,treatment,sports shoes,,,,
E00005391,click,U00914,S0001969,2026-08-11 17:35:19,Germany,desktop,web,1.1,recommendation_v2_test,treatment,sports shoes,P005,,,
E00005392,app_open,U00915,S0001970,2026-08-14 18:17:00,Germany,mobile,android,1.1,recommendation_v2_test,control,,,,,
E00005393,search,U00915,S0001970,2026-08-14 18:17:27,Germany,mobile,android,1.1,recommendation_v2_test,control,sports shoes,,,,
E00005394,app_open,U00915,S0001971,2026-08-01 13:47:00,Germany,mobile,android,1.1,recommendation_v2_test,control,,,,,
E00005395,search,U00915,S0001971,2026-08-01 13:47:40,Germany,mobile,android,1.1,recommendation_v2_test,control,sports shoes,,,,
E00005396,click,U00915,S0001971,2026-08-01 13:49:29,Germany,mobile,android,1.1,recommendation_v2_test,control,sports shoes,P004,,,
E00005397,add_to_cart,U00915,S0001971,2026-08-01 13:50:45,Germany,mobile,android,1.1,recommendation_v2_test,control,sports shoes,P004,1.0,1735.81,
E00005398,purchase,U00915,S0001971,2026-08-01 13:54:41,Germany,mobile,android,1.1,recommendation_v2_test,control,sports shoes,P004,1.0,1735.81,O0000119
E00005399,app_open,U00916,S0001972,2026-08-03 01:29:00,Australia,mobile,android,1.1,recommendation_v2_test,control,,,,,
E00005400,app_open,U00916,S0001973,2026-08-09 02:17:00,Australia,mobile,android,1.1,recommendation_v2_test,control,,,,,
E00005401,app_open,U00917,S0001974,2026-08-14 10:19:00,Germany,tablet,ios,1.1,recommendation_v2_test,treatment,,,,,
E00005402,search,U00917,S0001974,2026-08-14 10:19:08,Germany,tablet,ios,1.1,recommendation_v2_test,treatment,black tshirt,,,,
E00005403,click,U00917,S0001974,2026-08-14 10:19:33,Germany,tablet,ios,1.1,recommendation_v2_test,treatment,black tshirt,P001,,,
E00005404,add_to_cart,U00917,S0001974,2026-08-14 10:21:26,Germany,tablet,ios,1.1,recommendation_v2_test,treatment,black tshirt,P001,1.0,1313.96,
E00005405,app_open,U00918,S0001975,2026-08-06 19:14:00,Germany,tablet,android,1.1,recommendation_v2_test,control,,,,,
E00005406,search,U00918,S0001975,2026-08-06 19:14:32,Germany,tablet,android,1.1,recommendation_v2_test,control,sunscreen,,,,
E00005407,app_open,U00919,S0001976,2026-08-01 17:04:00,Australia,mobile,web,1.0,recommendation_v2_test,control,,,,,
E00005408,search,U00919,S0001976,2026-08-01 17:04:47,Australia,mobile,web,1.0,recommendation_v2_test,control,watch,,,,
E00005409,click,U00919,S0001976,2026-08-01 17:05:29,Australia,mobile,web,1.0,recommendation_v2_test,control,watch,P002,,,
E00005410,app_open,U00919,S0001977,2026-08-09 06:58:00,Australia,mobile,web,1.0,recommendation_v2_test,control,,,,,
E00005411,search,U00919,S0001977,2026-08-09 06:58:33,Australia,mobile,web,1.0,recommendation_v2_test,control,watch,,,,
E00005412,click,U00919,S0001977,2026-08-09 07:00:01,Australia,mobile,web,1.0,recommendation_v2_test,control,watch,P005,,,
E00005413,app_open,U00919,S0001978,2026-08-09 02:50:00,Australia,mobile,web,1.0,recommendation_v2_test,control,,,,,
E00005414,search,U00919,S0001978,2026-08-09 02:50:53,Australia,mobile,web,1.0,recommendation_v2_test,control,sports shoes,,,,
E00005415,click,U00919,S0001978,2026-08-09 02:52:03,Australia,mobile,web,1.0,recommendation_v2_test,control,sports shoes,P002,,,
E00005416,add_to_cart,U00919,S0001978,2026-08-09 02:54:29,Australia,mobile,web,1.0,recommendation_v2_test,control,sports shoes,P002,1.0,4553.35,
E00005417,app_open,U00919,S0001979,2026-08-02 00:48:00,Australia,mobile,web,1.0,recommendation_v2_test,control,,,,,
E00005418,search,U00919,S0001979,2026-08-02 00:48:48,Australia,mobile,web,1.0,recommendation_v2_test,control,sunscreen,,,,
E00005419,app_open,U00919,S0001980,2026-08-07 19:25:00,Australia,mobile,web,1.0,recommendation_v2_test,control,,,,,
E00005420,search,U00919,S0001980,2026-08-07 19:25:59,Australia,mobile,web,1.0,recommendation_v2_test,control,sunscreen,,,,
E00005421,click,U00919,S0001980,2026-08-07 19:26:12,Australia,mobile,web,1.0,recommendation_v2_test,control,sunscreen,P005,,,
E00005422,app_open,U00920,S0001981,2026-08-03 08:00:00,India,tablet,web,1.0,recommendation_v2_test,control,,,,,
E00005423,search,U00920,S0001981,2026-08-03 08:00:12,India,tablet,web,1.0,recommendation_v2_test,control,sports shoes,,,,
E00005424,click,U00920,S0001981,2026-08-03 08:01:33,India,tablet,web,1.0,recommendation_v2_test,control,sports shoes,P001,,,
E00005425,app_open,U00920,S0001982,2026-08-05 19:58:00,India,tablet,web,1.0,recommendation_v2_test,control,,,,,
E00005426,search,U00920,S0001982,2026-08-05 19:58:53,India,tablet,web,1.0,recommendation_v2_test,control,watch,,,,
E00005427,app_open,U00921,S0001983,2026-08-03 08:33:00,UK,desktop,ios,1.1,recommendation_v2_test,control,,,,,
E00005428,search,U00921,S0001983,2026-08-03 08:33:36,UK,desktop,ios,1.1,recommendation_v2_test,control,running shoes,,,,
E00005429,click,U00921,S0001983,2026-08-03 08:34:42,UK,desktop,ios,1.1,recommendation_v2_test,control,running shoes,P002,,,
E00005430,app_open,U00922,S0001984,2026-08-12 20:53:00,Germany,mobile,web,1.1,recommendation_v2_test,control,,,,,
E00005431,search,U00922,S0001984,2026-08-12 20:53:35,Germany,mobile,web,1.1,recommendation_v2_test,control,running shoes,,,,
E00005432,app_open,U00922,S0001985,2026-08-03 15:57:00,Germany,mobile,web,1.1,recommendation_v2_test,control,,,,,
E00005433,search,U00922,S0001985,2026-08-03 15:57:40,Germany,mobile,web,1.1,recommendation_v2_test,control,watch,,,,
E00005434,app_open,U00923,S0001986,2026-08-02 15:02:00,India,tablet,ios,1.0,recommendation_v2_test,treatment,,,,,
E00005435,search,U00923,S0001986,2026-08-02 15:02:49,India,tablet,ios,1.0,recommendation_v2_test,treatment,black tshirt,,,,
E00005436,click,U00923,S0001986,2026-08-02 15:04:41,India,tablet,ios,1.0,recommendation_v2_test,treatment,black tshirt,P006,,,
E00005437,app_open,U00924,S0001987,2026-08-02 12:14:00,Germany,mobile,ios,1.0,recommendation_v2_test,treatment,,,,,
E00005438,search,U00924,S0001987,2026-08-02 12:14:17,Germany,mobile,ios,1.0,recommendation_v2_test,treatment,sunscreen,,,,
E00005439,click,U00924,S0001987,2026-08-02 12:15:44,Germany,mobile,ios,1.0,recommendation_v2_test,treatment,sunscreen,P001,,,
E00005440,app_open,U00925,S0001988,2026-08-14 06:43:00,UK,mobile,ios,1.1,recommendation_v2_test,treatment,,,,,
E00005441,search,U00925,S0001988,2026-08-14 06:43:41,UK,mobile,ios,1.1,recommendation_v2_test,treatment,sports shoes,,,,
E00005442,click,U00925,S0001988,2026-08-14 06:44:42,UK,mobile,ios,1.1,recommendation_v2_test,treatment,sports shoes,P004,,,
E00005443,app_open,U00926,S0001989,2026-08-12 10:02:00,Germany,desktop,android,1.1,recommendation_v2_test,control,,,,,
E00005444,search,U00926,S0001989,2026-08-12 10:02:43,Germany,desktop,android,1.1,recommendation_v2_test,control,running shoes,,,,
E00005445,app_open,U00926,S0001990,2026-08-07 06:27:00,Germany,desktop,android,1.1,recommendation_v2_test,control,,,,,
E00005446,search,U00926,S0001990,2026-08-07 06:27:28,Germany,desktop,android,1.1,recommendation_v2_test,control,sunscreen,,,,
E00005447,click,U00926,S0001990,2026-08-07 06:27:59,Germany,desktop,android,1.1,recommendation_v2_test,control,sunscreen,P005,,,
E00005448,app_open,U00927,S0001991,2026-08-12 12:53:00,UK,mobile,android,1.0,recommendation_v2_test,control,,,,,
E00005449,search,U00927,S0001991,2026-08-12 12:53:54,UK,mobile,android,1.0,recommendation_v2_test,control,black tshirt,,,,
E00005450,click,U00927,S0001991,2026-08-12 12:54:17,UK,mobile,android,1.0,recommendation_v2_test,control,black tshirt,P004,,,
E00005451,add_to_cart,U00927,S0001991,2026-08-12 12:55:05,UK,mobile,android,1.0,recommendation_v2_test,control,black tshirt,P004,1.0,1379.27,
E00005452,app_open,U00927,S0001992,2026-08-14 09:26:00,UK,mobile,android,1.0,recommendation_v2_test,control,,,,,
E00005453,search,U00927,S0001992,2026-08-14 09:26:20,UK,mobile,android,1.0,recommendation_v2_test,control,watch,,,,
E00005454,app_open,U00927,S0001993,2026-08-02 15:42:00,UK,mobile,android,1.0,recommendation_v2_test,control,,,,,
E00005455,search,U00927,S0001993,2026-08-02 15:42:29,UK,mobile,android,1.0,recommendation_v2_test,control,sunscreen,,,,
E00005456,app_open,U00928,S0001994,2026-08-07 04:09:00,Australia,mobile,web,1.0,recommendation_v2_test,treatment,,,,,
E00005457,search,U00928,S0001994,2026-08-07 04:09:50,Australia,mobile,web,1.0,recommendation_v2_test,treatment,watch,,,,
E00005458,click,U00928,S0001994,2026-08-07 04:10:45,Australia,mobile,web,1.0,recommendation_v2_test,treatment,watch,P006,,,
E00005459,app_open,U00929,S0001995,2026-08-04 16:49:00,Germany,mobile,android,1.0,recommendation_v2_test,control,,,,,
E00005460,app_open,U00930,S0001996,2026-08-11 13:41:00,Germany,tablet,web,1.1,recommendation_v2_test,control,,,,,
E00005461,search,U00930,S0001996,2026-08-11 13:41:19,Germany,tablet,web,1.1,recommendation_v2_test,control,sports shoes,,,,
E00005462,click,U00930,S0001996,2026-08-11 13:41:42,Germany,tablet,web,1.1,recommendation_v2_test,control,sports shoes,P003,,,
E00005463,app_open,U00930,S0001997,2026-08-12 02:36:00,Germany,tablet,web,1.1,recommendation_v2_test,control,,,,,
E00005464,app_open,U00930,S0001998,2026-08-01 00:12:00,Germany,tablet,web,1.1,recommendation_v2_test,control,,,,,
E00005465,search,U00930,S0001998,2026-08-01 00:12:27,Germany,tablet,web,1.1,recommendation_v2_test,control,sunscreen,,,,
E00005466,click,U00930,S0001998,2026-08-01 00:12:57,Germany,tablet,web,1.1,recommendation_v2_test,control,sunscreen,P002,,,
E00005467,app_open,U00930,S0001999,2026-08-04 13:09:00,Germany,tablet,web,1.1,recommendation_v2_test,control,,,,,
E00005468,search,U00930,S0001999,2026-08-04 13:09:05,Germany,tablet,web,1.1,recommendation_v2_test,control,running shoes,,,,
E00005469,click,U00930,S0001999,2026-08-04 13:09:11,Germany,tablet,web,1.1,recommendation_v2_test,control,running shoes,P002,,,
E00005470,add_to_cart,U00930,S0001999,2026-08-04 13:10:50,Germany,tablet,web,1.1,recommendation_v2_test,control,running shoes,P002,1.0,5360.36,
E00005471,app_open,U00931,S0002000,2026-08-13 13:04:00,India,tablet,ios,1.1,recommendation_v2_test,treatment,,,,,
E00005472,search,U00931,S0002000,2026-08-13 13:04:28,India,tablet,ios,1.1,recommendation_v2_test,treatment,sports shoes,,,,
E00005473,click,U00931,S0002000,2026-08-13 13:05:04,India,tablet,ios,1.1,recommendation_v2_test,treatment,sports shoes,P006,,,
E00005474,add_to_cart,U00931,S0002000,2026-08-13 13:06:32,India,tablet,ios,1.1,recommendation_v2_test,treatment,sports shoes,P006,1.0,2255.26,
E00005475,app_open,U00931,S0002001,2026-08-09 13:20:00,India,tablet,ios,1.1,recommendation_v2_test,treatment,,,,,
E00005476,app_open,U00931,S0002002,2026-08-03 20:14:00,India,tablet,ios,1.1,recommendation_v2_test,treatment,,,,,
E00005477,search,U00931,S0002002,2026-08-03 20:14:27,India,tablet,ios,1.1,recommendation_v2_test,treatment,sports shoes,,,,
E00005478,click,U00931,S0002002,2026-08-03 20:14:35,India,tablet,ios,1.1,recommendation_v2_test,treatment,sports shoes,P005,,,
E00005479,app_open,U00932,S0002003,2026-08-14 17:22:00,Australia,tablet,ios,1.1,recommendation_v2_test,treatment,,,,,
E00005480,search,U00932,S0002003,2026-08-14 17:22:49,Australia,tablet,ios,1.1,recommendation_v2_test,treatment,watch,,,,
E00005481,app_open,U00932,S0002004,2026-08-05 22:47:00,Australia,tablet,ios,1.1,recommendation_v2_test,treatment,,,,,
E00005482,search,U00932,S0002004,2026-08-05 22:47:34,Australia,tablet,ios,1.1,recommendation_v2_test,treatment,sports shoes,,,,
E00005483,click,U00932,S0002004,2026-08-05 22:49:28,Australia,tablet,ios,1.1,recommendation_v2_test,treatment,sports shoes,P001,,,
E00005484,app_open,U00932,S0002005,2026-08-05 00:18:00,Australia,tablet,ios,1.1,recommendation_v2_test,treatment,,,,,
E00005485,search,U00932,S0002005,2026-08-05 00:18:18,Australia,tablet,ios,1.1,recommendation_v2_test,treatment,black tshirt,,,,
E00005486,app_open,U00932,S0002006,2026-08-01 22:07:00,Australia,tablet,ios,1.1,recommendation_v2_test,treatment,,,,,
E00005487,search,U00932,S0002006,2026-08-01 22:07:42,Australia,tablet,ios,1.1,recommendation_v2_test,treatment,black tshirt,,,,
E00005488,app_open,U00933,S0002007,2026-08-11 15:42:00,UK,tablet,web,1.1,recommendation_v2_test,control,,,,,
E00005489,search,U00933,S0002007,2026-08-11 15:42:52,UK,tablet,web,1.1,recommendation_v2_test,control,black tshirt,,,,
E00005490,click,U00933,S0002007,2026-08-11 15:43:13,UK,tablet,web,1.1,recommendation_v2_test,control,black tshirt,P005,,,
E00005491,app_open,U00934,S0002008,2026-08-09 22:23:00,India,desktop,ios,1.1,recommendation_v2_test,treatment,,,,,
E00005492,search,U00934,S0002008,2026-08-09 22:23:50,India,desktop,ios,1.1,recommendation_v2_test,treatment,running shoes,,,,
E00005493,click,U00934,S0002008,2026-08-09 22:24:13,India,desktop,ios,1.1,recommendation_v2_test,treatment,running shoes,P004,,,
E00005494,add_to_cart,U00934,S0002008,2026-08-09 22:26:18,India,desktop,ios,1.1,recommendation_v2_test,treatment,running shoes,P004,1.0,5325.73,
E00005495,app_open,U00934,S0002009,2026-08-08 19:18:00,India,desktop,ios,1.1,recommendation_v2_test,treatment,,,,,
E00005496,search,U00934,S0002009,2026-08-08 19:18:15,India,desktop,ios,1.1,recommendation_v2_test,treatment,running shoes,,,,
E00005497,app_open,U00934,S0002010,2026-08-01 01:39:00,India,desktop,ios,1.1,recommendation_v2_test,treatment,,,,,
E00005498,search,U00934,S0002010,2026-08-01 01:39:07,India,desktop,ios,1.1,recommendation_v2_test,treatment,sports shoes,,,,
E00005499,click,U00934,S0002010,2026-08-01 01:40:30,India,desktop,ios,1.1,recommendation_v2_test,treatment,sports shoes,P001,,,
E00005500,add_to_cart,U00934,S0002010,2026-08-01 01:40:53,India,desktop,ios,1.1,recommendation_v2_test,treatment,sports shoes,P001,1.0,2792.97,
E00005501,app_open,U00935,S0002011,2026-08-02 02:54:00,Germany,mobile,ios,1.0,recommendation_v2_test,treatment,,,,,
E00005502,search,U00935,S0002011,2026-08-02 02:54:14,Germany,mobile,ios,1.0,recommendation_v2_test,treatment,sports shoes,,,,
E00005503,app_open,U00935,S0002012,2026-08-09 17:47:00,Germany,mobile,ios,1.0,recommendation_v2_test,treatment,,,,,
E00005504,search,U00935,S0002012,2026-08-09 17:47:39,Germany,mobile,ios,1.0,recommendation_v2_test,treatment,sunscreen,,,,
E00005505,app_open,U00935,S0002013,2026-08-08 19:29:00,Germany,mobile,ios,1.0,recommendation_v2_test,treatment,,,,,
E00005506,search,U00935,S0002013,2026-08-08 19:29:19,Germany,mobile,ios,1.0,recommendation_v2_test,treatment,sports shoes,,,,
E00005507,click,U00935,S0002013,2026-08-08 19:29:51,Germany,mobile,ios,1.0,recommendation_v2_test,treatment,sports shoes,P005,,,
E00005508,app_open,U00935,S0002014,2026-08-13 06:30:00,Germany,mobile,ios,1.0,recommendation_v2_test,treatment,,,,,
E00005509,search,U00935,S0002014,2026-08-13 06:30:19,Germany,mobile,ios,1.0,recommendation_v2_test,treatment,sunscreen,,,,
E00005510,app_open,U00936,S0002015,2026-08-02 11:29:00,Germany,mobile,android,1.0,recommendation_v2_test,control,,,,,
E00005511,search,U00936,S0002015,2026-08-02 11:29:27,Germany,mobile,android,1.0,recommendation_v2_test,control,running shoes,,,,
E00005512,app_open,U00937,S0002016,2026-08-01 07:34:00,Germany,tablet,web,1.0,recommendation_v2_test,treatment,,,,,
E00005513,app_open,U00938,S0002017,2026-08-08 00:20:00,UK,desktop,android,1.0,recommendation_v2_test,control,,,,,
E00005514,search,U00938,S0002017,2026-08-08 00:20:10,UK,desktop,android,1.0,recommendation_v2_test,control,black tshirt,,,,
E00005515,app_open,U00939,S0002018,2026-08-05 22:20:00,India,desktop,web,1.0,recommendation_v2_test,treatment,,,,,
E00005516,search,U00939,S0002018,2026-08-05 22:20:39,India,desktop,web,1.0,recommendation_v2_test,treatment,sunscreen,,,,
E00005517,app_open,U00939,S0002019,2026-08-03 10:34:00,India,desktop,web,1.0,recommendation_v2_test,treatment,,,,,
E00005518,app_open,U00940,S0002020,2026-08-11 02:54:00,UK,tablet,ios,1.0,recommendation_v2_test,treatment,,,,,
E00005519,search,U00940,S0002020,2026-08-11 02:54:21,UK,tablet,ios,1.0,recommendation_v2_test,treatment,watch,,,,
E00005520,app_open,U00940,S0002021,2026-08-11 21:28:00,UK,tablet,ios,1.0,recommendation_v2_test,treatment,,,,,
E00005521,search,U00940,S0002021,2026-08-11 21:28:24,UK,tablet,ios,1.0,recommendation_v2_test,treatment,watch,,,,
E00005522,click,U00940,S0002021,2026-08-11 21:30:07,UK,tablet,ios,1.0,recommendation_v2_test,treatment,watch,P005,,,
E00005523,app_open,U00941,S0002022,2026-08-05 20:10:00,UK,tablet,web,1.0,recommendation_v2_test,treatment,,,,,
E00005524,search,U00941,S0002022,2026-08-05 20:10:13,UK,tablet,web,1.0,recommendation_v2_test,treatment,sports shoes,,,,
E00005525,click,U00941,S0002022,2026-08-05 20:11:48,UK,tablet,web,1.0,recommendation_v2_test,treatment,sports shoes,P004,,,
E00005526,app_open,U00941,S0002023,2026-08-05 01:13:00,UK,tablet,web,1.0,recommendation_v2_test,treatment,,,,,
E00005527,search,U00941,S0002023,2026-08-05 01:13:21,UK,tablet,web,1.0,recommendation_v2_test,treatment,sunscreen,,,,
E00005528,click,U00941,S0002023,2026-08-05 01:14:49,UK,tablet,web,1.0,recommendation_v2_test,treatment,sunscreen,P001,,,
E00005529,add_to_cart,U00941,S0002023,2026-08-05 01:16:54,UK,tablet,web,1.0,recommendation_v2_test,treatment,sunscreen,P001,1.0,2886.87,
E00005530,app_open,U00942,S0002024,2026-08-07 21:45:00,Australia,mobile,web,1.0,recommendation_v2_test,control,,,,,
E00005531,search,U00942,S0002024,2026-08-07 21:45:15,Australia,mobile,web,1.0,recommendation_v2_test,control,sunscreen,,,,
E00005532,click,U00942,S0002024,2026-08-07 21:47:07,Australia,mobile,web,1.0,recommendation_v2_test,control,sunscreen,P005,,,
E00005533,app_open,U00943,S0002025,2026-08-11 18:03:00,UK,tablet,ios,1.0,recommendation_v2_test,treatment,,,,,
E00005534,search,U00943,S0002025,2026-08-11 18:03:42,UK,tablet,ios,1.0,recommendation_v2_test,treatment,sports shoes,,,,
E00005535,click,U00943,S0002025,2026-08-11 18:05:26,UK,tablet,ios,1.0,recommendation_v2_test,treatment,sports shoes,P003,,,
E00005536,add_to_cart,U00943,S0002025,2026-08-11 18:06:26,UK,tablet,ios,1.0,recommendation_v2_test,treatment,sports shoes,P003,1.0,5979.07,
E00005537,purchase,U00943,S0002025,2026-08-11 18:08:33,UK,tablet,ios,1.0,recommendation_v2_test,treatment,sports shoes,P003,1.0,5979.07,O0000120
E00005538,app_open,U00943,S0002026,2026-08-05 07:35:00,UK,tablet,ios,1.0,recommendation_v2_test,treatment,,,,,
E00005539,search,U00943,S0002026,2026-08-05 07:35:26,UK,tablet,ios,1.0,recommendation_v2_test,treatment,sports shoes,,,,
E00005540,app_open,U00943,S0002027,2026-08-14 16:22:00,UK,tablet,ios,1.0,recommendation_v2_test,treatment,,,,,
E00005541,search,U00943,S0002027,2026-08-14 16:22:34,UK,tablet,ios,1.0,recommendation_v2_test,treatment,running shoes,,,,
E00005542,app_open,U00943,S0002028,2026-08-01 21:23:00,UK,tablet,ios,1.0,recommendation_v2_test,treatment,,,,,
E00005543,search,U00943,S0002028,2026-08-01 21:23:55,UK,tablet,ios,1.0,recommendation_v2_test,treatment,sports shoes,,,,
E00005544,click,U00943,S0002028,2026-08-01 21:25:17,UK,tablet,ios,1.0,recommendation_v2_test,treatment,sports shoes,P006,,,
E00005545,app_open,U00944,S0002029,2026-08-08 16:29:00,India,mobile,web,1.0,recommendation_v2_test,treatment,,,,,
E00005546,search,U00944,S0002029,2026-08-08 16:29:13,India,mobile,web,1.0,recommendation_v2_test,treatment,black tshirt,,,,
E00005547,click,U00944,S0002029,2026-08-08 16:30:46,India,mobile,web,1.0,recommendation_v2_test,treatment,black tshirt,P001,,,
E00005548,add_to_cart,U00944,S0002029,2026-08-08 16:31:14,India,mobile,web,1.0,recommendation_v2_test,treatment,black tshirt,P001,1.0,3162.54,
E00005549,app_open,U00945,S0002030,2026-08-14 20:29:00,UK,desktop,android,1.1,recommendation_v2_test,treatment,,,,,
E00005550,search,U00945,S0002030,2026-08-14 20:29:29,UK,desktop,android,1.1,recommendation_v2_test,treatment,black tshirt,,,,
E00005551,click,U00945,S0002030,2026-08-14 20:29:57,UK,desktop,android,1.1,recommendation_v2_test,treatment,black tshirt,P001,,,
E00005552,add_to_cart,U00945,S0002030,2026-08-14 20:31:50,UK,desktop,android,1.1,recommendation_v2_test,treatment,black tshirt,P001,1.0,1321.4,
E00005553,app_open,U00945,S0002031,2026-08-11 02:55:00,UK,desktop,android,1.1,recommendation_v2_test,treatment,,,,,
E00005554,search,U00945,S0002031,2026-08-11 02:55:27,UK,desktop,android,1.1,recommendation_v2_test,treatment,sports shoes,,,,
E00005555,click,U00945,S0002031,2026-08-11 02:55:34,UK,desktop,android,1.1,recommendation_v2_test,treatment,sports shoes,P003,,,
E00005556,add_to_cart,U00945,S0002031,2026-08-11 02:58:29,UK,desktop,android,1.1,recommendation_v2_test,treatment,sports shoes,P003,1.0,4994.87,
E00005557,purchase,U00945,S0002031,2026-08-11 03:01:02,UK,desktop,android,1.1,recommendation_v2_test,treatment,sports shoes,P003,1.0,4994.87,O0000121
E00005558,app_open,U00946,S0002032,2026-08-13 13:06:00,Australia,desktop,web,1.1,recommendation_v2_test,treatment,,,,,
E00005559,search,U00946,S0002032,2026-08-13 13:06:38,Australia,desktop,web,1.1,recommendation_v2_test,treatment,sports shoes,,,,
E00005560,app_open,U00946,S0002033,2026-08-14 09:54:00,Australia,desktop,web,1.1,recommendation_v2_test,treatment,,,,,
E00005561,search,U00946,S0002033,2026-08-14 09:54:31,Australia,desktop,web,1.1,recommendation_v2_test,treatment,running shoes,,,,
E00005562,click,U00946,S0002033,2026-08-14 09:55:51,Australia,desktop,web,1.1,recommendation_v2_test,treatment,running shoes,P001,,,
E00005563,app_open,U00947,S0002034,2026-08-09 23:34:00,India,mobile,ios,1.1,recommendation_v2_test,control,,,,,
E00005564,search,U00947,S0002034,2026-08-09 23:34:20,India,mobile,ios,1.1,recommendation_v2_test,control,watch,,,,
E00005565,click,U00947,S0002034,2026-08-09 23:35:53,India,mobile,ios,1.1,recommendation_v2_test,control,watch,P004,,,
E00005566,app_open,U00948,S0002035,2026-08-11 16:20:00,UK,tablet,web,1.1,recommendation_v2_test,control,,,,,
E00005567,app_open,U00949,S0002036,2026-08-11 11:50:00,Germany,mobile,android,1.0,recommendation_v2_test,control,,,,,
E00005568,search,U00949,S0002036,2026-08-11 11:50:21,Germany,mobile,android,1.0,recommendation_v2_test,control,sunscreen,,,,
E00005569,click,U00949,S0002036,2026-08-11 11:50:51,Germany,mobile,android,1.0,recommendation_v2_test,control,sunscreen,P006,,,
E00005570,app_open,U00949,S0002037,2026-08-04 11:08:00,Germany,mobile,android,1.0,recommendation_v2_test,control,,,,,
E00005571,search,U00949,S0002037,2026-08-04 11:08:33,Germany,mobile,android,1.0,recommendation_v2_test,control,black tshirt,,,,
E00005572,app_open,U00949,S0002038,2026-08-09 12:12:00,Germany,mobile,android,1.0,recommendation_v2_test,control,,,,,
E00005573,app_open,U00950,S0002039,2026-08-08 19:57:00,India,mobile,ios,1.0,recommendation_v2_test,control,,,,,
E00005574,search,U00950,S0002039,2026-08-08 19:57:46,India,mobile,ios,1.0,recommendation_v2_test,control,sports shoes,,,,
E00005575,app_open,U00951,S0002040,2026-08-07 02:26:00,Australia,mobile,android,1.1,recommendation_v2_test,treatment,,,,,
E00005576,search,U00951,S0002040,2026-08-07 02:26:47,Australia,mobile,android,1.1,recommendation_v2_test,treatment,sports shoes,,,,
E00005577,click,U00951,S0002040,2026-08-07 02:27:26,Australia,mobile,android,1.1,recommendation_v2_test,treatment,sports shoes,P003,,,
E00005578,app_open,U00951,S0002041,2026-08-02 10:45:00,Australia,mobile,android,1.1,recommendation_v2_test,treatment,,,,,
E00005579,search,U00951,S0002041,2026-08-02 10:45:51,Australia,mobile,android,1.1,recommendation_v2_test,treatment,sports shoes,,,,
E00005580,click,U00951,S0002041,2026-08-02 10:46:28,Australia,mobile,android,1.1,recommendation_v2_test,treatment,sports shoes,P001,,,
E00005581,add_to_cart,U00951,S0002041,2026-08-02 10:49:11,Australia,mobile,android,1.1,recommendation_v2_test,treatment,sports shoes,P001,1.0,3644.16,
E00005582,purchase,U00951,S0002041,2026-08-02 10:51:29,Australia,mobile,android,1.1,recommendation_v2_test,treatment,sports shoes,P001,1.0,3644.16,O0000122
E00005583,app_open,U00951,S0002042,2026-08-12 14:39:00,Australia,mobile,android,1.1,recommendation_v2_test,treatment,,,,,
E00005584,search,U00951,S0002042,2026-08-12 14:39:05,Australia,mobile,android,1.1,recommendation_v2_test,treatment,black tshirt,,,,
E00005585,click,U00951,S0002042,2026-08-12 14:40:16,Australia,mobile,android,1.1,recommendation_v2_test,treatment,black tshirt,P004,,,
E00005586,add_to_cart,U00951,S0002042,2026-08-12 14:42:57,Australia,mobile,android,1.1,recommendation_v2_test,treatment,black tshirt,P004,1.0,2363.02,
E00005587,purchase,U00951,S0002042,2026-08-12 14:44:45,Australia,mobile,android,1.1,recommendation_v2_test,treatment,black tshirt,P004,1.0,2363.02,O0000123
E00005588,app_open,U00952,S0002043,2026-08-04 13:10:00,India,desktop,ios,1.0,recommendation_v2_test,control,,,,,
E00005589,search,U00952,S0002043,2026-08-04 13:10:53,India,desktop,ios,1.0,recommendation_v2_test,control,watch,,,,
E00005590,click,U00952,S0002043,2026-08-04 13:11:54,India,desktop,ios,1.0,recommendation_v2_test,control,watch,P006,,,
E00005591,app_open,U00952,S0002044,2026-08-01 22:24:00,India,desktop,ios,1.0,recommendation_v2_test,control,,,,,
E00005592,search,U00952,S0002044,2026-08-01 22:24:13,India,desktop,ios,1.0,recommendation_v2_test,control,sunscreen,,,,
E00005593,click,U00952,S0002044,2026-08-01 22:25:08,India,desktop,ios,1.0,recommendation_v2_test,control,sunscreen,P004,,,
E00005594,app_open,U00952,S0002045,2026-08-12 01:44:00,India,desktop,ios,1.0,recommendation_v2_test,control,,,,,
E00005595,search,U00952,S0002045,2026-08-12 01:44:36,India,desktop,ios,1.0,recommendation_v2_test,control,sunscreen,,,,
E00005596,click,U00952,S0002045,2026-08-12 01:46:05,India,desktop,ios,1.0,recommendation_v2_test,control,sunscreen,P002,,,
E00005597,add_to_cart,U00952,S0002045,2026-08-12 01:47:22,India,desktop,ios,1.0,recommendation_v2_test,control,sunscreen,P002,1.0,5123.7,
E00005598,app_open,U00952,S0002046,2026-08-05 11:33:00,India,desktop,ios,1.0,recommendation_v2_test,control,,,,,
E00005599,search,U00952,S0002046,2026-08-05 11:33:52,India,desktop,ios,1.0,recommendation_v2_test,control,black tshirt,,,,
E00005600,app_open,U00953,S0002047,2026-08-07 11:58:00,UK,desktop,web,1.1,recommendation_v2_test,treatment,,,,,
E00005601,search,U00953,S0002047,2026-08-07 11:58:08,UK,desktop,web,1.1,recommendation_v2_test,treatment,sunscreen,,,,
E00005602,click,U00953,S0002047,2026-08-07 11:58:19,UK,desktop,web,1.1,recommendation_v2_test,treatment,sunscreen,P003,,,
E00005603,add_to_cart,U00953,S0002047,2026-08-07 11:59:51,UK,desktop,web,1.1,recommendation_v2_test,treatment,sunscreen,P003,1.0,1998.14,
E00005604,purchase,U00953,S0002047,2026-08-07 12:00:14,UK,desktop,web,1.1,recommendation_v2_test,treatment,sunscreen,P003,1.0,1998.14,O0000124
E00005605,app_open,U00954,S0002048,2026-08-06 16:12:00,Germany,mobile,ios,1.1,recommendation_v2_test,control,,,,,
E00005606,search,U00954,S0002048,2026-08-06 16:12:52,Germany,mobile,ios,1.1,recommendation_v2_test,control,running shoes,,,,
E00005607,app_open,U00954,S0002049,2026-08-08 05:11:00,Germany,mobile,ios,1.1,recommendation_v2_test,control,,,,,
E00005608,search,U00954,S0002049,2026-08-08 05:11:06,Germany,mobile,ios,1.1,recommendation_v2_test,control,sports shoes,,,,
E00005609,app_open,U00955,S0002050,2026-08-06 09:39:00,India,desktop,android,1.0,recommendation_v2_test,control,,,,,
E00005610,search,U00955,S0002050,2026-08-06 09:39:59,India,desktop,android,1.0,recommendation_v2_test,control,running shoes,,,,
E00005611,app_open,U00956,S0002051,2026-08-05 15:20:00,Australia,mobile,ios,1.0,recommendation_v2_test,treatment,,,,,
E00005612,search,U00956,S0002051,2026-08-05 15:20:26,Australia,mobile,ios,1.0,recommendation_v2_test,treatment,sports shoes,,,,
E00005613,click,U00956,S0002051,2026-08-05 15:20:43,Australia,mobile,ios,1.0,recommendation_v2_test,treatment,sports shoes,P001,,,
E00005614,add_to_cart,U00956,S0002051,2026-08-05 15:23:15,Australia,mobile,ios,1.0,recommendation_v2_test,treatment,sports shoes,P001,1.0,2043.83,
E00005615,purchase,U00956,S0002051,2026-08-05 15:26:17,Australia,mobile,ios,1.0,recommendation_v2_test,treatment,sports shoes,P001,1.0,2043.83,O0000125
E00005616,app_open,U00957,S0002052,2026-08-10 16:37:00,Germany,mobile,ios,1.1,recommendation_v2_test,control,,,,,
E00005617,search,U00957,S0002052,2026-08-10 16:37:28,Germany,mobile,ios,1.1,recommendation_v2_test,control,sunscreen,,,,
E00005618,click,U00957,S0002052,2026-08-10 16:39:07,Germany,mobile,ios,1.1,recommendation_v2_test,control,sunscreen,P006,,,
E00005619,app_open,U00957,S0002053,2026-08-10 12:16:00,Germany,mobile,ios,1.1,recommendation_v2_test,control,,,,,
E00005620,search,U00957,S0002053,2026-08-10 12:16:08,Germany,mobile,ios,1.1,recommendation_v2_test,control,watch,,,,
E00005621,app_open,U00957,S0002054,2026-08-12 08:51:00,Germany,mobile,ios,1.1,recommendation_v2_test,control,,,,,
E00005622,search,U00957,S0002054,2026-08-12 08:51:37,Germany,mobile,ios,1.1,recommendation_v2_test,control,watch,,,,
E00005623,click,U00957,S0002054,2026-08-12 08:51:52,Germany,mobile,ios,1.1,recommendation_v2_test,control,watch,P006,,,
E00005624,add_to_cart,U00957,S0002054,2026-08-12 08:52:28,Germany,mobile,ios,1.1,recommendation_v2_test,control,watch,P006,1.0,4982.78,
E00005625,purchase,U00957,S0002054,2026-08-12 08:56:07,Germany,mobile,ios,1.1,recommendation_v2_test,control,watch,P006,1.0,4982.78,O0000126
E00005626,app_open,U00957,S0002055,2026-08-09 23:38:00,Germany,mobile,ios,1.1,recommendation_v2_test,control,,,,,
E00005627,search,U00957,S0002055,2026-08-09 23:38:48,Germany,mobile,ios,1.1,recommendation_v2_test,control,watch,,,,
E00005628,app_open,U00958,S0002056,2026-08-10 03:16:00,Australia,tablet,android,1.0,recommendation_v2_test,treatment,,,,,
E00005629,search,U00958,S0002056,2026-08-10 03:16:22,Australia,tablet,android,1.0,recommendation_v2_test,treatment,black tshirt,,,,
E00005630,click,U00958,S0002056,2026-08-10 03:17:55,Australia,tablet,android,1.0,recommendation_v2_test,treatment,black tshirt,P005,,,
E00005631,app_open,U00959,S0002057,2026-08-02 07:36:00,UK,desktop,web,1.0,recommendation_v2_test,control,,,,,
E00005632,search,U00959,S0002057,2026-08-02 07:36:58,UK,desktop,web,1.0,recommendation_v2_test,control,sunscreen,,,,
E00005633,click,U00959,S0002057,2026-08-02 07:38:49,UK,desktop,web,1.0,recommendation_v2_test,control,sunscreen,P002,,,
E00005634,add_to_cart,U00959,S0002057,2026-08-02 07:41:31,UK,desktop,web,1.0,recommendation_v2_test,control,sunscreen,P002,1.0,4336.25,
E00005635,purchase,U00959,S0002057,2026-08-02 07:45:39,UK,desktop,web,1.0,recommendation_v2_test,control,sunscreen,P002,1.0,4336.25,O0000127
E00005636,app_open,U00959,S0002058,2026-08-11 11:19:00,UK,desktop,web,1.0,recommendation_v2_test,control,,,,,
E00005637,search,U00959,S0002058,2026-08-11 11:19:49,UK,desktop,web,1.0,recommendation_v2_test,control,sports shoes,,,,
E00005638,click,U00959,S0002058,2026-08-11 11:20:37,UK,desktop,web,1.0,recommendation_v2_test,control,sports shoes,P004,,,
E00005639,app_open,U00959,S0002059,2026-08-07 06:44:00,UK,desktop,web,1.0,recommendation_v2_test,control,,,,,
E00005640,search,U00959,S0002059,2026-08-07 06:44:55,UK,desktop,web,1.0,recommendation_v2_test,control,sunscreen,,,,
E00005641,app_open,U00959,S0002060,2026-08-11 14:05:00,UK,desktop,web,1.0,recommendation_v2_test,control,,,,,
E00005642,search,U00959,S0002060,2026-08-11 14:05:58,UK,desktop,web,1.0,recommendation_v2_test,control,black tshirt,,,,
E00005643,click,U00959,S0002060,2026-08-11 14:06:15,UK,desktop,web,1.0,recommendation_v2_test,control,black tshirt,P004,,,
E00005644,app_open,U00960,S0002061,2026-08-12 23:55:00,India,mobile,web,1.0,recommendation_v2_test,control,,,,,
E00005645,search,U00960,S0002061,2026-08-12 23:55:53,India,mobile,web,1.0,recommendation_v2_test,control,sunscreen,,,,
E00005646,app_open,U00961,S0002062,2026-08-06 18:02:00,Germany,desktop,android,1.0,recommendation_v2_test,treatment,,,,,
E00005647,search,U00961,S0002062,2026-08-06 18:02:14,Germany,desktop,android,1.0,recommendation_v2_test,treatment,sports shoes,,,,
E00005648,app_open,U00961,S0002063,2026-08-01 18:09:00,Germany,desktop,android,1.0,recommendation_v2_test,treatment,,,,,
E00005649,search,U00961,S0002063,2026-08-01 18:09:44,Germany,desktop,android,1.0,recommendation_v2_test,treatment,sports shoes,,,,
E00005650,click,U00961,S0002063,2026-08-01 18:10:00,Germany,desktop,android,1.0,recommendation_v2_test,treatment,sports shoes,P005,,,
E00005651,app_open,U00962,S0002064,2026-08-14 16:05:00,Australia,tablet,android,1.0,recommendation_v2_test,treatment,,,,,
E00005652,app_open,U00962,S0002065,2026-08-04 21:32:00,Australia,tablet,android,1.0,recommendation_v2_test,treatment,,,,,
E00005653,search,U00962,S0002065,2026-08-04 21:32:20,Australia,tablet,android,1.0,recommendation_v2_test,treatment,sports shoes,,,,
E00005654,click,U00962,S0002065,2026-08-04 21:32:40,Australia,tablet,android,1.0,recommendation_v2_test,treatment,sports shoes,P002,,,
E00005655,app_open,U00962,S0002066,2026-08-01 13:58:00,Australia,tablet,android,1.0,recommendation_v2_test,treatment,,,,,
E00005656,search,U00962,S0002066,2026-08-01 13:58:59,Australia,tablet,android,1.0,recommendation_v2_test,treatment,sunscreen,,,,
E00005657,app_open,U00962,S0002067,2026-08-11 21:08:00,Australia,tablet,android,1.0,recommendation_v2_test,treatment,,,,,
E00005658,search,U00962,S0002067,2026-08-11 21:08:58,Australia,tablet,android,1.0,recommendation_v2_test,treatment,black tshirt,,,,
E00005659,click,U00962,S0002067,2026-08-11 21:10:17,Australia,tablet,android,1.0,recommendation_v2_test,treatment,black tshirt,P006,,,
E00005660,add_to_cart,U00962,S0002067,2026-08-11 21:12:22,Australia,tablet,android,1.0,recommendation_v2_test,treatment,black tshirt,P006,1.0,2745.01,
E00005661,app_open,U00962,S0002068,2026-08-13 17:05:00,Australia,tablet,android,1.0,recommendation_v2_test,treatment,,,,,
E00005662,search,U00962,S0002068,2026-08-13 17:05:43,Australia,tablet,android,1.0,recommendation_v2_test,treatment,running shoes,,,,
E00005663,app_open,U00963,S0002069,2026-08-09 00:30:00,India,desktop,android,1.1,recommendation_v2_test,treatment,,,,,
E00005664,search,U00963,S0002069,2026-08-09 00:30:44,India,desktop,android,1.1,recommendation_v2_test,treatment,watch,,,,
E00005665,click,U00963,S0002069,2026-08-09 00:31:38,India,desktop,android,1.1,recommendation_v2_test,treatment,watch,P003,,,
E00005666,add_to_cart,U00963,S0002069,2026-08-09 00:33:39,India,desktop,android,1.1,recommendation_v2_test,treatment,watch,P003,1.0,3619.01,
E00005667,purchase,U00963,S0002069,2026-08-09 00:35:48,India,desktop,android,1.1,recommendation_v2_test,treatment,watch,P003,1.0,3619.01,O0000128
E00005668,app_open,U00964,S0002070,2026-08-08 07:42:00,India,mobile,android,1.0,recommendation_v2_test,control,,,,,
E00005669,search,U00964,S0002070,2026-08-08 07:42:56,India,mobile,android,1.0,recommendation_v2_test,control,sunscreen,,,,
E00005670,click,U00964,S0002070,2026-08-08 07:43:59,India,mobile,android,1.0,recommendation_v2_test,control,sunscreen,P004,,,
E00005671,app_open,U00965,S0002071,2026-08-08 22:06:00,UK,tablet,ios,1.0,recommendation_v2_test,treatment,,,,,
E00005672,search,U00965,S0002071,2026-08-08 22:06:29,UK,tablet,ios,1.0,recommendation_v2_test,treatment,watch,,,,
E00005673,click,U00965,S0002071,2026-08-08 22:06:37,UK,tablet,ios,1.0,recommendation_v2_test,treatment,watch,P006,,,
E00005674,add_to_cart,U00965,S0002071,2026-08-08 22:07:40,UK,tablet,ios,1.0,recommendation_v2_test,treatment,watch,P006,1.0,921.67,
E00005675,purchase,U00965,S0002071,2026-08-08 22:11:26,UK,tablet,ios,1.0,recommendation_v2_test,treatment,watch,P006,1.0,921.67,O0000129
E00005676,app_open,U00965,S0002072,2026-08-08 04:25:00,UK,tablet,ios,1.0,recommendation_v2_test,treatment,,,,,
E00005677,app_open,U00966,S0002073,2026-08-09 09:43:00,UK,desktop,web,1.0,recommendation_v2_test,treatment,,,,,
E00005678,search,U00966,S0002073,2026-08-09 09:43:36,UK,desktop,web,1.0,recommendation_v2_test,treatment,running shoes,,,,
E00005679,click,U00966,S0002073,2026-08-09 09:44:33,UK,desktop,web,1.0,recommendation_v2_test,treatment,running shoes,P003,,,
E00005680,app_open,U00967,S0002074,2026-08-11 20:30:00,India,desktop,android,1.0,recommendation_v2_test,treatment,,,,,
E00005681,search,U00967,S0002074,2026-08-11 20:30:31,India,desktop,android,1.0,recommendation_v2_test,treatment,sports shoes,,,,
E00005682,click,U00967,S0002074,2026-08-11 20:30:51,India,desktop,android,1.0,recommendation_v2_test,treatment,sports shoes,P002,,,
E00005683,add_to_cart,U00967,S0002074,2026-08-11 20:32:12,India,desktop,android,1.0,recommendation_v2_test,treatment,sports shoes,P002,1.0,5188.01,
E00005684,purchase,U00967,S0002074,2026-08-11 20:35:18,India,desktop,android,1.0,recommendation_v2_test,treatment,sports shoes,P002,1.0,5188.01,O0000130
E00005685,app_open,U00968,S0002075,2026-08-11 06:18:00,Germany,tablet,web,1.0,recommendation_v2_test,treatment,,,,,
E00005686,search,U00968,S0002075,2026-08-11 06:18:26,Germany,tablet,web,1.0,recommendation_v2_test,treatment,running shoes,,,,
E00005687,app_open,U00969,S0002076,2026-08-09 03:57:00,India,tablet,ios,1.0,recommendation_v2_test,control,,,,,
E00005688,search,U00969,S0002076,2026-08-09 03:57:42,India,tablet,ios,1.0,recommendation_v2_test,control,sports shoes,,,,
E00005689,click,U00969,S0002076,2026-08-09 03:59:21,India,tablet,ios,1.0,recommendation_v2_test,control,sports shoes,P004,,,
E00005690,app_open,U00969,S0002077,2026-08-08 15:05:00,India,tablet,ios,1.0,recommendation_v2_test,control,,,,,
E00005691,search,U00969,S0002077,2026-08-08 15:05:13,India,tablet,ios,1.0,recommendation_v2_test,control,sports shoes,,,,
E00005692,click,U00969,S0002077,2026-08-08 15:05:36,India,tablet,ios,1.0,recommendation_v2_test,control,sports shoes,P006,,,
E00005693,app_open,U00969,S0002078,2026-08-10 07:26:00,India,tablet,ios,1.0,recommendation_v2_test,control,,,,,
E00005694,search,U00969,S0002078,2026-08-10 07:26:29,India,tablet,ios,1.0,recommendation_v2_test,control,sunscreen,,,,
E00005695,click,U00969,S0002078,2026-08-10 07:27:16,India,tablet,ios,1.0,recommendation_v2_test,control,sunscreen,P001,,,
E00005696,app_open,U00969,S0002079,2026-08-06 00:08:00,India,tablet,ios,1.0,recommendation_v2_test,control,,,,,
E00005697,search,U00969,S0002079,2026-08-06 00:08:05,India,tablet,ios,1.0,recommendation_v2_test,control,running shoes,,,,
E00005698,click,U00969,S0002079,2026-08-06 00:10:04,India,tablet,ios,1.0,recommendation_v2_test,control,running shoes,P001,,,
E00005699,app_open,U00969,S0002080,2026-08-12 15:28:00,India,tablet,ios,1.0,recommendation_v2_test,control,,,,,
E00005700,search,U00969,S0002080,2026-08-12 15:28:27,India,tablet,ios,1.0,recommendation_v2_test,control,sports shoes,,,,
E00005701,app_open,U00969,S0002081,2026-08-09 03:43:00,India,tablet,ios,1.0,recommendation_v2_test,control,,,,,
E00005702,search,U00969,S0002081,2026-08-09 03:43:56,India,tablet,ios,1.0,recommendation_v2_test,control,watch,,,,
E00005703,app_open,U00970,S0002082,2026-08-06 20:46:00,India,mobile,ios,1.0,recommendation_v2_test,control,,,,,
E00005704,search,U00970,S0002082,2026-08-06 20:46:28,India,mobile,ios,1.0,recommendation_v2_test,control,sports shoes,,,,
E00005705,app_open,U00970,S0002083,2026-08-03 01:17:00,India,mobile,ios,1.0,recommendation_v2_test,control,,,,,
E00005706,search,U00970,S0002083,2026-08-03 01:17:49,India,mobile,ios,1.0,recommendation_v2_test,control,sunscreen,,,,
E00005707,click,U00970,S0002083,2026-08-03 01:17:58,India,mobile,ios,1.0,recommendation_v2_test,control,sunscreen,P004,,,
E00005708,app_open,U00970,S0002084,2026-08-08 04:47:00,India,mobile,ios,1.0,recommendation_v2_test,control,,,,,
E00005709,search,U00970,S0002084,2026-08-08 04:47:05,India,mobile,ios,1.0,recommendation_v2_test,control,running shoes,,,,
E00005710,click,U00970,S0002084,2026-08-08 04:47:14,India,mobile,ios,1.0,recommendation_v2_test,control,running shoes,P005,,,
E00005711,app_open,U00971,S0002085,2026-08-04 02:13:00,India,mobile,ios,1.1,recommendation_v2_test,control,,,,,
E00005712,search,U00971,S0002085,2026-08-04 02:13:18,India,mobile,ios,1.1,recommendation_v2_test,control,running shoes,,,,
E00005713,app_open,U00971,S0002086,2026-08-12 21:04:00,India,mobile,ios,1.1,recommendation_v2_test,control,,,,,
E00005714,search,U00971,S0002086,2026-08-12 21:04:38,India,mobile,ios,1.1,recommendation_v2_test,control,sports shoes,,,,
E00005715,app_open,U00971,S0002087,2026-08-07 18:08:00,India,mobile,ios,1.1,recommendation_v2_test,control,,,,,
E00005716,search,U00971,S0002087,2026-08-07 18:08:28,India,mobile,ios,1.1,recommendation_v2_test,control,black tshirt,,,,
E00005717,click,U00971,S0002087,2026-08-07 18:09:17,India,mobile,ios,1.1,recommendation_v2_test,control,black tshirt,P001,,,
E00005718,app_open,U00971,S0002088,2026-08-09 15:18:00,India,mobile,ios,1.1,recommendation_v2_test,control,,,,,
E00005719,search,U00971,S0002088,2026-08-09 15:18:07,India,mobile,ios,1.1,recommendation_v2_test,control,black tshirt,,,,
E00005720,app_open,U00972,S0002089,2026-08-14 21:27:00,India,tablet,ios,1.0,recommendation_v2_test,control,,,,,
E00005721,search,U00972,S0002089,2026-08-14 21:27:30,India,tablet,ios,1.0,recommendation_v2_test,control,sunscreen,,,,
E00005722,click,U00972,S0002089,2026-08-14 21:28:10,India,tablet,ios,1.0,recommendation_v2_test,control,sunscreen,P001,,,
E00005723,app_open,U00972,S0002090,2026-08-07 03:08:00,India,tablet,ios,1.0,recommendation_v2_test,control,,,,,
E00005724,search,U00972,S0002090,2026-08-07 03:08:29,India,tablet,ios,1.0,recommendation_v2_test,control,running shoes,,,,
E00005725,click,U00972,S0002090,2026-08-07 03:09:54,India,tablet,ios,1.0,recommendation_v2_test,control,running shoes,P001,,,
E00005726,app_open,U00973,S0002091,2026-08-02 20:26:00,Australia,desktop,android,1.1,recommendation_v2_test,control,,,,,
E00005727,search,U00973,S0002091,2026-08-02 20:26:41,Australia,desktop,android,1.1,recommendation_v2_test,control,sunscreen,,,,
E00005728,app_open,U00974,S0002092,2026-08-01 15:02:00,Australia,mobile,ios,1.0,recommendation_v2_test,control,,,,,
E00005729,search,U00974,S0002092,2026-08-01 15:02:49,Australia,mobile,ios,1.0,recommendation_v2_test,control,sunscreen,,,,
E00005730,click,U00974,S0002092,2026-08-01 15:03:44,Australia,mobile,ios,1.0,recommendation_v2_test,control,sunscreen,P001,,,
E00005731,app_open,U00974,S0002093,2026-08-06 06:11:00,Australia,mobile,ios,1.0,recommendation_v2_test,control,,,,,
E00005732,search,U00974,S0002093,2026-08-06 06:11:31,Australia,mobile,ios,1.0,recommendation_v2_test,control,running shoes,,,,
E00005733,click,U00974,S0002093,2026-08-06 06:12:14,Australia,mobile,ios,1.0,recommendation_v2_test,control,running shoes,P005,,,
E00005734,app_open,U00974,S0002094,2026-08-05 20:47:00,Australia,mobile,ios,1.0,recommendation_v2_test,control,,,,,
E00005735,search,U00974,S0002094,2026-08-05 20:47:55,Australia,mobile,ios,1.0,recommendation_v2_test,control,watch,,,,
E00005736,app_open,U00974,S0002095,2026-08-01 11:48:00,Australia,mobile,ios,1.0,recommendation_v2_test,control,,,,,
E00005737,app_open,U00974,S0002096,2026-08-13 19:12:00,Australia,mobile,ios,1.0,recommendation_v2_test,control,,,,,
E00005738,search,U00974,S0002096,2026-08-13 19:12:25,Australia,mobile,ios,1.0,recommendation_v2_test,control,sunscreen,,,,
E00005739,app_open,U00975,S0002097,2026-08-12 20:38:00,UK,desktop,ios,1.0,recommendation_v2_test,control,,,,,
E00005740,search,U00975,S0002097,2026-08-12 20:38:40,UK,desktop,ios,1.0,recommendation_v2_test,control,black tshirt,,,,
E00005741,app_open,U00975,S0002098,2026-08-03 05:15:00,UK,desktop,ios,1.0,recommendation_v2_test,control,,,,,
E00005742,search,U00975,S0002098,2026-08-03 05:15:06,UK,desktop,ios,1.0,recommendation_v2_test,control,watch,,,,
E00005743,click,U00975,S0002098,2026-08-03 05:15:49,UK,desktop,ios,1.0,recommendation_v2_test,control,watch,P006,,,
E00005744,app_open,U00975,S0002099,2026-08-07 03:08:00,UK,desktop,ios,1.0,recommendation_v2_test,control,,,,,
E00005745,search,U00975,S0002099,2026-08-07 03:08:19,UK,desktop,ios,1.0,recommendation_v2_test,control,watch,,,,
E00005746,click,U00975,S0002099,2026-08-07 03:10:13,UK,desktop,ios,1.0,recommendation_v2_test,control,watch,P002,,,
E00005747,app_open,U00976,S0002100,2026-08-09 17:29:00,UK,desktop,web,1.0,recommendation_v2_test,control,,,,,
E00005748,search,U00976,S0002100,2026-08-09 17:29:36,UK,desktop,web,1.0,recommendation_v2_test,control,sunscreen,,,,
E00005749,app_open,U00977,S0002101,2026-08-01 02:16:00,Germany,mobile,web,1.1,recommendation_v2_test,control,,,,,
E00005750,search,U00977,S0002101,2026-08-01 02:16:30,Germany,mobile,web,1.1,recommendation_v2_test,control,running shoes,,,,
E00005751,click,U00977,S0002101,2026-08-01 02:16:46,Germany,mobile,web,1.1,recommendation_v2_test,control,running shoes,P003,,,
E00005752,app_open,U00977,S0002102,2026-08-06 05:49:00,Germany,mobile,web,1.1,recommendation_v2_test,control,,,,,
E00005753,search,U00977,S0002102,2026-08-06 05:49:42,Germany,mobile,web,1.1,recommendation_v2_test,control,running shoes,,,,
E00005754,click,U00977,S0002102,2026-08-06 05:50:31,Germany,mobile,web,1.1,recommendation_v2_test,control,running shoes,P003,,,
E00005755,app_open,U00977,S0002103,2026-08-10 10:26:00,Germany,mobile,web,1.1,recommendation_v2_test,control,,,,,
E00005756,app_open,U00978,S0002104,2026-08-01 05:53:00,India,tablet,web,1.0,recommendation_v2_test,control,,,,,
E00005757,search,U00978,S0002104,2026-08-01 05:53:48,India,tablet,web,1.0,recommendation_v2_test,control,sunscreen,,,,
E00005758,click,U00978,S0002104,2026-08-01 05:55:47,India,tablet,web,1.0,recommendation_v2_test,control,sunscreen,P004,,,
E00005759,app_open,U00978,S0002105,2026-08-09 07:37:00,India,tablet,web,1.0,recommendation_v2_test,control,,,,,
E00005760,search,U00978,S0002105,2026-08-09 07:37:42,India,tablet,web,1.0,recommendation_v2_test,control,running shoes,,,,
E00005761,app_open,U00978,S0002106,2026-08-08 03:21:00,India,tablet,web,1.0,recommendation_v2_test,control,,,,,
E00005762,search,U00978,S0002106,2026-08-08 03:21:29,India,tablet,web,1.0,recommendation_v2_test,control,sunscreen,,,,
E00005763,app_open,U00979,S0002107,2026-08-12 23:09:00,UK,mobile,web,1.0,recommendation_v2_test,treatment,,,,,
E00005764,search,U00979,S0002107,2026-08-12 23:09:08,UK,mobile,web,1.0,recommendation_v2_test,treatment,sports shoes,,,,
E00005765,app_open,U00980,S0002108,2026-08-10 13:58:00,India,desktop,android,1.0,recommendation_v2_test,control,,,,,
E00005766,search,U00980,S0002108,2026-08-10 13:58:56,India,desktop,android,1.0,recommendation_v2_test,control,running shoes,,,,
E00005767,click,U00980,S0002108,2026-08-10 14:00:19,India,desktop,android,1.0,recommendation_v2_test,control,running shoes,P005,,,
E00005768,app_open,U00980,S0002109,2026-08-13 04:52:00,India,desktop,android,1.0,recommendation_v2_test,control,,,,,
E00005769,search,U00980,S0002109,2026-08-13 04:52:23,India,desktop,android,1.0,recommendation_v2_test,control,running shoes,,,,
E00005770,click,U00980,S0002109,2026-08-13 04:53:16,India,desktop,android,1.0,recommendation_v2_test,control,running shoes,P006,,,
E00005771,app_open,U00980,S0002110,2026-08-11 05:43:00,India,desktop,android,1.0,recommendation_v2_test,control,,,,,
E00005772,search,U00980,S0002110,2026-08-11 05:43:05,India,desktop,android,1.0,recommendation_v2_test,control,watch,,,,
E00005773,click,U00980,S0002110,2026-08-11 05:45:02,India,desktop,android,1.0,recommendation_v2_test,control,watch,P005,,,
E00005774,add_to_cart,U00980,S0002110,2026-08-11 05:46:44,India,desktop,android,1.0,recommendation_v2_test,control,watch,P005,1.0,1573.41,
E00005775,purchase,U00980,S0002110,2026-08-11 05:51:34,India,desktop,android,1.0,recommendation_v2_test,control,watch,P005,1.0,1573.41,O0000131
E00005776,app_open,U00981,S0002111,2026-08-09 16:59:00,Germany,desktop,ios,1.0,recommendation_v2_test,treatment,,,,,
E00005777,search,U00981,S0002111,2026-08-09 16:59:42,Germany,desktop,ios,1.0,recommendation_v2_test,treatment,running shoes,,,,
E00005778,click,U00981,S0002111,2026-08-09 17:01:20,Germany,desktop,ios,1.0,recommendation_v2_test,treatment,running shoes,P003,,,
E00005779,app_open,U00981,S0002112,2026-08-02 17:24:00,Germany,desktop,ios,1.0,recommendation_v2_test,treatment,,,,,
E00005780,search,U00981,S0002112,2026-08-02 17:24:52,Germany,desktop,ios,1.0,recommendation_v2_test,treatment,watch,,,,
E00005781,app_open,U00981,S0002113,2026-08-02 06:57:00,Germany,desktop,ios,1.0,recommendation_v2_test,treatment,,,,,
E00005782,app_open,U00982,S0002114,2026-08-06 17:08:00,Australia,desktop,ios,1.1,recommendation_v2_test,treatment,,,,,
E00005783,search,U00982,S0002114,2026-08-06 17:08:35,Australia,desktop,ios,1.1,recommendation_v2_test,treatment,black tshirt,,,,
E00005784,click,U00982,S0002114,2026-08-06 17:10:20,Australia,desktop,ios,1.1,recommendation_v2_test,treatment,black tshirt,P006,,,
E00005785,app_open,U00983,S0002115,2026-08-12 17:46:00,Australia,mobile,android,1.0,recommendation_v2_test,treatment,,,,,
E00005786,app_open,U00983,S0002116,2026-08-04 13:52:00,Australia,mobile,android,1.0,recommendation_v2_test,treatment,,,,,
E00005787,search,U00983,S0002116,2026-08-04 13:52:16,Australia,mobile,android,1.0,recommendation_v2_test,treatment,running shoes,,,,
E00005788,click,U00983,S0002116,2026-08-04 13:52:22,Australia,mobile,android,1.0,recommendation_v2_test,treatment,running shoes,P003,,,
E00005789,app_open,U00984,S0002117,2026-08-04 01:22:00,India,tablet,ios,1.1,recommendation_v2_test,treatment,,,,,
E00005790,search,U00984,S0002117,2026-08-04 01:22:05,India,tablet,ios,1.1,recommendation_v2_test,treatment,sunscreen,,,,
E00005791,click,U00984,S0002117,2026-08-04 01:22:22,India,tablet,ios,1.1,recommendation_v2_test,treatment,sunscreen,P001,,,
E00005792,app_open,U00985,S0002118,2026-08-12 20:34:00,Australia,desktop,ios,1.0,recommendation_v2_test,treatment,,,,,
E00005793,search,U00985,S0002118,2026-08-12 20:34:52,Australia,desktop,ios,1.0,recommendation_v2_test,treatment,watch,,,,
E00005794,click,U00985,S0002118,2026-08-12 20:36:22,Australia,desktop,ios,1.0,recommendation_v2_test,treatment,watch,P002,,,
E00005795,app_open,U00985,S0002119,2026-08-02 01:26:00,Australia,desktop,ios,1.0,recommendation_v2_test,treatment,,,,,
E00005796,search,U00985,S0002119,2026-08-02 01:26:16,Australia,desktop,ios,1.0,recommendation_v2_test,treatment,running shoes,,,,
E00005797,click,U00985,S0002119,2026-08-02 01:26:43,Australia,desktop,ios,1.0,recommendation_v2_test,treatment,running shoes,P006,,,
E00005798,add_to_cart,U00985,S0002119,2026-08-02 01:27:51,Australia,desktop,ios,1.0,recommendation_v2_test,treatment,running shoes,P006,1.0,2128.17,
E00005799,purchase,U00985,S0002119,2026-08-02 01:30:58,Australia,desktop,ios,1.0,recommendation_v2_test,treatment,running shoes,P006,1.0,2128.17,O0000132
E00005800,app_open,U00985,S0002120,2026-08-03 05:47:00,Australia,desktop,ios,1.0,recommendation_v2_test,treatment,,,,,
E00005801,search,U00985,S0002120,2026-08-03 05:47:29,Australia,desktop,ios,1.0,recommendation_v2_test,treatment,black tshirt,,,,
E00005802,click,U00985,S0002120,2026-08-03 05:49:28,Australia,desktop,ios,1.0,recommendation_v2_test,treatment,black tshirt,P003,,,
E00005803,add_to_cart,U00985,S0002120,2026-08-03 05:52:14,Australia,desktop,ios,1.0,recommendation_v2_test,treatment,black tshirt,P003,1.0,2080.4,
E00005804,app_open,U00985,S0002121,2026-08-08 07:51:00,Australia,desktop,ios,1.0,recommendation_v2_test,treatment,,,,,
E00005805,search,U00985,S0002121,2026-08-08 07:51:50,Australia,desktop,ios,1.0,recommendation_v2_test,treatment,black tshirt,,,,
E00005806,click,U00985,S0002121,2026-08-08 07:53:29,Australia,desktop,ios,1.0,recommendation_v2_test,treatment,black tshirt,P004,,,
E00005807,app_open,U00985,S0002122,2026-08-06 08:02:00,Australia,desktop,ios,1.0,recommendation_v2_test,treatment,,,,,
E00005808,search,U00985,S0002122,2026-08-06 08:02:47,Australia,desktop,ios,1.0,recommendation_v2_test,treatment,watch,,,,
E00005809,click,U00985,S0002122,2026-08-06 08:04:07,Australia,desktop,ios,1.0,recommendation_v2_test,treatment,watch,P001,,,
E00005810,app_open,U00986,S0002123,2026-08-14 21:34:00,India,desktop,web,1.0,recommendation_v2_test,treatment,,,,,
E00005811,search,U00986,S0002123,2026-08-14 21:34:05,India,desktop,web,1.0,recommendation_v2_test,treatment,running shoes,,,,
E00005812,click,U00986,S0002123,2026-08-14 21:35:27,India,desktop,web,1.0,recommendation_v2_test,treatment,running shoes,P003,,,
E00005813,add_to_cart,U00986,S0002123,2026-08-14 21:36:32,India,desktop,web,1.0,recommendation_v2_test,treatment,running shoes,P003,1.0,5354.41,
E00005814,app_open,U00987,S0002124,2026-08-10 17:10:00,Germany,tablet,web,1.1,recommendation_v2_test,treatment,,,,,
E00005815,search,U00987,S0002124,2026-08-10 17:10:10,Germany,tablet,web,1.1,recommendation_v2_test,treatment,sports shoes,,,,
E00005816,click,U00987,S0002124,2026-08-10 17:10:20,Germany,tablet,web,1.1,recommendation_v2_test,treatment,sports shoes,P001,,,
E00005817,app_open,U00987,S0002125,2026-08-09 22:25:00,Germany,tablet,web,1.1,recommendation_v2_test,treatment,,,,,
E00005818,search,U00987,S0002125,2026-08-09 22:25:47,Germany,tablet,web,1.1,recommendation_v2_test,treatment,black tshirt,,,,
E00005819,app_open,U00988,S0002126,2026-08-06 18:21:00,Germany,mobile,web,1.0,recommendation_v2_test,treatment,,,,,
E00005820,search,U00988,S0002126,2026-08-06 18:21:43,Germany,mobile,web,1.0,recommendation_v2_test,treatment,sunscreen,,,,
E00005821,app_open,U00988,S0002127,2026-08-03 08:54:00,Germany,mobile,web,1.0,recommendation_v2_test,treatment,,,,,
E00005822,search,U00988,S0002127,2026-08-03 08:54:19,Germany,mobile,web,1.0,recommendation_v2_test,treatment,sports shoes,,,,
E00005823,click,U00988,S0002127,2026-08-03 08:54:51,Germany,mobile,web,1.0,recommendation_v2_test,treatment,sports shoes,P001,,,
E00005824,add_to_cart,U00988,S0002127,2026-08-03 08:56:56,Germany,mobile,web,1.0,recommendation_v2_test,treatment,sports shoes,P001,1.0,697.74,
E00005825,app_open,U00989,S0002128,2026-08-10 23:02:00,UK,tablet,ios,1.0,recommendation_v2_test,treatment,,,,,
E00005826,search,U00989,S0002128,2026-08-10 23:02:55,UK,tablet,ios,1.0,recommendation_v2_test,treatment,running shoes,,,,
E00005827,click,U00989,S0002128,2026-08-10 23:03:22,UK,tablet,ios,1.0,recommendation_v2_test,treatment,running shoes,P002,,,
E00005828,app_open,U00990,S0002129,2026-08-13 07:21:00,Germany,tablet,android,1.1,recommendation_v2_test,control,,,,,
E00005829,search,U00990,S0002129,2026-08-13 07:21:10,Germany,tablet,android,1.1,recommendation_v2_test,control,sports shoes,,,,
E00005830,app_open,U00990,S0002130,2026-08-07 22:33:00,Germany,tablet,android,1.1,recommendation_v2_test,control,,,,,
E00005831,search,U00990,S0002130,2026-08-07 22:33:31,Germany,tablet,android,1.1,recommendation_v2_test,control,black tshirt,,,,
E00005832,click,U00990,S0002130,2026-08-07 22:34:31,Germany,tablet,android,1.1,recommendation_v2_test,control,black tshirt,P002,,,
E00005833,add_to_cart,U00990,S0002130,2026-08-07 22:37:20,Germany,tablet,android,1.1,recommendation_v2_test,control,black tshirt,P002,1.0,4522.63,
E00005834,purchase,U00990,S0002130,2026-08-07 22:38:43,Germany,tablet,android,1.1,recommendation_v2_test,control,black tshirt,P002,1.0,4522.63,O0000133
E00005835,app_open,U00991,S0002131,2026-08-02 20:37:00,Germany,mobile,android,1.1,recommendation_v2_test,control,,,,,
E00005836,search,U00991,S0002131,2026-08-02 20:37:43,Germany,mobile,android,1.1,recommendation_v2_test,control,sunscreen,,,,
E00005837,click,U00991,S0002131,2026-08-02 20:38:12,Germany,mobile,android,1.1,recommendation_v2_test,control,sunscreen,P004,,,
E00005838,add_to_cart,U00991,S0002131,2026-08-02 20:40:07,Germany,mobile,android,1.1,recommendation_v2_test,control,sunscreen,P004,1.0,1391.57,
E00005839,app_open,U00991,S0002132,2026-08-07 13:39:00,Germany,mobile,android,1.1,recommendation_v2_test,control,,,,,
E00005840,search,U00991,S0002132,2026-08-07 13:39:27,Germany,mobile,android,1.1,recommendation_v2_test,control,watch,,,,
E00005841,click,U00991,S0002132,2026-08-07 13:40:26,Germany,mobile,android,1.1,recommendation_v2_test,control,watch,P001,,,
E00005842,add_to_cart,U00991,S0002132,2026-08-07 13:43:01,Germany,mobile,android,1.1,recommendation_v2_test,control,watch,P001,1.0,1229.99,
E00005843,app_open,U00992,S0002133,2026-08-07 11:41:00,Australia,mobile,ios,1.1,recommendation_v2_test,control,,,,,
E00005844,app_open,U00992,S0002134,2026-08-10 13:38:00,Australia,mobile,ios,1.1,recommendation_v2_test,control,,,,,
E00005845,search,U00992,S0002134,2026-08-10 13:38:52,Australia,mobile,ios,1.1,recommendation_v2_test,control,running shoes,,,,
E00005846,app_open,U00992,S0002135,2026-08-03 15:57:00,Australia,mobile,ios,1.1,recommendation_v2_test,control,,,,,
E00005847,app_open,U00992,S0002136,2026-08-09 19:30:00,Australia,mobile,ios,1.1,recommendation_v2_test,control,,,,,
E00005848,search,U00992,S0002136,2026-08-09 19:30:57,Australia,mobile,ios,1.1,recommendation_v2_test,control,sports shoes,,,,
E00005849,app_open,U00993,S0002137,2026-08-10 10:57:00,India,mobile,web,1.0,recommendation_v2_test,treatment,,,,,
E00005850,search,U00993,S0002137,2026-08-10 10:57:19,India,mobile,web,1.0,recommendation_v2_test,treatment,running shoes,,,,
E00005851,click,U00993,S0002137,2026-08-10 10:58:37,India,mobile,web,1.0,recommendation_v2_test,treatment,running shoes,P002,,,
E00005852,app_open,U00993,S0002138,2026-08-04 11:29:00,India,mobile,web,1.0,recommendation_v2_test,treatment,,,,,
E00005853,search,U00993,S0002138,2026-08-04 11:29:22,India,mobile,web,1.0,recommendation_v2_test,treatment,watch,,,,
E00005854,click,U00993,S0002138,2026-08-04 11:30:52,India,mobile,web,1.0,recommendation_v2_test,treatment,watch,P002,,,
E00005855,app_open,U00994,S0002139,2026-08-12 21:57:00,UK,mobile,android,1.0,recommendation_v2_test,control,,,,,
E00005856,search,U00994,S0002139,2026-08-12 21:57:24,UK,mobile,android,1.0,recommendation_v2_test,control,black tshirt,,,,
E00005857,click,U00994,S0002139,2026-08-12 21:58:02,UK,mobile,android,1.0,recommendation_v2_test,control,black tshirt,P002,,,
E00005858,app_open,U00995,S0002140,2026-08-11 11:17:00,Germany,desktop,web,1.0,recommendation_v2_test,control,,,,,
E00005859,search,U00995,S0002140,2026-08-11 11:17:15,Germany,desktop,web,1.0,recommendation_v2_test,control,watch,,,,
E00005860,app_open,U00996,S0002141,2026-08-09 18:29:00,UK,desktop,android,1.0,recommendation_v2_test,treatment,,,,,
E00005861,search,U00996,S0002141,2026-08-09 18:29:41,UK,desktop,android,1.0,recommendation_v2_test,treatment,sports shoes,,,,
E00005862,click,U00996,S0002141,2026-08-09 18:30:49,UK,desktop,android,1.0,recommendation_v2_test,treatment,sports shoes,P001,,,
E00005863,app_open,U00996,S0002142,2026-08-04 10:49:00,UK,desktop,android,1.0,recommendation_v2_test,treatment,,,,,
E00005864,search,U00996,S0002142,2026-08-04 10:49:05,UK,desktop,android,1.0,recommendation_v2_test,treatment,sunscreen,,,,
E00005865,app_open,U00997,S0002143,2026-08-04 23:38:00,India,tablet,web,1.0,recommendation_v2_test,treatment,,,,,
E00005866,search,U00997,S0002143,2026-08-04 23:38:14,India,tablet,web,1.0,recommendation_v2_test,treatment,sunscreen,,,,
E00005867,click,U00997,S0002143,2026-08-04 23:38:39,India,tablet,web,1.0,recommendation_v2_test,treatment,sunscreen,P006,,,
E00005868,add_to_cart,U00997,S0002143,2026-08-04 23:40:38,India,tablet,web,1.0,recommendation_v2_test,treatment,sunscreen,P006,1.0,1896.36,
E00005869,app_open,U00998,S0002144,2026-08-11 10:11:00,India,mobile,ios,1.1,recommendation_v2_test,treatment,,,,,
E00005870,search,U00998,S0002144,2026-08-11 10:11:25,India,mobile,ios,1.1,recommendation_v2_test,treatment,black tshirt,,,,
E00005871,click,U00998,S0002144,2026-08-11 10:12:59,India,mobile,ios,1.1,recommendation_v2_test,treatment,black tshirt,P003,,,
E00005872,add_to_cart,U00998,S0002144,2026-08-11 10:14:10,India,mobile,ios,1.1,recommendation_v2_test,treatment,black tshirt,P003,1.0,1447.06,
E00005873,app_open,U00998,S0002145,2026-08-02 06:32:00,India,mobile,ios,1.1,recommendation_v2_test,treatment,,,,,
E00005874,app_open,U00998,S0002146,2026-08-09 11:26:00,India,mobile,ios,1.1,recommendation_v2_test,treatment,,,,,
E00005875,search,U00998,S0002146,2026-08-09 11:26:28,India,mobile,ios,1.1,recommendation_v2_test,treatment,running shoes,,,,
E00005876,click,U00998,S0002146,2026-08-09 11:28:20,India,mobile,ios,1.1,recommendation_v2_test,treatment,running shoes,P002,,,
E00005877,app_open,U00998,S0002147,2026-08-03 10:14:00,India,mobile,ios,1.1,recommendation_v2_test,treatment,,,,,
E00005878,search,U00998,S0002147,2026-08-03 10:14:46,India,mobile,ios,1.1,recommendation_v2_test,treatment,sunscreen,,,,
E00005879,click,U00998,S0002147,2026-08-03 10:15:49,India,mobile,ios,1.1,recommendation_v2_test,treatment,sunscreen,P002,,,
E00005880,add_to_cart,U00998,S0002147,2026-08-03 10:16:58,India,mobile,ios,1.1,recommendation_v2_test,treatment,sunscreen,P002,1.0,5473.0,
E00005881,app_open,U00999,S0002148,2026-08-06 15:44:00,UK,mobile,ios,1.1,recommendation_v2_test,control,,,,,
E00005882,search,U00999,S0002148,2026-08-06 15:44:09,UK,mobile,ios,1.1,recommendation_v2_test,control,watch,,,,
E00005883,app_open,U01000,S0002149,2026-08-02 04:24:00,UK,mobile,web,1.0,recommendation_v2_test,control,,,,,
E00005884,search,U01000,S0002149,2026-08-02 04:24:18,UK,mobile,web,1.0,recommendation_v2_test,control,watch,,,,
E00005885,click,U01000,S0002149,2026-08-02 04:25:32,UK,mobile,web,1.0,recommendation_v2_test,control,watch,P003,,,
