user_id,country,device_type,platform,app_version,budget_sensitivity,quality_preference,purchase_propensity,experiment_id,experiment_group
U00001,India,tablet,ios,1.0,0.8585979199113825,0.6973680290593639,0.10179754133820723,recommendation_v2_test,control
U00002,Germany,tablet,web,1.1,0.7860643052769538,0.12811363267554587,0.2977122658425619,recommendation_v2_test,treatment
U00003,Germany,desktop,android,1.1,0.6438651200806645,0.82276161327083,0.2938778093550321,recommendation_v2_test,control
U00004,UK,mobile,android,1.1,0.06381725610417532,0.8276311719925821,0.3974154195171356,recommendation_v2_test,control
U00005,India,tablet,web,1.0,0.9706980243949033,0.8931211213221977,0.478110923390569,recommendation_v2_test,control
U00006,Australia,mobile,ios,1.0,0.04380376578722878,0.15428949206754783,0.42567692428334997,recommendation_v2_test,control
U00007,Australia,tablet,ios,1.1,0.32582535813815194,0.3704597060348689,0.3082556962016943,recommendation_v2_test,control
U00008,Australia,mobile,ios,1.0,0.47570492622593374,0.2269093490508841,0.41839769707538066,recommendation_v2_test,control
U00009,Australia,desktop,android,1.1,0.7002651020022491,0.31236664138204107,0.5077428907673606,recommendation_v2_test,control
U00010,UK,tablet,web,1.0,0.2883281039302441,0.6824955039749755,0.1268638659851204,recommendation_v2_test,treatment
U00011,Australia,mobile,web,1.0,0.7869243775021384,0.6648508565920321,0.43784095824448427,recommendation_v2_test,treatment
U00012,UK,tablet,ios,1.0,0.5687411959528937,0.13979699812765745,0.11299154044478539,recommendation_v2_test,control
U00013,UK,tablet,ios,1.0,0.5652361064811888,0.7649988574160256,0.3990950760003249,recommendation_v2_test,treatment
U00014,Germany,desktop,android,1.1,0.3039500980626122,0.030817834567939406,0.29019456407779926,recommendation_v2_test,control
U00015,Australia,mobile,android,1.0,0.8534030732681661,0.23393948586534075,0.08206650792898632,recommendation_v2_test,treatment
U00016,Australia,mobile,web,1.0,0.6619165147268951,0.5570321523412783,0.4811440150085274,recommendation_v2_test,treatment
U00017,Australia,desktop,ios,1.0,0.8140203846660347,0.1669729199077039,0.06249164022362326,recommendation_v2_test,treatment
U00018,India,mobile,web,1.1,0.4618772302513874,0.1612717790336018,0.3255746263068499,recommendation_v2_test,treatment
U00019,Australia,mobile,ios,1.1,0.4461562755740307,0.3810212260964825,0.21583164903133206,recommendation_v2_test,control
U00020,Germany,desktop,ios,1.0,0.087649919316101,0.11800590212051532,0.579043715502233,recommendation_v2_test,treatment
U00021,UK,tablet,ios,1.1,0.2658699614595196,0.9691763773477239,0.47831299718118697,recommendation_v2_test,treatment
U00022,UK,tablet,web,1.0,0.272241561845159,0.0963909621534993,0.5464313180991128,recommendation_v2_test,treatment
U00023,India,desktop,web,1.0,0.3059566241506525,0.579219568941896,0.14722503061657743,recommendation_v2_test,control
U00024,UK,tablet,android,1.1,0.7194629559509368,0.4320930397751037,0.3950198623863437,recommendation_v2_test,treatment
U00025,India,desktop,android,1.1,0.08444432113988909,0.41580740217060963,0.07288779562404087,recommendation_v2_test,treatment
U00026,India,desktop,android,1.0,0.1445241888660469,0.10340296772255164,0.3732045146977416,recommendation_v2_test,treatment
U00027,Australia,mobile,android,1.1,0.581061139700395,0.34686980453483707,0.3750035203147792,recommendation_v2_test,control
U00028,UK,mobile,android,1.1,0.48230343694290023,0.7827352272502862,0.09550149995734121,recommendation_v2_test,treatment
U00029,UK,desktop,web,1.0,0.9378264549749828,0.5717280523760754,0.31041917058132457,recommendation_v2_test,treatment
U00030,Australia,mobile,web,1.0,0.5206724024715378,0.4389114603050467,0.06188664393418174,recommendation_v2_test,control
U00031,UK,tablet,android,1.1,0.14024908899861077,0.5540361435390494,0.10971665762449395,recommendation_v2_test,control
U00032,Germany,tablet,android,1.0,0.6594226346919018,0.7269946142868826,0.4727561205547113,recommendation_v2_test,treatment
U00033,UK,mobile,ios,1.1,0.23021399089488082,0.03741255617617978,0.3551688581653158,recommendation_v2_test,treatment
U00034,Germany,desktop,android,1.1,0.8082514720643018,0.31713889282271535,0.5740946672883597,recommendation_v2_test,control
U00035,Germany,mobile,ios,1.1,0.25596509056760275,0.9360435700489633,0.14053429967010997,recommendation_v2_test,treatment
U00036,Germany,mobile,android,1.0,0.992375564055837,0.891677266254914,0.461734410701322,recommendation_v2_test,treatment
U00037,Australia,tablet,android,1.1,0.5188583603864491,0.315929051830793,0.47460683766104333,recommendation_v2_test,treatment
U00038,UK,desktop,ios,1.0,0.09446666806151527,0.746789611349026,0.19435328375757555,recommendation_v2_test,control
U00039,India,tablet,web,1.0,0.12275793241148603,0.8311126721249061,0.1343063741434717,recommendation_v2_test,treatment
U00040,Germany,mobile,ios,1.1,0.8745620408374645,0.19643466571457324,0.2206780200950521,recommendation_v2_test,control
U00041,Australia,tablet,android,1.1,0.5007411862023423,0.14389750255125078,0.05766495823951085,recommendation_v2_test,treatment
U00042,India,mobile,android,1.0,0.6776586736128575,0.12183250462853112,0.3284814623913481,recommendation_v2_test,control
U00043,Australia,tablet,web,1.1,0.19977565166005762,0.8041245261822627,0.44347392128869084,recommendation_v2_test,treatment
U00044,India,tablet,web,1.0,0.12375380365034461,0.9275625510065076,0.2686680066037173,recommendation_v2_test,treatment
U00045,Australia,mobile,android,1.0,0.6628642127635824,0.9556232570469699,0.20754542478513022,recommendation_v2_test,treatment
U00046,Australia,tablet,ios,1.0,0.5551980423268247,0.6339751116810851,0.10824357206291431,recommendation_v2_test,treatment
U00047,Germany,mobile,web,1.0,0.9662319121431817,0.5960425532343728,0.5631627718801162,recommendation_v2_test,treatment
U00048,Germany,tablet,ios,1.0,0.7847634492521874,0.017836783976987736,0.11002919822115421,recommendation_v2_test,control
U00049,UK,tablet,android,1.1,0.2326407419664337,0.5307695905990535,0.38330870138500595,recommendation_v2_test,treatment
U00050,Australia,tablet,web,1.1,0.4125715692736803,0.3741840434071827,0.2842351475054304,recommendation_v2_test,treatment
U00051,India,desktop,web,1.1,0.45389688207629975,0.24783956295135812,0.1801642996486696,recommendation_v2_test,treatment
U00052,Australia,tablet,web,1.1,0.10527807985412496,0.06655885695517816,0.3769385150660484,recommendation_v2_test,treatment
U00053,UK,mobile,android,1.1,0.31033467392407443,0.14387193297114265,0.5565337598680976,recommendation_v2_test,treatment
U00054,Germany,mobile,android,1.0,0.15361339519205863,0.11549006366535497,0.06163140898504202,recommendation_v2_test,treatment
U00055,Germany,mobile,android,1.0,0.05338193262717539,0.5911438161109712,0.42439298973972844,recommendation_v2_test,treatment
U00056,Australia,desktop,web,1.0,0.5045262370222301,0.8750049422346086,0.5181223947522132,recommendation_v2_test,treatment
U00057,Germany,mobile,ios,1.0,0.23674487110439602,0.24938757583221183,0.36417795845852496,recommendation_v2_test,control
U00058,Australia,desktop,android,1.0,0.3736141384595716,0.5237529487176372,0.10591954659704378,recommendation_v2_test,treatment
U00059,India,tablet,android,1.0,0.9248418690180621,0.0991131415798755,0.513966223378764,recommendation_v2_test,treatment
U00060,Australia,tablet,android,1.1,0.8020258802735936,0.7794775407713289,0.40336580179755116,recommendation_v2_test,control
U00061,Germany,tablet,web,1.0,0.5360680359476373,0.5142228701904145,0.5216646792674066,recommendation_v2_test,control
U00062,Australia,desktop,web,1.0,0.6395632712371101,0.26646331750084606,0.12687262602467628,recommendation_v2_test,control
U00063,UK,desktop,android,1.0,0.2325699405288737,0.367511810115128,0.25151584740443605,recommendation_v2_test,treatment
U00064,Germany,mobile,ios,1.0,0.6857433454559454,0.2968764745712853,0.5718718596934372,recommendation_v2_test,treatment
U00065,Germany,tablet,web,1.0,0.3283612050046888,0.5354347898300031,0.5167082688254935,recommendation_v2_test,control
U00066,UK,desktop,android,1.1,0.5327222760657402,0.6329176292676207,0.20848558780035392,recommendation_v2_test,control
U00067,India,tablet,android,1.0,0.6947981288184982,0.8607190683258941,0.12265656051584915,recommendation_v2_test,treatment
U00068,Australia,desktop,ios,1.0,0.7257156282714269,0.08449321882352023,0.5647669024853443,recommendation_v2_test,treatment
U00069,Germany,mobile,web,1.1,0.8008841760850967,0.5936820044663541,0.4804432575462507,recommendation_v2_test,treatment
U00070,Australia,tablet,web,1.1,0.2533833538391872,0.5900758953583092,0.10227705866042067,recommendation_v2_test,treatment
U00071,Germany,desktop,android,1.0,0.5649506114724419,0.5724305140338497,0.306291834139675,recommendation_v2_test,treatment
U00072,Germany,desktop,web,1.1,0.7992447165120666,0.4921532155754291,0.3797763928374367,recommendation_v2_test,treatment
U00073,India,tablet,web,1.0,0.1171035659001105,0.08770901191076841,0.4118248067722903,recommendation_v2_test,control
U00074,Germany,desktop,web,1.1,0.6712314133085926,0.33363775832823817,0.5441016010488446,recommendation_v2_test,control
U00075,Australia,tablet,ios,1.0,0.364192017772054,0.3144399802042629,0.13668640674374982,recommendation_v2_test,treatment
U00076,Australia,mobile,android,1.1,0.43790403719875326,0.38331982277740984,0.4513271397725578,recommendation_v2_test,treatment
U00077,India,desktop,web,1.1,0.7803014939093922,0.47936956412454035,0.2569977104144544,recommendation_v2_test,treatment
U00078,Germany,tablet,android,1.1,0.9511946600038411,0.11847857721704136,0.5177935235549304,recommendation_v2_test,control
U00079,Australia,desktop,android,1.0,0.5882579999692207,0.6860963651054488,0.056766477238731565,recommendation_v2_test,treatment
U00080,India,desktop,web,1.1,0.29535902534408986,0.4585480817985511,0.29327276988734124,recommendation_v2_test,treatment
U00081,India,mobile,ios,1.1,0.7812940354315159,0.1105884109961105,0.5983690618106652,recommendation_v2_test,treatment
U00082,India,tablet,web,1.0,0.8368965796609382,0.10641953187138287,0.5995076017608313,recommendation_v2_test,treatment
U00083,India,desktop,android,1.1,0.09044072698413275,0.8970333988966253,0.06594972676245818,recommendation_v2_test,control
U00084,India,mobile,ios,1.0,0.7767679406922186,0.19820422721289788,0.5508510249219869,recommendation_v2_test,control
U00085,UK,desktop,web,1.0,0.0054298341287004614,0.051657917014398924,0.3832588477062502,recommendation_v2_test,control
U00086,Australia,tablet,web,1.0,0.849408842923073,0.057231940153260386,0.49053011950292186,recommendation_v2_test,control
U00087,Australia,tablet,android,1.1,0.6981207839786372,0.8379802186553831,0.07208321475088653,recommendation_v2_test,control
U00088,UK,mobile,android,1.0,0.5045309901929865,0.7451881283288445,0.39650651451701924,recommendation_v2_test,control
U00089,India,tablet,ios,1.0,0.7346210919351616,0.1930414908689041,0.19891731322479012,recommendation_v2_test,treatment
U00090,India,tablet,ios,1.1,0.6115436059770696,0.054500314991295595,0.38896993346014297,recommendation_v2_test,control
U00091,India,mobile,android,1.1,0.7095782851006207,0.17312784642250323,0.10044655320330893,recommendation_v2_test,control
U00092,Australia,mobile,ios,1.1,0.4585606424584898,0.784080948341408,0.4000245881592772,recommendation_v2_test,treatment
U00093,Australia,desktop,ios,1.0,0.9460244535580951,0.30134263251471793,0.36790946869414815,recommendation_v2_test,control
U00094,Germany,tablet,android,1.1,0.9405944096955184,0.148438989920058,0.3295940061458181,recommendation_v2_test,control
U00095,Germany,desktop,web,1.0,0.11921752619774462,0.13409460987276534,0.20294155017969157,recommendation_v2_test,treatment
U00096,India,mobile,ios,1.0,0.6109875470366283,0.634629117418263,0.27649599312206363,recommendation_v2_test,control
U00097,India,desktop,web,1.0,0.5883062484090082,0.3170409113172379,0.06983290885255003,recommendation_v2_test,control
U00098,UK,desktop,ios,1.0,0.22559286820421098,0.5724579331221157,0.3611745452375565,recommendation_v2_test,treatment
U00099,Germany,tablet,ios,1.1,0.6524330565210316,0.3162141518240431,0.4830877220922746,recommendation_v2_test,treatment
U00100,UK,desktop,android,1.0,0.6260124809410571,0.3606573344502543,0.332006584533717,recommendation_v2_test,control
U00101,Australia,tablet,ios,1.1,0.9210571972951916,0.5036329251830992,0.33615131310731294,recommendation_v2_test,treatment
U00102,UK,tablet,android,1.0,0.8373823623450686,0.4941416465174234,0.1137211983843976,recommendation_v2_test,treatment
U00103,India,mobile,web,1.1,0.0555679169068779,0.2806114361336559,0.23377152227585019,recommendation_v2_test,control
U00104,UK,mobile,web,1.0,0.7426925667250857,0.014682843560070769,0.5049453834863775,recommendation_v2_test,control
U00105,Germany,tablet,ios,1.0,0.1536128990606348,0.6008404079450809,0.11581990572569188,recommendation_v2_test,control
U00106,Germany,desktop,ios,1.1,0.9954644725836371,0.7721048913545856,0.2210288304564214,recommendation_v2_test,control
U00107,Australia,tablet,android,1.1,0.38784169516364975,0.6408886345861594,0.05590020473662194,recommendation_v2_test,treatment
U00108,Germany,mobile,web,1.1,0.16375130425829587,0.16590686787653364,0.5099673598026309,recommendation_v2_test,control
U00109,Australia,tablet,web,1.1,0.8390697308817134,0.9903216643262726,0.1278777387128261,recommendation_v2_test,treatment
U00110,Germany,desktop,web,1.0,0.08004928364618502,0.7553301727947445,0.2885784650274261,recommendation_v2_test,control
U00111,UK,desktop,web,1.0,0.18092665223086812,0.907103622156215,0.07455699893585338,recommendation_v2_test,control
U00112,Germany,mobile,android,1.0,0.4901975424015864,0.5864451730147959,0.3213094867178666,recommendation_v2_test,treatment
U00113,India,mobile,android,1.0,0.8435883847625412,0.6375887004784591,0.40703197757385084,recommendation_v2_test,control
U00114,UK,tablet,web,1.1,0.058108481721447336,0.3666083849326124,0.3467400893939232,recommendation_v2_test,control
U00115,Australia,desktop,web,1.1,0.48257250858729395,0.7686275894593791,0.5186085342846429,recommendation_v2_test,treatment
U00116,UK,desktop,ios,1.1,0.5871239405369806,0.8502742988337217,0.23732493757533835,recommendation_v2_test,treatment
U00117,Germany,desktop,web,1.1,0.10497971589607058,0.39855250670154063,0.5545357199034219,recommendation_v2_test,control
U00118,Germany,desktop,ios,1.0,0.33885563560960497,0.19160300966269983,0.0636527224892149,recommendation_v2_test,treatment
U00119,Germany,tablet,web,1.0,0.30753507242078615,0.5984771915577366,0.054022950961158604,recommendation_v2_test,control
U00120,UK,mobile,android,1.1,0.633769773069263,0.9818059475425355,0.3911967403119242,recommendation_v2_test,control
U00121,Australia,desktop,web,1.1,0.9033278719640531,0.7206959467183516,0.5797661729521587,recommendation_v2_test,treatment
U00122,Germany,tablet,ios,1.1,0.11410407118363719,0.7324135029937877,0.2920487847400527,recommendation_v2_test,treatment
U00123,Germany,desktop,web,1.1,0.9698151167055694,0.9845780814316246,0.20852553501834786,recommendation_v2_test,treatment
U00124,Australia,tablet,web,1.1,0.3464928613130488,0.12386977486422102,0.07252082815714586,recommendation_v2_test,control
U00125,Germany,tablet,web,1.0,0.9855401694949262,0.46497345619365305,0.5878543384906121,recommendation_v2_test,control
U00126,India,desktop,android,1.1,0.08481927231183206,0.5554617101377639,0.49113288284214823,recommendation_v2_test,control
U00127,UK,tablet,ios,1.1,0.036970727201174225,0.3727023413067342,0.0767841597726182,recommendation_v2_test,control
U00128,UK,mobile,web,1.1,0.7132581963116982,0.7737206827516263,0.5260011014306145,recommendation_v2_test,treatment
U00129,Germany,tablet,ios,1.1,0.048963709823279244,0.23453515044129858,0.3920437753563851,recommendation_v2_test,treatment
U00130,India,tablet,ios,1.0,0.5146293421163498,0.6772873993643972,0.06628400902073726,recommendation_v2_test,treatment
U00131,Australia,desktop,web,1.1,0.6716128088558587,0.2376583633605973,0.5190296212975519,recommendation_v2_test,treatment
U00132,Germany,desktop,web,1.1,0.29894365111890553,0.590320250883149,0.26831703726130873,recommendation_v2_test,control
U00133,India,mobile,ios,1.1,0.18759368193949133,0.0848115912357631,0.23805981620011318,recommendation_v2_test,control
U00134,UK,tablet,ios,1.1,0.9987433700667648,0.2963620570111649,0.2743680731222052,recommendation_v2_test,treatment
U00135,Germany,mobile,android,1.1,0.9975800372629172,0.7008810101206585,0.3773670622273544,recommendation_v2_test,treatment
U00136,India,desktop,ios,1.1,0.49691659613034944,0.1343669133130615,0.2509581547595234,recommendation_v2_test,treatment
U00137,India,mobile,ios,1.0,0.017668780999912204,0.4532799165001634,0.3989971457234884,recommendation_v2_test,treatment
U00138,Australia,desktop,ios,1.0,0.9592092728445759,0.7519631215749155,0.34747115031972314,recommendation_v2_test,treatment
U00139,Australia,mobile,ios,1.1,0.23509711688065948,0.32534273051667706,0.5499856479326216,recommendation_v2_test,control
U00140,UK,desktop,web,1.1,0.5907447941637661,0.6534392090094951,0.21466081033315404,recommendation_v2_test,control
U00141,Australia,mobile,android,1.0,0.15544156408342247,0.8743143652908074,0.20578581328756274,recommendation_v2_test,treatment
U00142,India,desktop,android,1.1,0.7838241093757136,0.4383862585841929,0.31194151972269907,recommendation_v2_test,treatment
U00143,Australia,tablet,ios,1.1,0.8146384431178827,0.9025539692192319,0.48317440992613647,recommendation_v2_test,control
U00144,UK,mobile,android,1.1,0.10189415731454488,0.6529221265639984,0.5754421855032961,recommendation_v2_test,treatment
U00145,Australia,desktop,web,1.0,0.03584275141816318,0.9597745223292203,0.10665147627158733,recommendation_v2_test,treatment
U00146,UK,mobile,android,1.0,0.06553043391838242,0.45511784241176234,0.33384829069141175,recommendation_v2_test,control
U00147,Australia,mobile,android,1.0,0.1116003682492267,0.3845043779899281,0.08329064795459487,recommendation_v2_test,treatment
U00148,Australia,tablet,ios,1.0,0.3020715687836385,0.3941257771780975,0.2791352981880313,recommendation_v2_test,treatment
U00149,India,mobile,android,1.0,0.8627645637408781,0.001233062511908134,0.32949204569708124,recommendation_v2_test,control
U00150,UK,desktop,android,1.0,0.43132702014644964,0.7805811375265843,0.512662038418226,recommendation_v2_test,treatment
U00151,Germany,mobile,android,1.0,0.24248285302833272,0.47986340055106513,0.4257920967123471,recommendation_v2_test,control
U00152,UK,mobile,web,1.0,0.9303846175891505,0.048569289846958075,0.3034232828817614,recommendation_v2_test,treatment
U00153,Australia,tablet,android,1.0,0.047374020005481854,0.13820537163853075,0.5553527564418755,recommendation_v2_test,treatment
U00154,India,mobile,web,1.0,0.03128351290164455,0.11062946756220327,0.3910821076455629,recommendation_v2_test,control
U00155,UK,mobile,android,1.1,0.5901953827661262,0.849435333089779,0.05260776610153066,recommendation_v2_test,treatment
U00156,UK,tablet,ios,1.1,0.1627434861049576,0.772937388135284,0.5205203479848222,recommendation_v2_test,control
U00157,UK,mobile,android,1.1,0.4544574302986578,0.6034244543333215,0.591557243489704,recommendation_v2_test,control
U00158,India,desktop,web,1.1,0.31839911782845964,0.799213522241491,0.3804036553744533,recommendation_v2_test,treatment
U00159,UK,mobile,ios,1.0,0.3176356343635617,0.07810839308036388,0.06640912355483361,recommendation_v2_test,treatment
U00160,Germany,desktop,ios,1.0,0.16548775758177503,0.7251833208508688,0.43945017962597327,recommendation_v2_test,treatment
U00161,UK,tablet,web,1.0,0.8900194571176955,0.5938305480284476,0.11931448796064459,recommendation_v2_test,control
U00162,Australia,mobile,web,1.1,0.17294393644207806,0.5072927015820433,0.5954759617607909,recommendation_v2_test,treatment
U00163,UK,mobile,web,1.0,0.9930845819305065,0.5846388341341655,0.11980048653518222,recommendation_v2_test,treatment
U00164,Germany,tablet,android,1.1,0.5362004131113752,0.6217920298607565,0.20025295532548198,recommendation_v2_test,control
U00165,Germany,mobile,ios,1.1,0.294755193202763,0.6636210466603519,0.5099348472634306,recommendation_v2_test,control
U00166,India,mobile,android,1.1,0.23128053968685225,0.8738884979038014,0.18951547860900564,recommendation_v2_test,treatment
U00167,Germany,desktop,android,1.1,0.3961665000592489,0.6776207635997941,0.4491732990934886,recommendation_v2_test,treatment
U00168,Australia,desktop,android,1.1,0.9834170759929376,0.4192723879008051,0.3330206785370419,recommendation_v2_test,treatment
U00169,Australia,mobile,android,1.1,0.5202300670459938,0.4079614303605652,0.10173957969916769,recommendation_v2_test,treatment
U00170,Australia,tablet,ios,1.0,0.6825815982092204,0.14937415636815077,0.5788522962475678,recommendation_v2_test,control
U00171,UK,mobile,web,1.0,0.8589828605577138,0.9125827441419312,0.16668107413781577,recommendation_v2_test,treatment
U00172,UK,desktop,web,1.1,0.8783657338108016,0.3790526950373052,0.334360717767186,recommendation_v2_test,treatment
U00173,India,tablet,ios,1.1,0.7829601300260849,0.5699338186415264,0.10753830324262637,recommendation_v2_test,treatment
U00174,Australia,tablet,web,1.1,0.798097435818333,0.09986247716072949,0.16241855189478605,recommendation_v2_test,treatment
U00175,UK,tablet,ios,1.0,0.9792246337072796,0.3771446803556807,0.4456218935299529,recommendation_v2_test,control
U00176,Australia,tablet,ios,1.0,0.31913248859966603,0.6087411288982467,0.36954415556142783,recommendation_v2_test,treatment
U00177,UK,desktop,android,1.1,0.9353813695664948,0.4676402566265965,0.15820819941284722,recommendation_v2_test,control
U00178,UK,desktop,ios,1.0,0.13110869302621986,0.1628715005545549,0.42650914036652243,recommendation_v2_test,control
U00179,India,desktop,android,1.1,0.24359674535860742,0.09892450510482231,0.4644275096501418,recommendation_v2_test,treatment
U00180,Germany,tablet,ios,1.0,0.20208810164547797,0.18576613487108717,0.3371067657515817,recommendation_v2_test,treatment
U00181,India,desktop,ios,1.0,0.04517311698942639,0.4814913403262807,0.5776327911995845,recommendation_v2_test,treatment
U00182,India,desktop,web,1.0,0.11069207402961612,0.25243629054958727,0.2121256722659985,recommendation_v2_test,treatment
U00183,UK,tablet,android,1.1,0.9016418535664384,0.9845686082507541,0.5903016757074928,recommendation_v2_test,treatment
U00184,UK,tablet,ios,1.0,0.1377935359278052,0.3044665264760329,0.3540940397354538,recommendation_v2_test,control
U00185,UK,mobile,web,1.1,0.6167561790773091,0.542364402302205,0.1409212278520101,recommendation_v2_test,treatment
U00186,India,mobile,ios,1.0,0.8519331577947986,0.5842278600612182,0.45432118513579833,recommendation_v2_test,treatment
U00187,Germany,mobile,web,1.0,0.4048549644265338,0.7600149717440349,0.4747941432210124,recommendation_v2_test,control
U00188,India,mobile,ios,1.1,0.1206553374436864,0.8961220824236303,0.10521760510739511,recommendation_v2_test,treatment
U00189,UK,mobile,android,1.1,0.17949207234608744,0.4135679313099698,0.2974226149692694,recommendation_v2_test,control
U00190,India,mobile,web,1.1,0.8513346494022038,0.8745751398555718,0.23662718015510847,recommendation_v2_test,treatment
U00191,Germany,desktop,web,1.0,0.24479650155014543,0.16125406285192412,0.567010455944133,recommendation_v2_test,treatment
U00192,India,tablet,android,1.1,0.517661521287729,0.4906079155118719,0.34136011640037384,recommendation_v2_test,treatment
U00193,UK,desktop,web,1.0,0.13175483289206746,0.12566385286853599,0.5737373437151257,recommendation_v2_test,control
U00194,India,desktop,web,1.1,0.16357687771010998,0.5544165520399336,0.16424448934334657,recommendation_v2_test,control
U00195,India,mobile,web,1.0,0.11895331074021132,0.9168484076291957,0.22684314531528244,recommendation_v2_test,treatment
U00196,Australia,desktop,android,1.0,0.4004512452452783,0.5318860913460681,0.15298141953843783,recommendation_v2_test,treatment
U00197,Australia,tablet,android,1.1,0.7416146327315153,0.46875929701395247,0.13408241716948477,recommendation_v2_test,control
U00198,Australia,tablet,web,1.0,0.05010668969693377,0.34240367681062867,0.4869513667727363,recommendation_v2_test,treatment
U00199,Germany,desktop,android,1.1,0.7936353838623774,0.2119546110805426,0.5580808238512491,recommendation_v2_test,control
U00200,Germany,desktop,android,1.1,0.002308772586742003,0.993368498411178,0.20449301228028532,recommendation_v2_test,control
U00201,Australia,mobile,ios,1.0,0.12903005718204175,0.1523267101575757,0.39775554716661554,recommendation_v2_test,control
U00202,UK,desktop,android,1.1,0.31915649460807005,0.7261801283839011,0.3036046865851991,recommendation_v2_test,treatment
U00203,UK,desktop,ios,1.1,0.4727839727589982,0.9500610946244371,0.23849250351522572,recommendation_v2_test,treatment
U00204,Germany,mobile,android,1.1,0.8460075613079088,0.04025373993992376,0.29729797863247426,recommendation_v2_test,control
U00205,UK,tablet,web,1.1,0.9918077164976282,0.5314138115972438,0.41299764534063316,recommendation_v2_test,treatment
U00206,India,mobile,ios,1.1,0.3663354885565363,0.7385107126866286,0.271727112265495,recommendation_v2_test,treatment
U00207,Australia,desktop,android,1.1,0.5089341517513543,0.9070863269095085,0.2806155433602956,recommendation_v2_test,control
U00208,India,desktop,ios,1.0,0.40815666823101304,0.4400501082335524,0.11919386007175688,recommendation_v2_test,treatment
U00209,Australia,mobile,android,1.1,0.6555177383430523,0.6629097142100953,0.06087154493848042,recommendation_v2_test,control
U00210,Australia,mobile,web,1.0,0.7781514225440124,0.8606304013961301,0.18567420747438101,recommendation_v2_test,control
U00211,Australia,tablet,android,1.0,0.2751525256017133,0.13865449623341952,0.20593642162957604,recommendation_v2_test,treatment
U00212,UK,tablet,web,1.1,0.20252240792418597,0.5420790349507192,0.4357651056838877,recommendation_v2_test,treatment
U00213,Australia,tablet,ios,1.1,0.2551069310273807,0.6254781569139363,0.22627013892290887,recommendation_v2_test,treatment
U00214,Germany,tablet,ios,1.0,0.6854277207610142,0.02322758234675848,0.2700337953741154,recommendation_v2_test,treatment
U00215,Germany,tablet,web,1.1,0.44394288639597634,0.9359374994357259,0.5196914068809759,recommendation_v2_test,control
U00216,UK,mobile,web,1.1,0.4898242560924627,0.6322025001148623,0.23376119682731555,recommendation_v2_test,treatment
U00217,Australia,mobile,ios,1.1,0.9238744994985063,0.843322885761979,0.5880124369205088,recommendation_v2_test,control
U00218,India,tablet,web,1.1,0.7625900919626407,0.4806076309423065,0.30104870698284936,recommendation_v2_test,control
U00219,Germany,mobile,ios,1.1,0.28932013610233454,0.2578084097023544,0.37227875575283004,recommendation_v2_test,control
U00220,UK,desktop,android,1.0,0.8160560167528311,0.860569919294376,0.1422347358227795,recommendation_v2_test,control
U00221,UK,mobile,android,1.0,0.7975108356807525,0.8391738662343244,0.12608098856382707,recommendation_v2_test,control
U00222,Germany,tablet,ios,1.0,0.3900625901565292,0.9986095150119159,0.1559249527770004,recommendation_v2_test,control
U00223,Australia,mobile,android,1.0,0.6196685259698614,0.9329007824132532,0.5894516300431688,recommendation_v2_test,treatment
U00224,Germany,mobile,web,1.0,0.7907379738959939,0.27063215227086046,0.5366669827284983,recommendation_v2_test,treatment
U00225,India,desktop,ios,1.0,0.8325292849240071,0.17635638000807585,0.2829224670738096,recommendation_v2_test,treatment
U00226,Germany,desktop,android,1.1,0.6861629156151504,0.6526867348692552,0.5956231030404302,recommendation_v2_test,control
U00227,India,tablet,android,1.1,0.09519908696086399,0.7278432989687184,0.587165243019124,recommendation_v2_test,control
U00228,UK,mobile,android,1.0,0.4247769248154559,0.05141915455692936,0.4197454371728946,recommendation_v2_test,treatment
U00229,Australia,desktop,android,1.1,0.8321200752819861,0.8212307865978454,0.27916629892193406,recommendation_v2_test,control
U00230,UK,mobile,android,1.1,0.801389433842723,0.49125744639136615,0.5411670607449667,recommendation_v2_test,treatment
U00231,UK,mobile,ios,1.1,0.09609523297188127,0.1535255220546139,0.34361200730067815,recommendation_v2_test,treatment
U00232,UK,mobile,ios,1.0,0.0005187441657055203,0.43631665969426314,0.47604313471072635,recommendation_v2_test,control
U00233,India,mobile,ios,1.1,0.8231273174161865,0.16800084857787112,0.13077505415177232,recommendation_v2_test,control
U00234,India,tablet,android,1.1,0.5389417662641869,0.8191998792939803,0.10101584258347213,recommendation_v2_test,control
U00235,UK,desktop,ios,1.1,0.25745195932396336,0.7523289144335528,0.3272982324149476,recommendation_v2_test,control
U00236,Germany,tablet,web,1.0,0.3679043402218176,0.21918921647863232,0.16460863778925824,recommendation_v2_test,treatment
U00237,Germany,tablet,web,1.0,0.08598235011094513,0.17629136502213016,0.14644058129965704,recommendation_v2_test,treatment
U00238,India,tablet,android,1.0,0.9903884573604824,0.13721125779061238,0.40944690413150375,recommendation_v2_test,treatment
U00239,India,desktop,web,1.0,0.8750841990540823,0.9755956458283996,0.5300724273257983,recommendation_v2_test,control
U00240,UK,mobile,ios,1.0,0.6560738790950633,0.2890835816381917,0.4540988219293189,recommendation_v2_test,treatment
U00241,India,desktop,web,1.1,0.8285469248387858,0.7105327717426778,0.06461777074851044,recommendation_v2_test,treatment
U00242,Germany,mobile,web,1.1,0.4861920756222755,0.2601846553429914,0.2802608480231409,recommendation_v2_test,control
U00243,UK,tablet,android,1.1,0.5612230678900442,0.385369480857103,0.19888321882230886,recommendation_v2_test,control
U00244,India,desktop,android,1.0,0.5640951370472229,0.6766523825096377,0.08634356600566716,recommendation_v2_test,control
U00245,UK,mobile,android,1.0,0.894511497718781,0.6462907632285592,0.14457819356536256,recommendation_v2_test,control
U00246,Australia,tablet,android,1.0,0.47609175667866066,0.9355419438426551,0.08271768070083702,recommendation_v2_test,control
U00247,UK,mobile,ios,1.1,0.1954865095820041,0.6795270092089578,0.1677507591351961,recommendation_v2_test,treatment
U00248,Australia,mobile,ios,1.0,0.42273403427206224,0.17613829917307988,0.12408061370784101,recommendation_v2_test,control
U00249,Germany,tablet,android,1.0,0.3607586865182536,0.055270409501227635,0.24655329292612976,recommendation_v2_test,treatment
U00250,UK,mobile,web,1.1,0.20539029767240669,0.8883654530628405,0.5613166415057553,recommendation_v2_test,control
U00251,Germany,mobile,web,1.0,0.11532643811098797,0.619569256310312,0.11708293031529259,recommendation_v2_test,treatment
U00252,India,tablet,web,1.1,0.8198088582380241,0.5260605268860209,0.5981724663355343,recommendation_v2_test,treatment
U00253,UK,mobile,android,1.0,0.3239366689376362,0.948645498712641,0.36727352717367606,recommendation_v2_test,control
U00254,Australia,tablet,web,1.0,0.9786341439004389,0.4986395468763152,0.32151964194885513,recommendation_v2_test,control
U00255,UK,tablet,web,1.0,0.39752502455499295,0.5847527028049366,0.1204289358012828,recommendation_v2_test,treatment
U00256,Germany,mobile,android,1.0,0.1032834791070496,0.8661446063310201,0.37413214137011175,recommendation_v2_test,control
U00257,Germany,desktop,web,1.0,0.43151900368735463,0.6331491821447094,0.5597231653189463,recommendation_v2_test,control
U00258,Australia,tablet,web,1.0,0.32926245959776956,0.45104650018525505,0.36236382673567086,recommendation_v2_test,treatment
U00259,UK,desktop,android,1.1,0.5543990233797637,0.3207155466940761,0.24015194316944793,recommendation_v2_test,treatment
U00260,India,desktop,ios,1.0,0.16606263241397312,0.7231138021453861,0.264003191337144,recommendation_v2_test,treatment
U00261,Australia,mobile,web,1.1,0.7555395424734273,0.2574223623453714,0.5047344350580594,recommendation_v2_test,treatment
U00262,Australia,tablet,android,1.1,0.6689476589915796,0.05257599032305538,0.5700359400620485,recommendation_v2_test,treatment
U00263,Australia,desktop,android,1.1,0.5789775247502426,0.0046187988433276095,0.07119809962788964,recommendation_v2_test,treatment
U00264,Australia,tablet,web,1.1,0.026532437206074344,0.7434599612223853,0.5186799353880499,recommendation_v2_test,treatment
U00265,India,desktop,android,1.0,0.0054731088346274825,0.7866497124935993,0.23189383671035796,recommendation_v2_test,control
U00266,Australia,tablet,web,1.0,0.5650779106307056,0.2703417881993275,0.13832357192170525,recommendation_v2_test,treatment
U00267,UK,tablet,android,1.0,0.5364879237522507,0.9654159534817355,0.5799689517221845,recommendation_v2_test,treatment
U00268,Australia,tablet,web,1.0,0.5942726943015799,0.8781474246555374,0.25595516504691573,recommendation_v2_test,treatment
U00269,India,mobile,ios,1.1,0.48176355136217164,0.5643926803591786,0.5901793629748144,recommendation_v2_test,control
U00270,Germany,desktop,web,1.0,0.3699843678471978,0.4176192926540456,0.11511949574826781,recommendation_v2_test,treatment
U00271,Australia,tablet,android,1.1,0.28439713457340887,0.3037966184099441,0.5308838409841472,recommendation_v2_test,treatment
U00272,India,mobile,web,1.1,0.46367571468150104,0.6901267695784598,0.13986543508219995,recommendation_v2_test,control
U00273,Germany,tablet,android,1.0,0.618714778169642,0.04009500987277592,0.3039499584514801,recommendation_v2_test,treatment
U00274,Australia,desktop,web,1.0,0.1396236541791207,0.1884743030123014,0.2392775929348414,recommendation_v2_test,control
U00275,India,mobile,ios,1.1,0.4049940614958173,0.808969602506749,0.5859294177098656,recommendation_v2_test,control
U00276,India,mobile,ios,1.1,0.871409086741214,0.6342344339667283,0.28596436674657694,recommendation_v2_test,treatment
U00277,India,desktop,ios,1.0,0.5346007512892753,0.9935429967868474,0.5772891392845637,recommendation_v2_test,treatment
U00278,Germany,mobile,android,1.1,0.3017648666969308,0.9029891534061367,0.0748131101401032,recommendation_v2_test,control
U00279,UK,tablet,web,1.1,0.11750438225260151,0.05982433731729919,0.5090892153798147,recommendation_v2_test,treatment
U00280,Australia,mobile,web,1.1,0.9157448578787095,0.5674481135493233,0.2684783158100532,recommendation_v2_test,treatment
U00281,Australia,desktop,web,1.0,0.9687523213615988,0.3106541850810828,0.15414992042006959,recommendation_v2_test,treatment
U00282,Germany,mobile,android,1.1,0.094286053488007,0.8673030405011813,0.4393141419207962,recommendation_v2_test,treatment
U00283,Germany,tablet,android,1.1,0.8421546555168719,0.9433823512778529,0.11981439123500587,recommendation_v2_test,control
U00284,Australia,tablet,android,1.1,0.5434955950798607,0.8989215763205136,0.5844921002556912,recommendation_v2_test,control
U00285,UK,tablet,web,1.0,0.45640385790184534,0.3863414572231818,0.24887946626496443,recommendation_v2_test,treatment
U00286,India,desktop,android,1.0,0.07743608526043821,0.7798698438723117,0.29534009110612436,recommendation_v2_test,treatment
U00287,India,tablet,web,1.1,0.03517598218441975,0.15752334131747947,0.16320088615715417,recommendation_v2_test,treatment
U00288,UK,tablet,web,1.0,0.5157556762880513,0.9361769316401961,0.5874560014528966,recommendation_v2_test,treatment
U00289,India,mobile,ios,1.0,0.1536018325377585,0.06332847870255809,0.157318332600785,recommendation_v2_test,treatment
U00290,India,desktop,ios,1.1,0.53721888369434,0.6259895566990807,0.1610269883852476,recommendation_v2_test,treatment
U00291,Germany,tablet,web,1.1,0.8641368291927248,0.9488431070057841,0.24134542666612574,recommendation_v2_test,control
U00292,India,mobile,ios,1.0,0.4378415656758372,0.9456936518244733,0.25807040230537837,recommendation_v2_test,control
U00293,UK,tablet,android,1.1,0.18280877043097654,0.3207341189534516,0.4092555367625502,recommendation_v2_test,control
U00294,India,tablet,android,1.0,0.22864560266211464,0.7219067795126763,0.14288017288699312,recommendation_v2_test,treatment
U00295,Germany,tablet,web,1.0,0.10731236283252044,0.4976477023653788,0.33575227896033166,recommendation_v2_test,treatment
U00296,India,desktop,web,1.0,0.9948148928296083,0.48628061267058187,0.312870619406907,recommendation_v2_test,control
U00297,Australia,desktop,web,1.0,0.592956631149616,0.22796777222318243,0.40068493912597736,recommendation_v2_test,control
U00298,Germany,mobile,ios,1.1,0.4690050790126722,0.8967553715906984,0.3115586452781141,recommendation_v2_test,control
U00299,Germany,mobile,web,1.1,0.6481837296671343,0.7817570475739452,0.2854934249298803,recommendation_v2_test,control
U00300,UK,desktop,android,1.1,0.6310654428718875,0.3476736348359033,0.41439127690140987,recommendation_v2_test,control
U00301,Australia,tablet,web,1.1,0.3709123215416692,0.4250817675141312,0.4966676286528825,recommendation_v2_test,treatment
U00302,UK,desktop,android,1.1,0.45970946445359206,0.21549514181270046,0.4598621135295559,recommendation_v2_test,control
U00303,UK,mobile,ios,1.0,0.6268249827842086,0.7472698001920698,0.5420783377772982,recommendation_v2_test,treatment
U00304,Germany,mobile,ios,1.0,0.9560466595226291,0.15442308802214244,0.15871684024005173,recommendation_v2_test,control
U00305,UK,mobile,android,1.1,0.882825566034078,0.7605460227298669,0.43948665461344927,recommendation_v2_test,control
U00306,Australia,mobile,web,1.0,0.47840492608667795,0.14742595348558585,0.2003863361696699,recommendation_v2_test,treatment
U00307,India,mobile,ios,1.0,0.5502396919082576,0.7050281965241929,0.08846239731227366,recommendation_v2_test,treatment
U00308,UK,desktop,android,1.1,0.7479901289524469,0.8150730962187541,0.29653234824383384,recommendation_v2_test,control
U00309,UK,tablet,android,1.0,0.36081056141751533,0.1763555764178013,0.30711649668571445,recommendation_v2_test,control
U00310,UK,desktop,web,1.0,0.7517807092307816,0.3138467721116466,0.20004238158020965,recommendation_v2_test,control
U00311,UK,mobile,android,1.0,0.302964628837302,0.3692728413409686,0.17979849444130397,recommendation_v2_test,treatment
U00312,Germany,tablet,android,1.1,0.49793185278888763,0.6429984233408326,0.5269447521336883,recommendation_v2_test,treatment
U00313,Germany,tablet,ios,1.1,0.8897794665398687,0.908608246555642,0.48529831829419223,recommendation_v2_test,control
U00314,UK,desktop,web,1.0,0.015805555440133845,0.4772006332829246,0.3218729934440397,recommendation_v2_test,treatment
U00315,UK,desktop,ios,1.1,0.5521627033044271,0.836613041032693,0.10976140679424432,recommendation_v2_test,treatment
U00316,Germany,mobile,android,1.1,0.8478368672236546,0.9948242136208678,0.5301016090128963,recommendation_v2_test,control
U00317,India,tablet,android,1.0,0.4016616340093764,0.26808510482055103,0.3834646690059935,recommendation_v2_test,control
U00318,Germany,tablet,ios,1.0,0.5570017818814502,0.29629963045348506,0.1433899855749891,recommendation_v2_test,treatment
U00319,India,mobile,web,1.0,0.9492935230092574,0.4028796085076296,0.5087664906011594,recommendation_v2_test,treatment
U00320,India,tablet,web,1.0,0.17546224657908782,0.8119882015105448,0.19559144084074553,recommendation_v2_test,control
U00321,Australia,tablet,web,1.0,0.6777086144544695,0.8144738760309339,0.1793910136286047,recommendation_v2_test,control
U00322,Australia,mobile,ios,1.1,0.2645976053461583,0.4299570499000478,0.28788357628330136,recommendation_v2_test,treatment
U00323,Germany,mobile,web,1.1,0.7718493432291552,0.37831801422378564,0.5093191850944035,recommendation_v2_test,treatment
U00324,Australia,mobile,web,1.0,0.571167362055741,0.9940777724523785,0.07125437040478654,recommendation_v2_test,treatment
U00325,India,mobile,web,1.1,0.8099407364448706,0.08904200507505322,0.26737905956739183,recommendation_v2_test,control
U00326,UK,tablet,android,1.0,0.18883642047563898,0.19549582739658733,0.2755268328032468,recommendation_v2_test,control
U00327,UK,desktop,web,1.1,0.6422524185679935,0.6904019545155015,0.5906429443447488,recommendation_v2_test,control
U00328,India,desktop,ios,1.0,0.9233469677258123,0.24587558700505863,0.4513983854665766,recommendation_v2_test,control
U00329,India,tablet,web,1.0,0.468231405693584,0.20056247132155403,0.15195640004136712,recommendation_v2_test,treatment
U00330,UK,desktop,android,1.0,0.7960604476258709,0.9076048913904824,0.49149633290860106,recommendation_v2_test,control
U00331,Germany,mobile,ios,1.0,0.2547283501174674,0.13503809605623607,0.5690891024570411,recommendation_v2_test,control
U00332,Germany,desktop,web,1.0,0.8466710505082435,0.39919530265779046,0.06931424611031661,recommendation_v2_test,treatment
U00333,India,mobile,web,1.1,0.782905274171724,0.21093438848871293,0.5545675740963781,recommendation_v2_test,treatment
U00334,Germany,tablet,android,1.1,0.22766114679921412,0.050535988650057706,0.527082946715421,recommendation_v2_test,control
U00335,Germany,mobile,android,1.1,0.7599668837007301,0.12829325851112017,0.4794610949854763,recommendation_v2_test,treatment
U00336,India,tablet,android,1.1,0.4412227484805581,0.8766781387517029,0.3401016965399074,recommendation_v2_test,treatment
U00337,Australia,tablet,android,1.1,0.749352861699006,0.28785487604815396,0.11481414549820709,recommendation_v2_test,control
U00338,Australia,mobile,android,1.1,0.5052769222930958,0.5826443493145376,0.26730601065133996,recommendation_v2_test,control
U00339,Australia,tablet,web,1.1,0.24672505347947127,0.736523217701888,0.4228845188997745,recommendation_v2_test,treatment
U00340,UK,desktop,web,1.0,0.7952322585827095,0.9606262856288327,0.44700998272848735,recommendation_v2_test,control
U00341,Australia,tablet,android,1.1,0.3520506742392382,0.6382235529263369,0.31066300570094285,recommendation_v2_test,treatment
U00342,India,tablet,android,1.0,0.4123749142972246,0.8755390445272362,0.20622822078958347,recommendation_v2_test,control
U00343,Germany,tablet,ios,1.0,0.9799785398901583,0.8835298364237075,0.21572619671443843,recommendation_v2_test,treatment
U00344,India,tablet,android,1.0,0.6063628402155351,0.658480768393292,0.5062774749971377,recommendation_v2_test,control
U00345,Australia,mobile,ios,1.0,0.7119178105885787,0.5635232369695373,0.32258279301062864,recommendation_v2_test,treatment
U00346,UK,mobile,ios,1.0,0.8651002319106483,0.030892837036032184,0.26803992945064664,recommendation_v2_test,control
U00347,UK,tablet,web,1.0,0.7497057510446368,0.25761261618203646,0.5266348576845198,recommendation_v2_test,treatment
U00348,India,tablet,web,1.1,0.215924790431266,0.5312927548186049,0.47859846896614033,recommendation_v2_test,treatment
U00349,Australia,mobile,web,1.0,0.027182133497585026,0.9585152939754523,0.4405092840300428,recommendation_v2_test,control
U00350,India,desktop,ios,1.1,0.5316129186954394,0.47613382109041036,0.29724273261793643,recommendation_v2_test,control
U00351,India,desktop,android,1.0,0.8880586950148697,0.8117523712192651,0.2422599862986186,recommendation_v2_test,control
U00352,Australia,desktop,android,1.0,0.972346247933598,0.9028926876302835,0.5570436285745602,recommendation_v2_test,treatment
U00353,Australia,mobile,web,1.0,0.21177216346631034,0.09000139104508986,0.11606084655576138,recommendation_v2_test,control
U00354,UK,mobile,android,1.1,0.07405768336907359,0.13254208095141362,0.504990027574905,recommendation_v2_test,treatment
U00355,Germany,desktop,android,1.1,0.630912007772655,0.882175070328948,0.4011571402706073,recommendation_v2_test,treatment
U00356,UK,desktop,web,1.1,0.44739275179210947,0.3460638229047347,0.30720884884761684,recommendation_v2_test,control
U00357,India,mobile,ios,1.1,0.26070378133594463,0.15353154633704746,0.1854937329807747,recommendation_v2_test,control
U00358,Australia,tablet,web,1.0,0.6860498695059002,0.8564096306557393,0.09275956680877316,recommendation_v2_test,control
U00359,Australia,tablet,android,1.0,0.21662236418404268,0.6889014524529722,0.5503881425032786,recommendation_v2_test,treatment
U00360,India,mobile,web,1.1,0.28983411384949154,0.5542855857264279,0.39202411685988725,recommendation_v2_test,control
U00361,UK,desktop,android,1.1,0.1350797922175241,0.6935404695867196,0.42111269600912277,recommendation_v2_test,treatment
U00362,Germany,tablet,ios,1.0,0.4468388424141526,0.4090351320457297,0.09769131600375952,recommendation_v2_test,treatment
U00363,Australia,mobile,android,1.0,0.7429063098580823,0.2370620769846632,0.5063624505687013,recommendation_v2_test,treatment
U00364,UK,desktop,android,1.1,0.4725559833368571,0.49919422542222336,0.39084566415880206,recommendation_v2_test,control
U00365,Germany,tablet,web,1.0,0.528657538108291,0.6019969635275295,0.45563332551374913,recommendation_v2_test,control
U00366,India,mobile,ios,1.1,0.4815915892060435,0.9216849842375704,0.32142861923998756,recommendation_v2_test,control
U00367,Germany,desktop,web,1.1,0.45057646360088155,0.18088443032209034,0.16930386754318355,recommendation_v2_test,control
U00368,India,mobile,ios,1.0,0.43194566100048193,0.7692425812982214,0.45340654353990967,recommendation_v2_test,treatment
U00369,Germany,mobile,android,1.1,0.154283125413476,0.9410762847646973,0.1420507498042986,recommendation_v2_test,treatment
U00370,UK,desktop,android,1.0,0.6415613259643522,0.41225859646407514,0.46780367876851703,recommendation_v2_test,treatment
U00371,India,mobile,android,1.1,0.5002096493133521,0.7560931477128529,0.5173516052706748,recommendation_v2_test,control
U00372,UK,tablet,web,1.0,0.28689241356345485,0.25043308673188824,0.19457923268788047,recommendation_v2_test,control
U00373,Germany,desktop,web,1.1,0.9902780870927544,0.5267732313623077,0.40146496564557055,recommendation_v2_test,treatment
U00374,Germany,tablet,ios,1.1,0.2038606273295439,0.5285417289424529,0.5080603800638317,recommendation_v2_test,treatment
U00375,India,mobile,web,1.0,0.985621101512008,0.985046696720871,0.5483587459208499,recommendation_v2_test,control
U00376,Germany,tablet,web,1.0,0.32085007406718746,0.5472828412048747,0.35842755600910664,recommendation_v2_test,control
U00377,India,desktop,ios,1.1,0.4083230226329888,0.7491741573155329,0.2334524595630954,recommendation_v2_test,treatment
U00378,UK,mobile,ios,1.0,0.18871221002891925,0.8505208789213576,0.29545528621924283,recommendation_v2_test,control
U00379,India,mobile,android,1.1,0.5539811258168594,0.021156011423293486,0.2239988015351933,recommendation_v2_test,control
U00380,India,mobile,android,1.1,0.27503104063025285,0.06494677920994363,0.08021424405871809,recommendation_v2_test,control
U00381,Australia,desktop,web,1.0,0.8487921131360887,0.15539711925727562,0.3836114843574863,recommendation_v2_test,treatment
U00382,India,desktop,web,1.0,0.07179714236004586,0.8027522502122156,0.5411788666142889,recommendation_v2_test,control
U00383,India,mobile,ios,1.0,0.9039041887954788,0.5494936128000582,0.13252176803651555,recommendation_v2_test,control
U00384,Australia,mobile,web,1.1,0.724816822246873,0.5994268085799352,0.5742316089518892,recommendation_v2_test,treatment
U00385,Australia,desktop,ios,1.0,0.4772329099757965,0.35966629366661096,0.17342874097107747,recommendation_v2_test,treatment
U00386,Germany,mobile,android,1.0,0.7114093477097423,0.01843780287519381,0.29154818226326407,recommendation_v2_test,treatment
U00387,Germany,desktop,android,1.1,0.7766484358887159,0.8105197156597975,0.44143820150566326,recommendation_v2_test,treatment
U00388,India,mobile,web,1.0,0.6034059574876086,0.2455660388094516,0.07340349970572708,recommendation_v2_test,control
U00389,Australia,mobile,ios,1.0,0.41393031905460087,0.17666698132716163,0.503428548475921,recommendation_v2_test,treatment
U00390,Germany,tablet,ios,1.0,0.9295729155672217,0.017860959175180824,0.55872935998882,recommendation_v2_test,control
U00391,Germany,tablet,ios,1.0,0.7630192967767481,0.9702015725698434,0.548246220349778,recommendation_v2_test,control
U00392,India,tablet,android,1.1,0.07815613988538828,0.8497891978050361,0.3876055406949563,recommendation_v2_test,treatment
U00393,Australia,desktop,ios,1.0,0.5718419765211091,0.15357977908611453,0.4568735146113826,recommendation_v2_test,treatment
U00394,Germany,mobile,web,1.1,0.848978422624854,0.4724686775644882,0.3304067013313771,recommendation_v2_test,control
U00395,Germany,mobile,web,1.1,0.7331244745595453,0.36898855330034497,0.14614406242815278,recommendation_v2_test,treatment
U00396,UK,mobile,web,1.0,0.9425684003143379,0.7341463457609181,0.16838406149853238,recommendation_v2_test,treatment
U00397,Australia,tablet,ios,1.0,0.8517221827525187,0.24169959798113094,0.39026333656497464,recommendation_v2_test,control
U00398,UK,tablet,android,1.0,0.6929265905858549,0.9873126199571438,0.1328290579836519,recommendation_v2_test,treatment
U00399,UK,mobile,web,1.1,0.3397359477490304,0.07124447736659112,0.31141808983598224,recommendation_v2_test,control
U00400,Australia,tablet,android,1.0,0.33504687750513473,0.8456994006469721,0.3360395517438184,recommendation_v2_test,treatment
U00401,UK,tablet,android,1.0,0.9529751615601034,0.6507945897177367,0.11374437592558717,recommendation_v2_test,treatment
U00402,UK,tablet,web,1.0,0.14163896797290498,0.15269013384142072,0.42814366431042944,recommendation_v2_test,control
U00403,India,mobile,ios,1.0,0.1397875904698681,0.44107742961728424,0.2778945745968987,recommendation_v2_test,treatment
U00404,Germany,desktop,android,1.0,0.032043589378177195,0.6143861065351858,0.25554490158529325,recommendation_v2_test,control
U00405,UK,desktop,web,1.0,0.01377735529405033,0.24829424788529275,0.3011010276467287,recommendation_v2_test,treatment
U00406,UK,desktop,web,1.1,0.37783764419282395,0.5304411796030789,0.37643357584320564,recommendation_v2_test,treatment
U00407,India,mobile,ios,1.1,0.34483125939883785,0.4212801276832546,0.10515806917238764,recommendation_v2_test,treatment
U00408,India,tablet,web,1.1,0.022268820629600006,0.6013727628113479,0.4701142370085969,recommendation_v2_test,treatment
U00409,Australia,mobile,web,1.1,0.6323550507663013,0.92916263227107,0.589552646244575,recommendation_v2_test,treatment
U00410,Germany,mobile,ios,1.0,0.5469877875782182,0.14674323320765248,0.23495720673504894,recommendation_v2_test,control
U00411,India,tablet,android,1.0,0.45250793152438407,0.8426546217181962,0.22814569449560862,recommendation_v2_test,treatment
U00412,India,desktop,android,1.1,0.4748768364757039,0.13092131214649905,0.07844682041651509,recommendation_v2_test,control
U00413,Germany,tablet,web,1.0,0.5040639065645509,0.0907017660899686,0.28301031630283274,recommendation_v2_test,control
U00414,India,tablet,web,1.1,0.9711351518023279,0.25883563723739966,0.3274998818371654,recommendation_v2_test,control
U00415,Germany,tablet,android,1.0,0.2794873735701896,0.8554753634178817,0.2644392078799349,recommendation_v2_test,treatment
U00416,UK,desktop,web,1.1,0.1864832947558639,0.3014006367201857,0.06708828003841197,recommendation_v2_test,treatment
U00417,UK,desktop,ios,1.0,0.6800349354078914,0.18132145876585237,0.4211470138232283,recommendation_v2_test,treatment
U00418,UK,mobile,ios,1.0,0.3488606520463975,0.7167517501636094,0.30658009472608866,recommendation_v2_test,treatment
U00419,Germany,desktop,android,1.1,0.5719506256412027,0.2138308212779978,0.5450502029790254,recommendation_v2_test,control
U00420,UK,desktop,web,1.0,0.4946002239744529,0.1239380544408778,0.18115654404365839,recommendation_v2_test,treatment
U00421,Germany,tablet,ios,1.0,0.8069442243540357,0.9369072881309537,0.3835926552243695,recommendation_v2_test,control
U00422,India,tablet,ios,1.1,0.9928079572704449,0.34153826220162287,0.13957110318348637,recommendation_v2_test,control
U00423,India,desktop,web,1.1,0.17791248829614448,0.6131094189941395,0.057768603412253185,recommendation_v2_test,control
U00424,India,tablet,ios,1.0,0.03956020839019181,0.10824944147485704,0.18213692155380296,recommendation_v2_test,control
U00425,UK,mobile,web,1.0,0.27935481219372915,0.19294173649348212,0.2582415100889852,recommendation_v2_test,control
U00426,UK,desktop,web,1.0,0.327923883530704,0.08973127774125123,0.06386272091938919,recommendation_v2_test,control
U00427,India,mobile,android,1.1,0.9908097655511221,0.928526175057329,0.3273206455457727,recommendation_v2_test,control
U00428,Australia,desktop,web,1.0,0.7739394386376562,0.7647566879326486,0.5143497966703444,recommendation_v2_test,control
U00429,UK,tablet,android,1.0,0.7668755681071976,0.8063987287958786,0.21965279237376256,recommendation_v2_test,treatment
U00430,India,tablet,ios,1.0,0.9942691791632828,0.7700907181588694,0.10129899792837999,recommendation_v2_test,treatment
U00431,UK,desktop,android,1.0,0.7701869494441829,0.7992229216590553,0.38132563920029616,recommendation_v2_test,treatment
U00432,Germany,tablet,ios,1.0,0.2759238420408132,0.4141775215926705,0.07335187405545406,recommendation_v2_test,treatment
U00433,Germany,desktop,ios,1.0,0.392735012101753,0.42510263199230647,0.5336764534182268,recommendation_v2_test,control
U00434,India,mobile,web,1.1,0.42597096481284924,0.327807720693986,0.3263816271343303,recommendation_v2_test,control
U00435,India,desktop,ios,1.0,0.5026793247960669,0.15180173307883127,0.24356146866263134,recommendation_v2_test,treatment
U00436,Germany,desktop,ios,1.0,0.8239123610507965,0.25672176153516624,0.5833743683570555,recommendation_v2_test,control
U00437,India,tablet,ios,1.1,0.8381365548303041,0.14210392585164267,0.3395530498492575,recommendation_v2_test,control
U00438,Germany,mobile,android,1.1,0.5841621491832959,0.2634493143569058,0.5612794346039442,recommendation_v2_test,control
U00439,Australia,mobile,ios,1.1,0.7210405546667255,0.05884853733243178,0.37882081826341196,recommendation_v2_test,control
U00440,India,tablet,android,1.0,0.5122429711066271,0.25855717814874,0.4146084483453064,recommendation_v2_test,control
U00441,UK,mobile,ios,1.1,0.8947285817147318,0.18597441987570917,0.22779623640080754,recommendation_v2_test,control
U00442,India,desktop,ios,1.1,0.4426560151602582,0.15629132196097506,0.10728332159157937,recommendation_v2_test,treatment
U00443,Germany,tablet,web,1.0,0.8725317491484982,0.48237600462911445,0.5572967012003018,recommendation_v2_test,treatment
U00444,Australia,mobile,web,1.0,0.9296321877242243,0.9474930450447849,0.22309459610594984,recommendation_v2_test,control
U00445,UK,desktop,web,1.0,0.4161616800672908,0.19004521595959667,0.544106461166656,recommendation_v2_test,treatment
U00446,Australia,mobile,ios,1.1,0.06715567773497289,0.03875133152842947,0.4095517599173063,recommendation_v2_test,treatment
U00447,India,desktop,ios,1.1,0.09402120216883036,0.9498513799158633,0.4616829567912024,recommendation_v2_test,treatment
U00448,UK,tablet,ios,1.0,0.3201609688928694,0.3683441642063441,0.34544495657975016,recommendation_v2_test,treatment
U00449,UK,mobile,web,1.0,0.3688783807374707,0.25454931462728214,0.26225671030476816,recommendation_v2_test,control
U00450,India,mobile,web,1.0,0.6269523404322688,0.38815383457806507,0.2399608662432206,recommendation_v2_test,treatment
U00451,Germany,desktop,web,1.1,0.3788679563479572,0.5875194925558406,0.5814114439524969,recommendation_v2_test,control
U00452,UK,desktop,android,1.1,0.7936726242564269,0.05871868165014971,0.28600437930809125,recommendation_v2_test,control
U00453,Australia,tablet,ios,1.1,0.4583762911615126,0.09278545412673944,0.3591050460920773,recommendation_v2_test,treatment
U00454,India,mobile,web,1.1,0.5076769974617779,0.7234313683772865,0.528149004783188,recommendation_v2_test,treatment
U00455,Germany,desktop,web,1.1,0.7545702954396313,0.8424550014526674,0.5279795824523514,recommendation_v2_test,control
U00456,India,mobile,android,1.1,0.21626930979755143,0.8603458907817834,0.4066187268618486,recommendation_v2_test,control
U00457,UK,desktop,android,1.0,0.3390236259198265,0.7037776945402245,0.16239774986640132,recommendation_v2_test,treatment
U00458,Germany,mobile,ios,1.1,0.7642103495801168,0.19979493065813259,0.2107713488864954,recommendation_v2_test,control
U00459,India,tablet,android,1.1,0.6105220042138247,0.30762848542413035,0.21451882929158722,recommendation_v2_test,control
U00460,Germany,mobile,android,1.1,0.043175225056884536,0.004857337777279036,0.4512222983235385,recommendation_v2_test,control
U00461,Australia,tablet,android,1.1,0.4716401906243787,0.486045249560873,0.2898750324570079,recommendation_v2_test,control
U00462,India,mobile,web,1.1,0.43115095714111507,0.5981678800407747,0.5439660442756019,recommendation_v2_test,control
U00463,Germany,tablet,web,1.0,0.3846834726613414,0.18070619576680946,0.2436662606590435,recommendation_v2_test,control
U00464,India,mobile,android,1.0,0.7640760534212905,0.49628874282923585,0.5555850702194741,recommendation_v2_test,treatment
U00465,Australia,mobile,web,1.0,0.4032735829303441,0.08027732040403712,0.19450127802815842,recommendation_v2_test,treatment
U00466,UK,tablet,android,1.0,0.1981177414120907,0.5736406687957091,0.32389905993623613,recommendation_v2_test,control
U00467,Australia,desktop,android,1.0,0.8267623598949471,0.13858055144246284,0.2856159552128061,recommendation_v2_test,treatment
U00468,India,tablet,android,1.1,0.3695716063567577,0.5677455990937528,0.08802696975399382,recommendation_v2_test,treatment
U00469,UK,mobile,web,1.0,0.7278808919985219,0.2880599687221407,0.44805990960551073,recommendation_v2_test,treatment
U00470,India,mobile,web,1.1,0.8355301981110916,0.08892874305028264,0.06306607855145259,recommendation_v2_test,treatment
U00471,Australia,mobile,ios,1.1,0.23470348905189575,0.5482733178581887,0.28443431174903117,recommendation_v2_test,control
U00472,UK,tablet,web,1.0,0.5006608406612697,0.9890919394999024,0.1325712562120914,recommendation_v2_test,control
U00473,Germany,tablet,web,1.0,0.47764876957297075,0.8863348239330235,0.4158676810822666,recommendation_v2_test,treatment
U00474,Australia,tablet,web,1.0,0.41857479136145426,0.3665810634990505,0.3367937655868968,recommendation_v2_test,treatment
U00475,UK,desktop,ios,1.0,0.3054806123711701,0.25085289165512215,0.25077598578661714,recommendation_v2_test,control
U00476,India,mobile,web,1.1,0.6021193918334273,0.13378642559385545,0.4316226338149507,recommendation_v2_test,treatment
U00477,Australia,tablet,android,1.0,0.15060059433726392,0.008617257133752054,0.07598768637106681,recommendation_v2_test,control
U00478,UK,tablet,android,1.1,0.0448803224762766,0.7480709590798926,0.08952419121252803,recommendation_v2_test,treatment
U00479,Australia,desktop,ios,1.1,0.3592043972677377,0.010934721110663737,0.3773541436689842,recommendation_v2_test,control
U00480,India,tablet,web,1.0,0.1894912771872158,0.12392589275351495,0.35539059094503084,recommendation_v2_test,treatment
U00481,Germany,desktop,android,1.1,0.7530732736205097,0.8925414947950872,0.4931749840882657,recommendation_v2_test,treatment
U00482,India,mobile,ios,1.1,0.29741195909358,0.32978537955150244,0.5625694030764979,recommendation_v2_test,treatment
U00483,Germany,tablet,web,1.1,0.4169125367187445,0.5374375733539766,0.3179134809540319,recommendation_v2_test,treatment
U00484,UK,mobile,ios,1.0,0.5276363606044822,0.06737430513300624,0.5623040611198891,recommendation_v2_test,treatment
U00485,Australia,mobile,android,1.0,0.7653212239386366,0.09693454178931371,0.5451529547884751,recommendation_v2_test,treatment
U00486,Australia,tablet,android,1.0,0.6918470612856529,0.6316285421713178,0.4665421880069552,recommendation_v2_test,control
U00487,India,tablet,web,1.1,0.5861762952709719,0.3224633185817777,0.43350051400646095,recommendation_v2_test,treatment
U00488,India,tablet,android,1.1,0.6643448684342539,0.4371280421998007,0.4658664453586909,recommendation_v2_test,control
U00489,UK,tablet,ios,1.0,0.2024052795037623,0.5394377586643895,0.314756468493912,recommendation_v2_test,treatment
U00490,Australia,desktop,android,1.0,0.40427645633044895,0.5829782620655608,0.37185524321772945,recommendation_v2_test,treatment
U00491,UK,desktop,ios,1.1,0.6415472033408566,0.790243155389435,0.3936183490765254,recommendation_v2_test,control
U00492,Australia,desktop,android,1.1,0.10119336675333235,0.27315654072552,0.34006987936197214,recommendation_v2_test,treatment
U00493,Australia,tablet,ios,1.1,0.09040807847189758,0.5922749504444044,0.1719558932004044,recommendation_v2_test,treatment
U00494,India,tablet,web,1.1,0.5934562725899734,0.5913626097517097,0.2362252937659477,recommendation_v2_test,control
U00495,Germany,desktop,web,1.1,0.7233203309671565,0.5197536596958431,0.252527812436604,recommendation_v2_test,control
U00496,UK,mobile,web,1.0,0.19302518953937065,0.37338354325867473,0.569279005891951,recommendation_v2_test,treatment
U00497,UK,desktop,web,1.0,0.10575013746151407,0.33830552460296404,0.49865184955308123,recommendation_v2_test,treatment
U00498,Australia,desktop,web,1.1,0.8027049761268789,0.11082076969870414,0.384762863944731,recommendation_v2_test,treatment
U00499,Australia,tablet,android,1.0,0.050944089003022275,0.9233026902578786,0.5360164548648656,recommendation_v2_test,control
U00500,Germany,desktop,web,1.1,0.2117411027761249,0.8194507555446373,0.3242300211156695,recommendation_v2_test,treatment
U00501,India,mobile,ios,1.1,0.9504962698027061,0.8291504903457503,0.20245897711579686,recommendation_v2_test,treatment
U00502,Australia,mobile,ios,1.1,0.9370627248797014,0.5324153197128694,0.4032745764193443,recommendation_v2_test,treatment
U00503,Australia,desktop,web,1.0,0.11944843592870036,0.09675289836109602,0.1780026806719031,recommendation_v2_test,control
U00504,UK,tablet,ios,1.0,0.22669865191471072,0.5486140593222075,0.1683221699430509,recommendation_v2_test,treatment
U00505,UK,mobile,ios,1.1,0.3680932709966155,0.6261592858404692,0.551712937224772,recommendation_v2_test,control
U00506,UK,mobile,web,1.1,0.9024899674229186,0.8290875833359028,0.3972072545183468,recommendation_v2_test,treatment
U00507,Germany,desktop,ios,1.1,0.6904955512178131,0.016482200596157015,0.5769509185383573,recommendation_v2_test,control
U00508,Australia,desktop,android,1.1,0.37728183906136314,0.012397213915795957,0.3303540629320441,recommendation_v2_test,treatment
U00509,UK,desktop,android,1.0,0.33971705416207676,0.24982608780972204,0.3401496809734505,recommendation_v2_test,control
U00510,Australia,desktop,android,1.1,0.17292730776693144,0.319665567627087,0.21167825900851406,recommendation_v2_test,control
U00511,Germany,desktop,android,1.0,0.6437404654242731,0.9500017705742079,0.20687159702162705,recommendation_v2_test,control
U00512,Germany,tablet,web,1.0,0.26238847273362453,0.4637197279965928,0.06704713366462395,recommendation_v2_test,control
U00513,Australia,desktop,ios,1.1,0.7467317148380467,0.5165745048430123,0.3821695657382446,recommendation_v2_test,control
U00514,UK,desktop,ios,1.0,0.09995185577451304,0.6549959242014641,0.5975554147721769,recommendation_v2_test,treatment
U00515,UK,mobile,ios,1.1,0.7510087528825579,0.8267748280138787,0.349862695672452,recommendation_v2_test,control
U00516,India,desktop,android,1.1,0.8589662496934306,0.12228953720281865,0.5594002079511748,recommendation_v2_test,treatment
U00517,UK,mobile,android,1.1,0.07674042655969726,0.19462821160492227,0.05214178050962294,recommendation_v2_test,treatment
U00518,Germany,desktop,web,1.0,0.16599291148702733,0.4510901608039063,0.2713039857447011,recommendation_v2_test,treatment
U00519,Australia,tablet,ios,1.1,0.6525672517670819,0.12441038872652388,0.2124649370904178,recommendation_v2_test,control
U00520,Germany,tablet,ios,1.0,0.4068558393908265,0.9425046192334813,0.5728656628082172,recommendation_v2_test,treatment
U00521,UK,desktop,web,1.1,0.45674559835399897,0.7534605394363417,0.06736973188114918,recommendation_v2_test,control
U00522,India,mobile,ios,1.1,0.2325522624430636,0.6660522992691486,0.24317261010371405,recommendation_v2_test,treatment
U00523,UK,tablet,web,1.1,0.4928378000687822,0.7728950870948578,0.19912583742929968,recommendation_v2_test,treatment
U00524,India,desktop,android,1.0,0.8608861685209939,0.8230676165684149,0.5461823176249506,recommendation_v2_test,treatment
U00525,UK,tablet,web,1.1,0.22833623163192596,0.9318242907953155,0.36416725524359866,recommendation_v2_test,treatment
U00526,India,desktop,web,1.1,0.34260235665027783,0.2885530069609521,0.1827228858876408,recommendation_v2_test,control
U00527,Australia,mobile,ios,1.0,0.8877616757138874,0.6301519692743847,0.33653659801567537,recommendation_v2_test,treatment
U00528,India,desktop,android,1.0,0.20927734757195093,0.8229358771930972,0.15911062980484042,recommendation_v2_test,control
U00529,Germany,tablet,web,1.1,0.5748690420277343,0.8629263749548285,0.21007769384785752,recommendation_v2_test,control
U00530,Australia,tablet,ios,1.1,0.7987498277617607,0.6645797095273142,0.5154886593444831,recommendation_v2_test,control
U00531,India,tablet,android,1.0,0.8139156837095703,0.7445797595180336,0.2990785911416099,recommendation_v2_test,treatment
U00532,Australia,tablet,android,1.0,0.5654659162762375,0.10594235699096155,0.1741763567364464,recommendation_v2_test,treatment
U00533,UK,tablet,web,1.0,0.3940840894152582,0.24598101819062024,0.3203856838635999,recommendation_v2_test,control
U00534,Germany,tablet,ios,1.1,0.07011443204418388,0.5748207312401155,0.30700035234078393,recommendation_v2_test,treatment
U00535,UK,desktop,ios,1.0,0.3986448208534151,0.47188071242948937,0.3700995208160277,recommendation_v2_test,control
U00536,India,desktop,android,1.0,0.8178353099580807,0.7456479912378577,0.23775817179965603,recommendation_v2_test,control
U00537,Germany,tablet,ios,1.1,0.1534922053741905,0.5826824617307588,0.20692159647956754,recommendation_v2_test,control
U00538,Australia,tablet,ios,1.0,0.6714035241730318,0.2551246560576339,0.3311290698864687,recommendation_v2_test,treatment
U00539,India,tablet,ios,1.0,0.8757384859632077,0.9869445812038946,0.5311679668428397,recommendation_v2_test,control
U00540,India,mobile,web,1.1,0.03214939510056125,0.39330188369930785,0.528903355324825,recommendation_v2_test,control
U00541,Australia,tablet,web,1.1,0.3878640250826205,0.812296946470286,0.4402571221715214,recommendation_v2_test,treatment
U00542,India,desktop,ios,1.1,0.2299480178186324,0.1703915091586249,0.4035420703834698,recommendation_v2_test,control
U00543,Australia,tablet,android,1.0,0.2496703789338265,0.13949884796218992,0.5233099554004976,recommendation_v2_test,control
U00544,Australia,mobile,android,1.1,0.9908724780022046,0.012140900922043563,0.35606734978093674,recommendation_v2_test,control
U00545,Germany,desktop,web,1.1,0.35528153955277697,0.41034135889904155,0.142365889329375,recommendation_v2_test,treatment
U00546,UK,tablet,web,1.1,0.13666332077883026,0.39345707398832175,0.5410977474494756,recommendation_v2_test,treatment
U00547,Australia,mobile,web,1.0,0.5550422850525477,0.3340938596599533,0.19962485404771818,recommendation_v2_test,treatment
U00548,Germany,desktop,web,1.0,0.5296252409594838,0.7066959213132259,0.36641222394567613,recommendation_v2_test,control
U00549,Australia,mobile,android,1.1,0.17497783748748819,0.7648120006111286,0.2483108109267177,recommendation_v2_test,control
U00550,UK,tablet,android,1.0,0.1866621036954298,0.49702584621748225,0.06811480808409827,recommendation_v2_test,control
U00551,Australia,mobile,android,1.1,0.8373834783054255,0.08078536393781044,0.5351427401909573,recommendation_v2_test,control
U00552,UK,tablet,web,1.1,0.6984285545788399,0.6741530672939647,0.33880127833967505,recommendation_v2_test,treatment
U00553,UK,desktop,web,1.1,0.10052200141670842,0.3157644778460912,0.0898502354777295,recommendation_v2_test,control
U00554,Germany,tablet,ios,1.0,0.6753444706761884,0.8411200645043214,0.5950501364420687,recommendation_v2_test,treatment
U00555,UK,mobile,android,1.1,0.8874228981367364,0.04887537685087562,0.4647498081020653,recommendation_v2_test,control
U00556,Germany,desktop,ios,1.1,0.5140481960388648,0.2597422520866369,0.12437174910219231,recommendation_v2_test,control
U00557,UK,mobile,web,1.0,0.6377900401345777,0.3514108513995381,0.16914839101322982,recommendation_v2_test,treatment
U00558,Australia,tablet,android,1.1,0.5391682923569977,0.9349578168658509,0.2619778272927817,recommendation_v2_test,control
U00559,Germany,tablet,web,1.0,0.7398310940385044,0.98844741383193,0.5156290189582993,recommendation_v2_test,treatment
U00560,India,desktop,ios,1.1,0.3532895494369468,0.6794852182581039,0.4737174607497298,recommendation_v2_test,control
U00561,UK,tablet,android,1.0,0.06130406577344227,0.5958579507309852,0.11546328249019272,recommendation_v2_test,treatment
U00562,UK,mobile,ios,1.0,0.7310298731484106,0.18380812387850054,0.14116412076329388,recommendation_v2_test,treatment
U00563,India,mobile,android,1.1,0.6935054243560607,0.03994646561762649,0.06556076810096302,recommendation_v2_test,treatment
U00564,UK,desktop,ios,1.0,0.5967263504319288,0.4346041756809653,0.55782190927064,recommendation_v2_test,treatment
U00565,Australia,mobile,web,1.1,0.05405431161859919,0.9558605341889254,0.5894166073495937,recommendation_v2_test,treatment
U00566,Australia,tablet,android,1.0,0.21999343932726134,0.8125163402479647,0.4549947534308622,recommendation_v2_test,control
U00567,India,mobile,web,1.0,0.46279893781678505,0.8264105499727091,0.426114576383742,recommendation_v2_test,treatment
U00568,UK,desktop,web,1.1,0.2704700793824789,0.371711259829534,0.07511425699018838,recommendation_v2_test,control
U00569,India,tablet,ios,1.0,0.4382383570875735,0.24535626493362672,0.1651850048026859,recommendation_v2_test,treatment
U00570,UK,desktop,web,1.0,0.06420885156546441,0.7675074159808983,0.25705818892350124,recommendation_v2_test,treatment
U00571,Germany,desktop,android,1.0,0.8150448234080938,0.3208368959398171,0.4669199161918098,recommendation_v2_test,control
U00572,UK,tablet,ios,1.1,0.43168108117702464,0.7477897231466647,0.30184355336326196,recommendation_v2_test,control
U00573,Australia,desktop,web,1.1,0.3177223348092938,0.1042502162800012,0.27816860303939084,recommendation_v2_test,treatment
U00574,Australia,mobile,web,1.0,0.5569337212134503,0.9307111812056468,0.06992228207491698,recommendation_v2_test,control
U00575,Australia,desktop,web,1.0,0.020261128204139167,0.24954817593872036,0.11516688879514085,recommendation_v2_test,treatment
U00576,Australia,mobile,android,1.0,0.4013063353821963,0.5290393934888903,0.050544496659512356,recommendation_v2_test,control
U00577,India,mobile,android,1.0,0.5496733992627437,0.3290748704012698,0.3516187548190949,recommendation_v2_test,control
U00578,UK,mobile,ios,1.0,0.9413669012702468,0.10830812118899402,0.11977231137894424,recommendation_v2_test,control
U00579,India,mobile,web,1.1,0.6176602401699961,0.6102899517038506,0.5926840108351913,recommendation_v2_test,control
U00580,Germany,mobile,ios,1.1,0.2040131465540409,0.6230715035620354,0.2810459609165354,recommendation_v2_test,treatment
U00581,India,desktop,ios,1.1,0.14922772844025645,0.9970690110762436,0.2585187836003517,recommendation_v2_test,control
U00582,Germany,desktop,android,1.1,0.05760105037897478,0.9228643629251906,0.36229626194488873,recommendation_v2_test,control
U00583,Germany,tablet,web,1.0,0.5333874308310322,0.6735137147252437,0.300936019063225,recommendation_v2_test,treatment
U00584,UK,mobile,web,1.0,0.8543927909934985,0.03447099283276278,0.43987414314244677,recommendation_v2_test,treatment
U00585,Australia,tablet,ios,1.0,0.16104568281993992,0.6741443008931345,0.08299495902194154,recommendation_v2_test,treatment
U00586,India,desktop,android,1.1,0.5881463481140702,0.3651847030210672,0.43350526279265134,recommendation_v2_test,control
U00587,Germany,desktop,ios,1.0,0.5631355435851098,0.8819072171389275,0.41675830712974743,recommendation_v2_test,treatment
U00588,Australia,desktop,web,1.0,0.08588620943757286,0.2446271327590287,0.05615271419778229,recommendation_v2_test,control
U00589,India,tablet,web,1.0,0.8148759426853727,0.1686448818049786,0.20598063228306562,recommendation_v2_test,treatment
U00590,Germany,desktop,android,1.0,0.7983508127598611,0.9576934080154231,0.5314119660079666,recommendation_v2_test,control
U00591,Australia,mobile,android,1.1,0.14794691330471144,0.9133811065621014,0.3348332166177181,recommendation_v2_test,control
U00592,India,desktop,web,1.0,0.011809088179004612,0.24794699166088474,0.5527110348047215,recommendation_v2_test,control
U00593,India,tablet,ios,1.1,0.10076152112137304,0.5921787435056695,0.1914327607169271,recommendation_v2_test,control
U00594,Australia,desktop,ios,1.0,0.2834655502433575,0.5738453020245975,0.15082498902824715,recommendation_v2_test,control
U00595,UK,desktop,android,1.1,0.12818207318280406,0.930594270876904,0.3281485846997686,recommendation_v2_test,control
U00596,UK,tablet,android,1.1,0.7100009412225455,0.716130940992838,0.5313049433838098,recommendation_v2_test,control
U00597,India,desktop,web,1.0,0.09950964286545716,0.6062506194501415,0.08649404207381958,recommendation_v2_test,treatment
U00598,Germany,mobile,ios,1.0,0.5488875890065671,0.16033812494286803,0.38572402568841024,recommendation_v2_test,treatment
U00599,Germany,tablet,web,1.1,0.30954350813762743,0.548954532694496,0.3596559180474974,recommendation_v2_test,control
U00600,India,desktop,web,1.1,0.21008712382353356,0.9792432395867943,0.10394390490001285,recommendation_v2_test,treatment
U00601,Germany,tablet,ios,1.1,0.24485474719371592,0.7456750006602998,0.09646449262238957,recommendation_v2_test,treatment
U00602,UK,tablet,ios,1.1,0.11075031839640159,0.07950556309237022,0.4629599833900543,recommendation_v2_test,control
U00603,UK,mobile,android,1.1,0.762073021030176,0.6981902447177161,0.20323332894839802,recommendation_v2_test,treatment
U00604,Australia,tablet,web,1.1,0.09155983437056892,0.32616264200356604,0.17906974600387676,recommendation_v2_test,control
U00605,UK,desktop,ios,1.1,0.47424258142538656,0.5707306061202463,0.22278518844308826,recommendation_v2_test,control
U00606,UK,mobile,ios,1.0,0.859680301241987,0.6024169621534105,0.25789377025847854,recommendation_v2_test,control
U00607,UK,tablet,ios,1.0,0.2538910879223857,0.23010315405733928,0.5919505091925221,recommendation_v2_test,treatment
U00608,India,tablet,web,1.1,0.004984965294472898,0.18431000208985737,0.399547711135193,recommendation_v2_test,control
U00609,Australia,desktop,android,1.1,0.7647242191417579,0.44738407280411996,0.4622332376460487,recommendation_v2_test,control
U00610,India,tablet,android,1.0,0.6425258878885334,0.9186646150612952,0.1867710641198953,recommendation_v2_test,treatment
U00611,India,tablet,ios,1.0,0.6484481705876465,0.7828381550557844,0.3880334205888343,recommendation_v2_test,control
U00612,Australia,desktop,ios,1.1,0.15166370877944457,0.21557071033021835,0.1984446391759881,recommendation_v2_test,control
U00613,India,desktop,web,1.0,0.24447584248583953,0.8828093321445801,0.25565701216127285,recommendation_v2_test,control
U00614,India,desktop,web,1.0,0.18194295527675264,0.7316270154302333,0.2966520442478719,recommendation_v2_test,treatment
U00615,UK,mobile,ios,1.1,0.8157636115954137,0.7235593540918033,0.5280005287851909,recommendation_v2_test,control
U00616,India,tablet,ios,1.0,0.6109586784166986,0.6088078092055942,0.1970148178458283,recommendation_v2_test,control
U00617,India,mobile,android,1.0,0.6593141959164528,0.7809189910307799,0.468524138734352,recommendation_v2_test,treatment
U00618,Germany,mobile,web,1.0,0.45361417845462193,0.5468134602405106,0.5554979203827056,recommendation_v2_test,control
U00619,UK,tablet,android,1.1,0.8502623851359796,0.9645812044363112,0.30602499844298153,recommendation_v2_test,control
U00620,Australia,mobile,android,1.0,0.39027614177234315,0.25768709127299727,0.14346732524858702,recommendation_v2_test,treatment
U00621,Australia,tablet,android,1.0,0.959379272315231,0.7608388403212071,0.40252011966887286,recommendation_v2_test,control
U00622,India,tablet,ios,1.0,0.6464270380582822,0.1866921182812653,0.5657379878947887,recommendation_v2_test,control
U00623,UK,mobile,web,1.0,0.7111627981941575,0.6564487180661819,0.29821440508881786,recommendation_v2_test,control
U00624,UK,desktop,android,1.0,0.673328307401955,0.2706106951951939,0.20005978717205153,recommendation_v2_test,control
U00625,Germany,mobile,web,1.0,0.3312510603113281,0.45417901170226926,0.1547307275664922,recommendation_v2_test,treatment
U00626,Germany,mobile,android,1.1,0.12887740467047515,0.6888970079888351,0.5691709192244281,recommendation_v2_test,treatment
U00627,India,desktop,android,1.1,0.09831659112586444,0.04295762737564457,0.4467528826326119,recommendation_v2_test,treatment
U00628,Germany,tablet,ios,1.1,0.05681767839998142,0.7769070549568304,0.25709630303812,recommendation_v2_test,control
U00629,India,mobile,ios,1.0,0.996015755102527,0.06366358931886362,0.5048544080343996,recommendation_v2_test,treatment
U00630,UK,desktop,android,1.1,0.7117171199217964,0.8584344850731825,0.15108563842085954,recommendation_v2_test,control
U00631,UK,mobile,android,1.1,0.35385863932333395,0.12378733111713769,0.15237631475733138,recommendation_v2_test,control
U00632,UK,mobile,android,1.0,0.05691320212845086,0.9160262548324442,0.2216565121445329,recommendation_v2_test,control
U00633,Australia,tablet,android,1.1,0.1425712823271138,0.7149243028961909,0.380442689019888,recommendation_v2_test,treatment
U00634,India,tablet,android,1.0,0.18856007863455804,0.0766386614508815,0.3822738128693891,recommendation_v2_test,control
U00635,UK,tablet,ios,1.1,0.7107615350219296,0.9845850415432811,0.42290635479448785,recommendation_v2_test,control
U00636,UK,mobile,android,1.1,0.3646782903787963,0.004363621514715366,0.3289787976584513,recommendation_v2_test,treatment
U00637,Germany,tablet,web,1.0,0.4915131730528399,0.17377688778239075,0.08173096941654205,recommendation_v2_test,treatment
U00638,Australia,mobile,web,1.1,0.864074470742149,0.1432988392524911,0.20857521229575776,recommendation_v2_test,treatment
U00639,UK,mobile,ios,1.0,0.5534313698869836,0.6999221701376476,0.4063326144867887,recommendation_v2_test,treatment
U00640,Australia,desktop,android,1.1,0.09409930663622468,0.15430371872268445,0.5624870407541408,recommendation_v2_test,treatment
U00641,Germany,tablet,android,1.1,0.9166802844993672,0.6493926171077407,0.5605312564616908,recommendation_v2_test,treatment
U00642,Australia,desktop,android,1.0,0.06257111584615938,0.10948732570081521,0.10244439925057314,recommendation_v2_test,treatment
U00643,Germany,desktop,android,1.1,0.790648806600495,0.5902132743446247,0.13053989600633875,recommendation_v2_test,treatment
U00644,Australia,tablet,android,1.0,0.012993348671796245,0.28058862053274936,0.2318303047775378,recommendation_v2_test,control
U00645,Australia,mobile,ios,1.1,0.7599263975940903,0.6955520304126415,0.1264527931817459,recommendation_v2_test,control
U00646,Australia,tablet,web,1.1,0.19483768648139188,0.6480939302815164,0.3159314025520245,recommendation_v2_test,treatment
U00647,India,desktop,android,1.0,0.5183042758451654,0.09993180897236364,0.14033936298984664,recommendation_v2_test,treatment
U00648,India,mobile,ios,1.1,0.28486469044389007,0.35520432359600773,0.22714433346281981,recommendation_v2_test,treatment
U00649,Germany,tablet,web,1.1,0.9191598989333117,0.29992490582789555,0.11315907093757191,recommendation_v2_test,treatment
U00650,Australia,desktop,android,1.0,0.8019068334907483,0.8794234089116586,0.30991543099888946,recommendation_v2_test,treatment
U00651,India,tablet,ios,1.1,0.27092039338631246,0.4889755153442745,0.07052066082161018,recommendation_v2_test,control
U00652,UK,tablet,android,1.0,0.30874848850300496,0.5653165470049434,0.07363631910579438,recommendation_v2_test,control
U00653,India,mobile,android,1.1,0.07177709306076874,0.4770828662473765,0.2362825983814127,recommendation_v2_test,control
U00654,India,mobile,ios,1.0,0.7634112937325794,0.9515421931502825,0.12709885821183245,recommendation_v2_test,treatment
U00655,Australia,tablet,android,1.1,0.6416604053632571,0.7099263781425819,0.4372653896950195,recommendation_v2_test,treatment
U00656,Germany,tablet,android,1.0,0.5333585875147011,0.3238270024634159,0.10789167658071439,recommendation_v2_test,control
U00657,Germany,desktop,ios,1.0,0.2756350510833683,0.09422986444610026,0.15489993652749492,recommendation_v2_test,control
U00658,Australia,desktop,android,1.1,0.42105491299571207,0.09017197648949116,0.2883556540526746,recommendation_v2_test,treatment
U00659,UK,desktop,ios,1.1,0.5790266081990517,0.49156576733699897,0.3178401452677473,recommendation_v2_test,treatment
U00660,India,tablet,ios,1.1,0.4969795604601278,0.4792226128889776,0.0645635057177299,recommendation_v2_test,control
U00661,India,tablet,ios,1.0,0.25593908188074377,0.9994089253876713,0.4452793193274884,recommendation_v2_test,treatment
U00662,UK,mobile,web,1.0,0.02550156396019787,0.5996188995128691,0.08936047503407349,recommendation_v2_test,control
U00663,India,tablet,web,1.1,0.5460540667480798,0.6166389313959508,0.2105419208388874,recommendation_v2_test,control
U00664,UK,mobile,android,1.1,0.10178598874901745,0.08555764101839314,0.22117271006232309,recommendation_v2_test,treatment
U00665,UK,mobile,web,1.0,0.7076809100800767,0.801348931421939,0.3823690170894066,recommendation_v2_test,control
U00666,India,tablet,web,1.0,0.8487720850604766,0.5064733104983793,0.1726698703990624,recommendation_v2_test,control
U00667,India,tablet,ios,1.0,0.02620148418779311,0.24267404295502693,0.2516781586915852,recommendation_v2_test,treatment
U00668,India,desktop,ios,1.1,0.8831268820359235,0.29233822710969914,0.3364238343775428,recommendation_v2_test,treatment
U00669,India,desktop,web,1.1,0.15760151328847838,0.1035102683100585,0.32664738928068093,recommendation_v2_test,control
U00670,UK,tablet,web,1.1,0.5896248529053164,0.7738497613190006,0.26599053220850805,recommendation_v2_test,treatment
U00671,Australia,mobile,ios,1.0,0.03872260122899618,0.32894365047649265,0.3225202376977752,recommendation_v2_test,treatment
U00672,UK,desktop,ios,1.1,0.4806091484927877,0.6779428018639403,0.41682918995987334,recommendation_v2_test,treatment
U00673,Australia,mobile,android,1.0,0.5851478216413033,0.5964324678908418,0.2230849525004232,recommendation_v2_test,control
U00674,Germany,mobile,ios,1.1,0.6474108228760695,0.1350508046797747,0.2925730338214664,recommendation_v2_test,control
U00675,India,tablet,ios,1.0,0.8551639464842137,0.16317815706414363,0.3289867478539437,recommendation_v2_test,control
U00676,Germany,desktop,ios,1.0,0.915396937089632,0.4549252273343056,0.5748475522183383,recommendation_v2_test,control
U00677,India,mobile,android,1.1,0.9223895739956305,0.5568324163707806,0.16147278332724463,recommendation_v2_test,treatment
U00678,Germany,tablet,web,1.1,0.9445296658526259,0.43927206181049183,0.1976825062019021,recommendation_v2_test,control
U00679,Australia,mobile,ios,1.1,0.9741096189805822,0.028343770571398474,0.45724494512796965,recommendation_v2_test,control
U00680,Australia,tablet,web,1.0,0.11017004510613315,0.6919570984497087,0.4063798567426835,recommendation_v2_test,treatment
U00681,Australia,mobile,ios,1.1,0.5234238478448924,0.9071973733366125,0.5328949845459874,recommendation_v2_test,control
U00682,Australia,tablet,ios,1.1,0.25171064174943225,0.5059755039111326,0.10544625779097903,recommendation_v2_test,treatment
U00683,Australia,desktop,web,1.0,0.5111729625007231,0.05438197416681778,0.21473186965105523,recommendation_v2_test,treatment
U00684,Germany,mobile,ios,1.1,0.7867867120225087,0.05730295454052614,0.5176560268354613,recommendation_v2_test,control
U00685,UK,tablet,ios,1.0,0.6590040659703221,0.40261303170344953,0.13480498520429732,recommendation_v2_test,control
U00686,UK,desktop,web,1.0,0.8784721553959879,0.9242897594096086,0.501887225356272,recommendation_v2_test,control
U00687,Germany,desktop,android,1.1,0.9846073766009298,0.24790168983118288,0.09177160124786411,recommendation_v2_test,treatment
U00688,India,desktop,web,1.0,0.32233877280804424,0.007085354169948044,0.37793167525136306,recommendation_v2_test,control
U00689,UK,mobile,web,1.0,0.04043193139300372,0.3643615764756113,0.5334328798125515,recommendation_v2_test,control
U00690,India,desktop,android,1.1,0.7565469634019073,0.32810080919019957,0.5019024042566227,recommendation_v2_test,control
U00691,India,tablet,web,1.1,0.0009924640506289162,0.03509076592280813,0.5949762142583348,recommendation_v2_test,treatment
U00692,Germany,tablet,android,1.1,0.9023032049180275,0.020442983142750837,0.4855160093850906,recommendation_v2_test,treatment
U00693,UK,desktop,ios,1.1,0.006715784163385141,0.28819930120056425,0.46322807668521615,recommendation_v2_test,treatment
U00694,India,tablet,android,1.1,0.30125618944626376,0.3103625912878629,0.581720180003118,recommendation_v2_test,control
U00695,Australia,desktop,ios,1.0,0.5523327502406995,0.40950233686438875,0.35396936052857775,recommendation_v2_test,treatment
U00696,Germany,desktop,web,1.1,0.909051019798284,0.9321102598153617,0.36036291320616254,recommendation_v2_test,control
U00697,UK,desktop,ios,1.1,0.8383235912959066,0.5629822420663771,0.43498956200224365,recommendation_v2_test,treatment
U00698,India,tablet,android,1.1,0.7461335557293095,0.20864533255599838,0.3241060008619886,recommendation_v2_test,control
U00699,UK,desktop,web,1.0,0.855962508813682,0.6100245084449121,0.12102498243401179,recommendation_v2_test,control
U00700,Germany,tablet,android,1.1,0.758299543463637,0.3920424618618562,0.5198113786822456,recommendation_v2_test,control
U00701,Australia,desktop,web,1.1,0.0006423036998737253,0.6448731146778622,0.4449966856703651,recommendation_v2_test,treatment
U00702,India,desktop,web,1.0,0.8099364737117083,0.6813727171652418,0.20294072184601264,recommendation_v2_test,control
U00703,Germany,tablet,ios,1.1,0.9879389289124246,0.9712613162688684,0.5554003475455495,recommendation_v2_test,control
U00704,Australia,tablet,web,1.1,0.17217066368292422,0.5433514174237577,0.47095708731687996,recommendation_v2_test,treatment
U00705,Germany,desktop,ios,1.1,0.10965589919169827,0.3809403480486341,0.32828043022651143,recommendation_v2_test,treatment
U00706,Australia,desktop,web,1.0,0.15352829404463053,0.8376172928554871,0.316411342560798,recommendation_v2_test,control
U00707,UK,mobile,web,1.0,0.4734754019943266,0.1643787259244437,0.43781927029957196,recommendation_v2_test,treatment
U00708,UK,tablet,ios,1.0,0.5921769448817807,0.154444643485386,0.21697045837691287,recommendation_v2_test,control
U00709,UK,tablet,web,1.1,0.8858886951442001,0.22524780417950696,0.2315133887867663,recommendation_v2_test,control
U00710,Germany,desktop,ios,1.0,0.9976479671837004,0.11444531897113008,0.5185807695808748,recommendation_v2_test,treatment
U00711,UK,tablet,ios,1.1,0.34403716825915376,0.5192261042882962,0.21085723764361008,recommendation_v2_test,control
U00712,India,tablet,web,1.0,0.9258421788774506,0.6226913443560438,0.3328756332130758,recommendation_v2_test,treatment
U00713,Germany,tablet,ios,1.1,0.9045063504194472,0.1844459608868413,0.5853417760602481,recommendation_v2_test,treatment
U00714,UK,tablet,web,1.1,0.48290783237107116,0.8372015493375974,0.2187257459674628,recommendation_v2_test,treatment
U00715,India,tablet,web,1.0,0.3070519159625087,0.44573266335973283,0.22727584497888198,recommendation_v2_test,treatment
U00716,Germany,desktop,android,1.1,0.25667589214216757,0.7452811721545722,0.09054163801140852,recommendation_v2_test,control
U00717,India,tablet,ios,1.1,0.401698775502482,0.7224778231674704,0.5533261220598045,recommendation_v2_test,control
U00718,Australia,tablet,web,1.0,0.4842135142800644,0.7793575447858054,0.21092702441701794,recommendation_v2_test,treatment
U00719,UK,tablet,android,1.0,0.8059905823855381,0.08680044335072334,0.07441851330082458,recommendation_v2_test,control
U00720,UK,tablet,ios,1.1,0.8828475034662039,0.9512799476066175,0.29107397017796827,recommendation_v2_test,control
U00721,Germany,mobile,android,1.0,0.5012091335384645,0.22004832047660783,0.5645529712066258,recommendation_v2_test,control
U00722,Australia,mobile,ios,1.0,0.2464758530834268,0.19895671159319506,0.17417814011884064,recommendation_v2_test,control
U00723,UK,desktop,ios,1.0,0.6150243819033733,0.8902579336462912,0.3814062210391361,recommendation_v2_test,control
U00724,Germany,tablet,ios,1.0,0.15973846762270916,0.3205840624499061,0.5803554567872594,recommendation_v2_test,treatment
U00725,Germany,desktop,android,1.0,0.45091526716210384,0.8355130374309944,0.4176439638881754,recommendation_v2_test,control
U00726,UK,desktop,web,1.1,0.6724395722167903,0.6427297307910954,0.15437247546592248,recommendation_v2_test,control
U00727,India,mobile,web,1.1,0.5988583701003527,0.4156834091464291,0.3739614515006196,recommendation_v2_test,control
U00728,UK,mobile,ios,1.1,0.21664553556433597,0.804546006317947,0.3439081437949858,recommendation_v2_test,control
U00729,Germany,mobile,web,1.0,0.8158333553266057,0.17646014146930666,0.07849281360193039,recommendation_v2_test,control
U00730,Germany,tablet,android,1.0,0.38933400559165,0.24706758728071898,0.5225481632832933,recommendation_v2_test,control
U00731,Australia,mobile,web,1.0,0.3092497263361561,0.20314957516739696,0.2247103714428641,recommendation_v2_test,treatment
U00732,Australia,mobile,ios,1.0,0.4170528833961479,0.8794668555898764,0.08150991069725722,recommendation_v2_test,treatment
U00733,India,mobile,web,1.1,0.8900146741599216,0.6794508332959412,0.18226045475238084,recommendation_v2_test,control
U00734,UK,desktop,ios,1.0,0.12858850912520325,0.3799983945138915,0.36670188278869253,recommendation_v2_test,control
U00735,Australia,desktop,web,1.1,0.29625473537930547,0.3458505277607903,0.4848704754045352,recommendation_v2_test,control
U00736,Australia,tablet,ios,1.0,0.5715158013452762,0.27816228389226805,0.07933405293908513,recommendation_v2_test,treatment
U00737,India,tablet,android,1.0,0.42571252374691715,0.4870454933791568,0.15145937129850823,recommendation_v2_test,treatment
U00738,Australia,mobile,ios,1.0,0.9522859075503184,0.6151355899884214,0.25977562562159634,recommendation_v2_test,control
U00739,Germany,mobile,android,1.1,0.09225764093537259,0.5425440710475263,0.4635727795494585,recommendation_v2_test,control
U00740,Australia,desktop,android,1.0,0.0473842338175986,0.024777875161596796,0.28651461330503664,recommendation_v2_test,treatment
U00741,Germany,tablet,android,1.0,0.5740555057818213,0.6843058196797618,0.08345642712574879,recommendation_v2_test,treatment
U00742,India,mobile,ios,1.0,0.6700931741485705,0.4390351122280969,0.45380728752003485,recommendation_v2_test,treatment
U00743,Germany,tablet,android,1.1,0.9922472073132491,0.7543610687316497,0.5186985572540977,recommendation_v2_test,control
U00744,Australia,tablet,ios,1.1,0.8018018166558906,0.9346832278674102,0.3113640581894609,recommendation_v2_test,treatment
U00745,India,desktop,ios,1.1,0.851036987192073,0.4313596028715073,0.500849724129603,recommendation_v2_test,control
U00746,Australia,tablet,web,1.1,0.24892069925741878,0.7096195098859123,0.46630572370611734,recommendation_v2_test,control
U00747,Germany,tablet,android,1.1,0.5735258617084483,0.5791531858639798,0.14201017562232615,recommendation_v2_test,control
U00748,Germany,tablet,android,1.0,0.7247362184512921,0.7957950048053125,0.29266852753625955,recommendation_v2_test,treatment
U00749,Germany,mobile,ios,1.0,0.8564960009015917,0.5107564867485148,0.09957534012104668,recommendation_v2_test,control
U00750,India,tablet,android,1.0,0.8763947507508792,0.30957178602997526,0.16014895654957872,recommendation_v2_test,control
U00751,Australia,mobile,web,1.1,0.4507375878182873,0.7513121446031429,0.30553142295617,recommendation_v2_test,treatment
U00752,UK,desktop,ios,1.0,0.2781467454699711,0.927847901827814,0.14079323114829678,recommendation_v2_test,control
U00753,India,tablet,ios,1.0,0.08839023541749746,0.24869038078786498,0.08212790875504028,recommendation_v2_test,control
U00754,UK,tablet,web,1.1,0.3369866188668009,0.6620496046315625,0.39685558927267606,recommendation_v2_test,treatment
U00755,Germany,tablet,ios,1.1,0.6806837756654053,0.8178159272441685,0.48583380518434816,recommendation_v2_test,treatment
U00756,UK,desktop,ios,1.1,0.07825900768357019,0.7580210831503069,0.5790081539558022,recommendation_v2_test,treatment
U00757,Germany,mobile,ios,1.1,0.9329800266492713,0.2261888898020621,0.338646153185062,recommendation_v2_test,control
U00758,Germany,tablet,android,1.1,0.12788238435231636,0.34900422555545063,0.43397955263297106,recommendation_v2_test,treatment
U00759,India,mobile,web,1.0,0.023291060004693276,0.1535216809311989,0.35928122192975903,recommendation_v2_test,treatment
U00760,India,desktop,ios,1.1,0.7783604707782167,0.41528141373879146,0.20041989393263554,recommendation_v2_test,control
U00761,India,mobile,android,1.0,0.31238781220203726,0.17820685648046553,0.06107945932313125,recommendation_v2_test,treatment
U00762,India,mobile,ios,1.1,0.6295854164725958,0.9356836393980424,0.48899256026852006,recommendation_v2_test,treatment
U00763,Australia,desktop,web,1.0,0.5640718189251569,0.061595060914180766,0.286986693575969,recommendation_v2_test,control
U00764,UK,desktop,web,1.0,0.2798259183947872,0.6858304476238237,0.5125194570143287,recommendation_v2_test,control
U00765,Germany,tablet,ios,1.1,0.5383447993330133,0.03108418000803037,0.4476136992805566,recommendation_v2_test,treatment
U00766,UK,desktop,android,1.0,0.32784203885344165,0.9356067864697414,0.3933992348144748,recommendation_v2_test,treatment
U00767,Germany,desktop,ios,1.1,0.413742324985657,0.4701822732030162,0.2096700911892187,recommendation_v2_test,treatment
U00768,India,desktop,web,1.1,0.03994192508646921,0.7950274072961548,0.20563874747372202,recommendation_v2_test,control
U00769,UK,tablet,web,1.1,0.6526280491413053,0.6081289162558029,0.5775060109382442,recommendation_v2_test,control
U00770,Australia,desktop,ios,1.1,0.7054493312345776,0.23626757727833037,0.2058182115527541,recommendation_v2_test,control
U00771,Germany,desktop,ios,1.0,0.3667430989299597,0.39096061392830594,0.3821255085160891,recommendation_v2_test,control
U00772,UK,mobile,ios,1.1,0.4375363567715046,0.7062441116832469,0.09479336468244984,recommendation_v2_test,treatment
U00773,India,desktop,web,1.0,0.6759099918155648,0.34371007699706957,0.5720890477582057,recommendation_v2_test,treatment
U00774,Germany,mobile,android,1.1,0.2573875756946147,0.6201126289473403,0.306873292573279,recommendation_v2_test,control
U00775,India,desktop,web,1.0,0.1115213439714553,0.11987913395667327,0.5994720096280542,recommendation_v2_test,treatment
U00776,Germany,desktop,android,1.0,0.9529287906260143,0.01997992422981265,0.2802223690549935,recommendation_v2_test,treatment
U00777,UK,tablet,ios,1.1,0.712886291432101,0.4636257549000118,0.5859431214412568,recommendation_v2_test,control
U00778,India,mobile,ios,1.1,0.8493915517084389,0.9289300171263591,0.19012483325364515,recommendation_v2_test,control
U00779,Germany,mobile,web,1.1,0.51585943798612,0.5231679607443794,0.5585405481657697,recommendation_v2_test,control
U00780,Australia,desktop,web,1.0,0.40006655641787603,0.13349583509185126,0.15577272215162913,recommendation_v2_test,treatment
U00781,UK,mobile,web,1.1,0.7048734679721188,0.5303450176108518,0.2559023084951639,recommendation_v2_test,treatment
U00782,Germany,tablet,android,1.1,0.881233215671709,0.5470162282063336,0.5009368170008355,recommendation_v2_test,control
U00783,India,desktop,android,1.0,0.8654318556221002,0.386373936264664,0.2677519734723862,recommendation_v2_test,treatment
U00784,India,mobile,ios,1.1,0.5448500336894607,0.660461145310457,0.2867762705602638,recommendation_v2_test,treatment
U00785,UK,mobile,web,1.1,0.3460008672380144,0.9229434198401747,0.16404433316455064,recommendation_v2_test,control
U00786,UK,desktop,android,1.1,0.8286478479269953,0.13885138675082975,0.5504654451046037,recommendation_v2_test,control
U00787,Germany,desktop,web,1.1,0.5101662932977671,0.03602490683626647,0.3233998639936289,recommendation_v2_test,control
U00788,India,mobile,ios,1.0,0.6491015991871399,0.49769712947410594,0.10127001696710325,recommendation_v2_test,control
U00789,UK,mobile,web,1.0,0.19088514657222366,0.6083007569713649,0.14779795522504852,recommendation_v2_test,treatment
U00790,India,tablet,android,1.0,0.09113144542638263,0.8757460163596469,0.21243016684220312,recommendation_v2_test,control
U00791,India,desktop,ios,1.1,0.9443692191577738,0.7149168892649178,0.0879164234529051,recommendation_v2_test,control
U00792,India,desktop,android,1.1,0.9469162284239805,0.10600249251994287,0.26778201669970275,recommendation_v2_test,control
U00793,UK,mobile,ios,1.0,0.6947983112487609,0.27384836436023674,0.23967619171891374,recommendation_v2_test,control
U00794,UK,mobile,ios,1.0,0.15816786365205648,0.4320904235794891,0.1288382221568158,recommendation_v2_test,control
U00795,Germany,tablet,ios,1.0,0.5218871538506332,0.1969798253189875,0.09199899190993507,recommendation_v2_test,treatment
U00796,Germany,mobile,web,1.0,0.13939738312098882,0.49348415776321697,0.4084985365816658,recommendation_v2_test,treatment
U00797,UK,mobile,ios,1.0,0.581247022853352,0.2342256762110615,0.2546431263338139,recommendation_v2_test,control
U00798,India,mobile,ios,1.0,0.46675292591894,0.9904421789253223,0.5979457846165234,recommendation_v2_test,treatment
U00799,Australia,tablet,ios,1.0,0.08068037841466502,0.3235734372493335,0.1807429064540375,recommendation_v2_test,treatment
U00800,India,mobile,web,1.0,0.4531919350490661,0.339662463804297,0.14919454689896566,recommendation_v2_test,treatment
U00801,Germany,tablet,android,1.0,0.8518678557465443,0.24097716026311733,0.34611641954764355,recommendation_v2_test,control
U00802,Germany,mobile,android,1.0,0.1524665089783862,0.16157862437152193,0.3867228573731086,recommendation_v2_test,treatment
U00803,UK,mobile,web,1.0,0.9297682501350731,0.04300325074005107,0.3608314619827379,recommendation_v2_test,control
U00804,UK,desktop,ios,1.0,0.4527717451128178,0.08773778308263547,0.446698580258137,recommendation_v2_test,treatment
U00805,Australia,mobile,web,1.0,0.31487847827750304,0.902369920263142,0.4880566565559484,recommendation_v2_test,control
U00806,UK,tablet,ios,1.1,0.6629215110320876,0.48003099942621696,0.5478524778518364,recommendation_v2_test,control
U00807,UK,desktop,android,1.0,0.6403750099176652,0.5461394934009635,0.11821089842044251,recommendation_v2_test,treatment
U00808,India,desktop,ios,1.0,0.8468337750111318,0.37884255697310876,0.5018553779513909,recommendation_v2_test,treatment
U00809,Australia,desktop,ios,1.1,0.13528192851118992,0.9246502196584624,0.314307939939405,recommendation_v2_test,control
U00810,Germany,mobile,ios,1.0,0.2650772885749719,0.36672417291796766,0.44463574297158914,recommendation_v2_test,treatment
U00811,UK,tablet,android,1.1,0.5471662709441008,0.44859780801713467,0.505506956870689,recommendation_v2_test,treatment
U00812,UK,tablet,android,1.0,0.9534202486534301,0.3951153632063821,0.4900429380553402,recommendation_v2_test,treatment
U00813,UK,tablet,web,1.1,0.16155072645119373,0.5861369551739308,0.11532741770256813,recommendation_v2_test,treatment
U00814,India,tablet,ios,1.0,0.6952148230600186,0.9100896741301989,0.1495554178685948,recommendation_v2_test,treatment
U00815,Australia,desktop,ios,1.1,0.41965859280950113,0.17481894162471523,0.06598938779283835,recommendation_v2_test,treatment
U00816,Australia,desktop,ios,1.1,0.5739842081524886,0.15624123976064241,0.2978813941270626,recommendation_v2_test,treatment
U00817,India,desktop,ios,1.0,0.7292712438603892,0.30965203002718433,0.347078073783166,recommendation_v2_test,treatment
U00818,Australia,tablet,android,1.1,0.6170229101605608,0.0732459861675514,0.14797377905795495,recommendation_v2_test,treatment
U00819,UK,mobile,web,1.1,0.8359210809168424,0.18645529319457765,0.17059946300770007,recommendation_v2_test,treatment
U00820,India,mobile,android,1.1,0.6217961938000195,0.6867539585414576,0.5478560159174044,recommendation_v2_test,control
U00821,UK,mobile,ios,1.1,0.5597228457776922,0.3058372404125671,0.5490783526265203,recommendation_v2_test,treatment
U00822,Germany,mobile,web,1.1,0.727873713022602,0.9153265276899616,0.3352193257932444,recommendation_v2_test,treatment
U00823,UK,mobile,ios,1.1,0.7708102818323926,0.5003156144194704,0.47232155659859604,recommendation_v2_test,control
U00824,UK,mobile,web,1.1,0.8651834547878755,0.3179845046165125,0.3159524903369087,recommendation_v2_test,treatment
U00825,Germany,tablet,ios,1.1,0.8870390203305527,0.38524706089044636,0.5980778927990074,recommendation_v2_test,control
U00826,Germany,mobile,android,1.1,0.4792733822962494,0.7984321908001345,0.5497397748832565,recommendation_v2_test,treatment
U00827,Germany,tablet,web,1.1,0.4274291908485037,0.5103259170757342,0.33011517227365195,recommendation_v2_test,control
U00828,UK,mobile,android,1.1,0.8559708001741249,0.7092740111422482,0.4876397421687526,recommendation_v2_test,treatment
U00829,Germany,desktop,android,1.1,0.03348356899710048,0.3829979421693436,0.3109288246909542,recommendation_v2_test,control
U00830,UK,mobile,android,1.0,0.6904081087789521,0.4350877508488432,0.2786230062117288,recommendation_v2_test,control
U00831,Australia,mobile,ios,1.1,0.43802678127073147,0.47398447302909097,0.36947924164001006,recommendation_v2_test,control
U00832,India,mobile,ios,1.1,0.07108739694508126,0.4509247473159945,0.16405508138165975,recommendation_v2_test,treatment
U00833,Germany,desktop,ios,1.0,0.8600064980626039,0.39635983396242025,0.4013155556726405,recommendation_v2_test,control
U00834,India,mobile,web,1.0,0.4041545356132761,0.5364864895582901,0.3027509331939626,recommendation_v2_test,control
U00835,Australia,tablet,android,1.1,0.9956698006253952,0.29506009031397196,0.48397930378393056,recommendation_v2_test,control
U00836,India,desktop,ios,1.1,0.9858532004423277,0.653987199751117,0.5443492907853048,recommendation_v2_test,treatment
U00837,India,tablet,web,1.0,0.6994237103223125,0.48431558868548197,0.5553388961402883,recommendation_v2_test,control
U00838,Australia,tablet,ios,1.0,0.13391564365355846,0.06961100179860558,0.32128468110953956,recommendation_v2_test,control
U00839,India,mobile,ios,1.1,0.5523585814504327,0.8358850175531424,0.20388768376922395,recommendation_v2_test,treatment
U00840,Australia,desktop,web,1.0,0.8846100026502804,0.1750049622898383,0.10629923824272275,recommendation_v2_test,control
U00841,Germany,mobile,android,1.1,0.1058145276846828,0.6144274948381659,0.4603997153383191,recommendation_v2_test,treatment
U00842,Australia,tablet,android,1.0,0.06162399837761201,0.4488063837722176,0.16136693988450035,recommendation_v2_test,control
U00843,Australia,tablet,android,1.0,0.4493539410331321,0.11348493310171182,0.3621526576015054,recommendation_v2_test,control
U00844,India,mobile,android,1.1,0.0711688225478937,0.9758945922813234,0.4264898382221964,recommendation_v2_test,control
U00845,UK,mobile,android,1.0,0.33446289220521874,0.1528132640522074,0.17012623321575027,recommendation_v2_test,treatment
U00846,Germany,tablet,web,1.1,0.17645765302889949,0.5566594006874488,0.19067935938374625,recommendation_v2_test,treatment
U00847,Germany,tablet,web,1.0,0.7323184221678151,0.7729970261914273,0.08693952017673515,recommendation_v2_test,control
U00848,Germany,mobile,ios,1.0,0.8681548265290678,0.5369999384184994,0.41041876750400974,recommendation_v2_test,control
U00849,Germany,tablet,web,1.1,0.47628454308368107,0.5087931387734813,0.44490322139827865,recommendation_v2_test,control
U00850,UK,mobile,ios,1.1,0.02078682447584157,0.19577160220972467,0.4901099686700767,recommendation_v2_test,control
U00851,UK,desktop,android,1.0,0.18675475571140332,0.5307564019360695,0.5153998411397432,recommendation_v2_test,control
U00852,Germany,mobile,web,1.0,0.46516813583684313,0.9561874150536347,0.2034553918777695,recommendation_v2_test,treatment
U00853,Germany,tablet,web,1.1,0.2831350763875111,0.8169480642561467,0.42722701641285027,recommendation_v2_test,treatment
U00854,Germany,desktop,android,1.0,0.8155027559254567,0.7930794326950212,0.4663149847684075,recommendation_v2_test,control
U00855,Germany,tablet,ios,1.0,0.8069229778199158,0.8624783669834785,0.16638141979952614,recommendation_v2_test,treatment
U00856,Australia,mobile,ios,1.0,0.856736684436776,0.28910328119451023,0.4350055847370832,recommendation_v2_test,treatment
U00857,Australia,mobile,web,1.0,0.6155166947581512,0.12975719007233688,0.5431338016810886,recommendation_v2_test,treatment
U00858,Australia,mobile,web,1.1,0.21638930868297468,0.9942786739158408,0.3826117923125749,recommendation_v2_test,treatment
U00859,India,mobile,android,1.0,0.07492169625946876,0.5898927472909519,0.4952685612800618,recommendation_v2_test,control
U00860,UK,desktop,android,1.0,0.589287703664628,0.5330406047863557,0.42843395320569855,recommendation_v2_test,control
U00861,Australia,desktop,android,1.1,0.9973107425466341,0.3502978422487649,0.056718504603442944,recommendation_v2_test,treatment
U00862,India,mobile,ios,1.1,0.34425778714465205,0.9399825937049925,0.39509534955906056,recommendation_v2_test,control
U00863,India,desktop,web,1.1,0.25858987104909514,0.8197385402823597,0.051683607675251125,recommendation_v2_test,control
U00864,UK,desktop,ios,1.1,0.78785995203387,0.8536341921473594,0.2683250823443252,recommendation_v2_test,control
U00865,Germany,tablet,web,1.1,0.6185402365031989,0.05891533933580351,0.16085343344591568,recommendation_v2_test,control
U00866,Australia,desktop,android,1.0,0.7414468065877132,0.8400570085219016,0.5561992987121427,recommendation_v2_test,control
U00867,Australia,mobile,ios,1.1,0.06762000762929499,0.4740562159278153,0.5121380613452964,recommendation_v2_test,treatment
U00868,Germany,mobile,android,1.0,0.02494771870665069,0.5112702394360336,0.4963782095281646,recommendation_v2_test,control
U00869,Australia,mobile,android,1.0,0.5685468550497916,0.2342956008119237,0.4516175543296806,recommendation_v2_test,control
U00870,UK,tablet,web,1.1,0.8771753663789165,0.5195860575716703,0.5077756173196433,recommendation_v2_test,control
U00871,Germany,mobile,web,1.0,0.6559531101246859,0.051952503758055935,0.5408647805268242,recommendation_v2_test,control
U00872,India,tablet,web,1.1,0.31388665631323565,0.48615830920162084,0.4579297007748154,recommendation_v2_test,control
U00873,Germany,mobile,web,1.1,0.6594672750054781,0.9788086544470412,0.45958681183331157,recommendation_v2_test,control
U00874,Germany,mobile,ios,1.0,0.5887707829895721,0.14662314286435274,0.28758133133959307,recommendation_v2_test,treatment
U00875,India,mobile,web,1.0,0.5120419334634545,0.16563308101234542,0.3747955747221478,recommendation_v2_test,control
U00876,India,mobile,ios,1.1,0.1952416230296704,0.8962851007761495,0.06441514610184487,recommendation_v2_test,treatment
U00877,Australia,desktop,web,1.0,0.2250765257745908,0.47160277916514803,0.5131107449783434,recommendation_v2_test,control
U00878,Germany,tablet,ios,1.0,0.15424362209507125,0.7201404475663072,0.3700992990007935,recommendation_v2_test,control
U00879,Germany,mobile,android,1.1,0.5189304352421411,0.6533951995074075,0.24763646867986377,recommendation_v2_test,control
U00880,Germany,desktop,ios,1.0,0.756515867645341,0.15701132415179186,0.47806642711308367,recommendation_v2_test,treatment
U00881,Germany,tablet,web,1.1,0.019422788058740426,0.27313321260667356,0.3075857585354975,recommendation_v2_test,treatment
U00882,Australia,desktop,ios,1.1,0.3756059721287023,0.8750233187739541,0.1398861084752601,recommendation_v2_test,control
U00883,UK,desktop,ios,1.0,0.7424892910556222,0.15065275743291295,0.19136100860665178,recommendation_v2_test,treatment
U00884,Australia,tablet,web,1.1,0.013972719418462565,0.002235204747397135,0.33086334745694335,recommendation_v2_test,treatment
U00885,UK,mobile,ios,1.0,0.6135939377161109,0.2284364717174271,0.3757139323267213,recommendation_v2_test,treatment
U00886,UK,desktop,ios,1.0,0.13810473786874866,0.23686060312728807,0.0664076594071418,recommendation_v2_test,treatment
U00887,Australia,mobile,web,1.1,0.8313621258830283,0.3720037567196589,0.3667084902199921,recommendation_v2_test,control
U00888,India,desktop,web,1.1,0.2362901015169656,0.29638748879301235,0.21598198856008632,recommendation_v2_test,control
U00889,UK,mobile,android,1.0,0.877913776588007,0.911987647571481,0.11029944017270271,recommendation_v2_test,treatment
U00890,Australia,desktop,web,1.0,0.4893591966233879,0.5547195240586772,0.06114231800976034,recommendation_v2_test,treatment
U00891,India,tablet,ios,1.1,0.6534048120036423,0.6604522384933692,0.3403889218068896,recommendation_v2_test,treatment
U00892,India,desktop,web,1.0,0.5840633426960506,0.044941403509207056,0.5034764122305306,recommendation_v2_test,treatment
U00893,Germany,desktop,ios,1.0,0.32717085847590577,0.9693538886985864,0.14620432402389535,recommendation_v2_test,treatment
U00894,Australia,mobile,ios,1.0,0.658527482850764,0.9918953187295984,0.17951134372096506,recommendation_v2_test,control
U00895,India,tablet,web,1.0,0.6478999201253002,0.04049895193336772,0.3226096860169039,recommendation_v2_test,treatment
U00896,India,desktop,ios,1.1,0.23783538488179112,0.8284969482679155,0.5835750811810322,recommendation_v2_test,treatment
U00897,UK,desktop,web,1.1,0.7904132683455726,0.24148906062179398,0.5254477100608319,recommendation_v2_test,control
U00898,Germany,mobile,android,1.1,0.11209923242642206,0.2883867034141697,0.3434909636669272,recommendation_v2_test,treatment
U00899,Australia,desktop,web,1.1,0.9961272576386072,0.10721084586014062,0.19926347305377035,recommendation_v2_test,control
U00900,India,desktop,web,1.0,0.49390974315439906,0.8561950631484166,0.4738076165318048,recommendation_v2_test,control
U00901,UK,mobile,web,1.0,0.6180738382440888,0.4603955870930234,0.12185489081413627,recommendation_v2_test,treatment
U00902,UK,desktop,web,1.0,0.18771592244975877,0.7563071144709534,0.2267703740783622,recommendation_v2_test,control
U00903,Australia,desktop,web,1.1,0.8774270792163887,0.12201493186283818,0.11284465453940307,recommendation_v2_test,treatment
U00904,India,mobile,ios,1.0,0.2985422487521395,0.7631870823952438,0.18489621371011478,recommendation_v2_test,treatment
U00905,Germany,mobile,ios,1.0,0.773379288138484,0.8505619435867413,0.45333966659984287,recommendation_v2_test,control
U00906,India,desktop,android,1.1,0.6813895353038614,0.23436663249506084,0.3529173907117565,recommendation_v2_test,control
U00907,Germany,tablet,ios,1.0,0.6539731467169314,0.4814804275187985,0.32673736801976094,recommendation_v2_test,treatment
U00908,India,mobile,android,1.1,0.8656870353545201,0.1414312880258628,0.25135811421904714,recommendation_v2_test,control
U00909,Australia,mobile,android,1.0,0.9896584966717438,0.49347150830638464,0.2455354602493855,recommendation_v2_test,treatment
U00910,Germany,mobile,web,1.1,0.2522507855216837,0.7257083957377433,0.20606695269326358,recommendation_v2_test,treatment
U00911,India,mobile,ios,1.1,0.0016308476298648733,0.6757485115605695,0.1877071294444027,recommendation_v2_test,treatment
U00912,India,tablet,web,1.1,0.7241072388175379,0.02448344146761039,0.4370551408040726,recommendation_v2_test,treatment
U00913,Germany,tablet,web,1.0,0.27423857222533854,0.8135265495805395,0.1382182427808443,recommendation_v2_test,treatment
U00914,Germany,desktop,web,1.1,0.03716066181935718,0.5537620942652262,0.3667324921947355,recommendation_v2_test,treatment
U00915,Germany,mobile,android,1.1,0.16274971929985638,0.3641947095058605,0.5167677779310311,recommendation_v2_test,control
U00916,Australia,mobile,android,1.1,0.07906917736795571,0.48922906718999004,0.09143186434513687,recommendation_v2_test,control
U00917,Germany,tablet,ios,1.1,0.8498585482468028,0.9812622507439888,0.4196086472647727,recommendation_v2_test,treatment
U00918,Germany,tablet,android,1.1,0.9127369011811262,0.6437583821994626,0.5359532734382388,recommendation_v2_test,control
U00919,Australia,mobile,web,1.0,0.729818921063804,0.20272175456268327,0.16623688629408803,recommendation_v2_test,control
U00920,India,tablet,web,1.0,0.18181545292377166,0.331463881981506,0.26855688154625906,recommendation_v2_test,control
U00921,UK,desktop,ios,1.1,0.986590075922091,0.6516987589111125,0.43495729843874853,recommendation_v2_test,control
U00922,Germany,mobile,web,1.1,0.2177983352203149,0.10638064931096758,0.5852907945537079,recommendation_v2_test,control
U00923,India,tablet,ios,1.0,0.6751707163810492,0.4670183574131995,0.22772051338000898,recommendation_v2_test,treatment
U00924,Germany,mobile,ios,1.0,0.5493180822758392,0.4465966901175078,0.33170253116496934,recommendation_v2_test,treatment
U00925,UK,mobile,ios,1.1,0.6385911963305415,0.8996006573833368,0.11009914131801549,recommendation_v2_test,treatment
U00926,Germany,desktop,android,1.1,0.33092077981446666,0.1951431691359864,0.1957617181930908,recommendation_v2_test,control
U00927,UK,mobile,android,1.0,0.32596360277933156,0.2712740727079913,0.4066817641228258,recommendation_v2_test,control
U00928,Australia,mobile,web,1.0,0.6897519659404748,0.17584974928100594,0.1715103242171018,recommendation_v2_test,treatment
U00929,Germany,mobile,android,1.0,0.4737677518315727,0.038958789416123185,0.20011689647619507,recommendation_v2_test,control
U00930,Germany,tablet,web,1.1,0.2150758081563342,0.31000243191393273,0.30503752024770325,recommendation_v2_test,control
U00931,India,tablet,ios,1.1,0.12624143656628217,0.12444884834835213,0.27920273964172454,recommendation_v2_test,treatment
U00932,Australia,tablet,ios,1.1,0.10736584968653018,0.5742972879655516,0.1356213584188121,recommendation_v2_test,treatment
U00933,UK,tablet,web,1.1,0.4547692924755936,0.0830827746920515,0.368589807742,recommendation_v2_test,control
U00934,India,desktop,ios,1.1,0.34034446392638773,0.8748972004725892,0.20053522419913167,recommendation_v2_test,treatment
U00935,Germany,mobile,ios,1.0,0.03491579182274651,0.2812459668742413,0.41306469863511686,recommendation_v2_test,treatment
U00936,Germany,mobile,android,1.0,0.1323852912543504,0.07755167426146636,0.5310494765136168,recommendation_v2_test,control
U00937,Germany,tablet,web,1.0,0.7600717815435403,0.7371517467171977,0.5983001835355222,recommendation_v2_test,treatment
U00938,UK,desktop,android,1.0,0.45308212080982724,0.8565751771491905,0.4507265033958443,recommendation_v2_test,control
U00939,India,desktop,web,1.0,0.7270157412683711,0.8545268680421961,0.26997317708711993,recommendation_v2_test,treatment
U00940,UK,tablet,ios,1.0,0.4784934381414848,0.5249103799549136,0.4766491977122528,recommendation_v2_test,treatment
U00941,UK,tablet,web,1.0,0.3423150062476059,0.3735910064723913,0.1236389881563499,recommendation_v2_test,treatment
U00942,Australia,mobile,web,1.0,0.42789426317924717,0.16735726931104888,0.24052371028592473,recommendation_v2_test,control
U00943,UK,tablet,ios,1.0,0.611894621342069,0.9011814192486128,0.3618110528662507,recommendation_v2_test,treatment
U00944,India,mobile,web,1.0,0.590369207184066,0.5066111397598535,0.1317409099522971,recommendation_v2_test,treatment
U00945,UK,desktop,android,1.1,0.26733271445757245,0.6124455153398519,0.08858805471686541,recommendation_v2_test,treatment
U00946,Australia,desktop,web,1.1,0.2592848009081554,0.6051768500030782,0.27551634254067153,recommendation_v2_test,treatment
U00947,India,mobile,ios,1.1,0.3432617180803835,0.23667590148701834,0.5501157236021488,recommendation_v2_test,control
U00948,UK,tablet,web,1.1,0.04953494206687581,0.1312049607157758,0.4010869800953145,recommendation_v2_test,control
U00949,Germany,mobile,android,1.0,0.7791385153436107,0.28592494883694264,0.0893730161835538,recommendation_v2_test,control
U00950,India,mobile,ios,1.0,0.617128577684646,0.8688852333918029,0.11094241726795159,recommendation_v2_test,control
U00951,Australia,mobile,android,1.1,0.36410836224197507,0.48253745124549463,0.5582685569413185,recommendation_v2_test,treatment
U00952,India,desktop,ios,1.0,0.9894399066997448,0.06521566989953631,0.5626623966041445,recommendation_v2_test,control
U00953,UK,desktop,web,1.1,0.9219643342032092,0.5073239795930695,0.2911238997915818,recommendation_v2_test,treatment
U00954,Germany,mobile,ios,1.1,0.5696450909797616,0.21434543694778307,0.44017710328372855,recommendation_v2_test,control
U00955,India,desktop,android,1.0,0.00440092190355057,0.4465811501761877,0.053331964421638456,recommendation_v2_test,control
U00956,Australia,mobile,ios,1.0,0.0819198841853277,0.27566543378716624,0.4105202527074326,recommendation_v2_test,treatment
U00957,Germany,mobile,ios,1.1,0.9163020339149811,0.5853099045855237,0.5818209262492117,recommendation_v2_test,control
U00958,Australia,tablet,android,1.0,0.7495962459853094,0.13683178400394735,0.4265032834083075,recommendation_v2_test,treatment
U00959,UK,desktop,web,1.0,0.27422982239037075,0.9553822174042486,0.22370731679866435,recommendation_v2_test,control
U00960,India,mobile,web,1.0,0.479213264641949,0.8426492406705349,0.46690097082334053,recommendation_v2_test,control
U00961,Germany,desktop,android,1.0,0.04606490010219111,0.46263031948273103,0.49812644168500536,recommendation_v2_test,treatment
U00962,Australia,tablet,android,1.0,0.5947026719176003,0.43624652094621763,0.36845886038459774,recommendation_v2_test,treatment
U00963,India,desktop,android,1.1,0.507708843533124,0.9406109981675586,0.28541549986992737,recommendation_v2_test,treatment
U00964,India,mobile,android,1.0,0.500606858106656,0.540571851888662,0.35381163412162936,recommendation_v2_test,control
U00965,UK,tablet,ios,1.0,0.6649036790414772,0.7040322731192128,0.27620441394145445,recommendation_v2_test,treatment
U00966,UK,desktop,web,1.0,0.41398737625537374,0.7868162917070124,0.5499351530524361,recommendation_v2_test,treatment
U00967,India,desktop,android,1.0,0.6822897186597314,0.7401462086960039,0.23271702832936425,recommendation_v2_test,treatment
U00968,Germany,tablet,web,1.0,0.010753717600025525,0.12297077263205258,0.13580459130513034,recommendation_v2_test,treatment
U00969,India,tablet,ios,1.0,0.2749316919703817,0.42907511598681936,0.2671624909853477,recommendation_v2_test,control
U00970,India,mobile,ios,1.0,0.6559154619738806,0.13660440277965535,0.4764834489699708,recommendation_v2_test,control
U00971,India,mobile,ios,1.1,0.805586105695467,0.12532600977445074,0.09771017255840223,recommendation_v2_test,control
U00972,India,tablet,ios,1.0,0.6302354949729884,0.023260440121767756,0.20329059930598692,recommendation_v2_test,control
U00973,Australia,desktop,android,1.1,0.2714394175643763,0.7751913198587196,0.41421711054228594,recommendation_v2_test,control
U00974,Australia,mobile,ios,1.0,0.23786403643861975,0.4425275875732855,0.3994338336761713,recommendation_v2_test,control
U00975,UK,desktop,ios,1.0,0.6958787682282754,0.5844710947114898,0.33562264907863054,recommendation_v2_test,control
U00976,UK,desktop,web,1.0,0.6804310610924562,0.3875005355387683,0.24990730085151075,recommendation_v2_test,control
U00977,Germany,mobile,web,1.1,0.6026644105465065,0.34030064366652835,0.5229175312760437,recommendation_v2_test,control
U00978,India,tablet,web,1.0,0.6950383878099182,0.3938347561850223,0.599843168084591,recommendation_v2_test,control
U00979,UK,mobile,web,1.0,0.4421062945557275,0.26871514868066315,0.43059635151258274,recommendation_v2_test,treatment
U00980,India,desktop,android,1.0,0.5063740694865626,0.8887877663650384,0.48581760576752897,recommendation_v2_test,control
U00981,Germany,desktop,ios,1.0,0.17988646470252778,0.8783828771868954,0.4405918172742829,recommendation_v2_test,treatment
U00982,Australia,desktop,ios,1.1,0.12169028737408949,0.6824892860020683,0.16919177182727757,recommendation_v2_test,treatment
U00983,Australia,mobile,android,1.0,0.3873929297643537,0.9411736093251855,0.22818875071349898,recommendation_v2_test,treatment
U00984,India,tablet,ios,1.1,0.6679238700585363,0.9204004729600596,0.2743585269097381,recommendation_v2_test,treatment
U00985,Australia,desktop,ios,1.0,0.27576207549506915,0.8797764560608707,0.31091017310125235,recommendation_v2_test,treatment
U00986,India,desktop,web,1.0,0.484960250243615,0.7166653704645288,0.20768061400139143,recommendation_v2_test,treatment
U00987,Germany,tablet,web,1.1,0.7875625625397042,0.2509096288749123,0.3970654796031749,recommendation_v2_test,treatment
U00988,Germany,mobile,web,1.0,0.7243600948428013,0.6316683855799359,0.15332339893563707,recommendation_v2_test,treatment
U00989,UK,tablet,ios,1.0,0.5952156885166495,0.9838205002316063,0.3423276025135117,recommendation_v2_test,treatment
U00990,Germany,tablet,android,1.1,0.7830883149229926,0.6555941353552872,0.4301226079956407,recommendation_v2_test,control
U00991,Germany,mobile,android,1.1,0.23790988666433077,0.9806402751425881,0.1752829550286626,recommendation_v2_test,control
U00992,Australia,mobile,ios,1.1,0.24298586196281913,0.36090279349128296,0.4430520886484648,recommendation_v2_test,control
U00993,India,mobile,web,1.0,0.48635842326661893,0.24369675423272685,0.17961187556296843,recommendation_v2_test,treatment
U00994,UK,mobile,android,1.0,0.31825055461840324,0.031155810826670405,0.3916782480175149,recommendation_v2_test,control
U00995,Germany,desktop,web,1.0,0.31704156290945307,0.8728055319953978,0.3701918875345181,recommendation_v2_test,control
U00996,UK,desktop,android,1.0,0.20827999443580514,0.811881500707928,0.5527025879980322,recommendation_v2_test,treatment
U00997,India,tablet,web,1.0,0.3107402677764569,0.1606227748095368,0.21896062349777223,recommendation_v2_test,treatment
U00998,India,mobile,ios,1.1,0.18964638154812463,0.9193969243677436,0.10670470854692046,recommendation_v2_test,treatment
U00999,UK,mobile,ios,1.1,0.7037698077660497,0.3553598703559985,0.3775248382505649,recommendation_v2_test,control
U01000,UK,mobile,web,1.0,0.4711491351387228,0.35318782972096086,0.3883765277944106,recommendation_v2_test,control
